cell_id,row,col,lat,lon,lulc,ndvi,albedo,building_height_m,building_density,sky_view_factor,impervious_fraction,road_density,elevation_m,dist_to_water_m,air_temp_c,humidity_pct,wind_speed_ms,lst_c,lst_ecostress_c
0,0,0,23.23287297297297,77.38318196286234,tree,0.8542769180992207,0.22898098756399532,3.1886974644362756,0.0,0.9681130253556373,0.10832733528736042,0.016152940068954895,487.5718596620375,2251.600707015344,38.820155198339805,29.44114207151285,2.2324457704060507,32.02,32.61
1,0,1,23.23287297297297,77.38416256410027,tree,0.7877294677753502,0.17905982677033694,0.0,0.0,1.0,0.0,0.05780323410471909,487.17352826508653,1623.5849144278925,37.482252213588865,25.704177080827833,3.5554554338997306,30.09,30.05
2,0,2,23.23287297297297,77.38514316533819,tree,0.6693783991332187,0.1371988966500157,0.5958877331964293,0.0,0.9940411226680357,0.0919094552712684,0.0,493.94148283620945,266.868346038307,38.65306241978425,20.265850975507274,1.4800307271745252,31.66,32.01
3,0,3,23.23287297297297,77.3861237665761,road,-0.10106080093967537,0.16394577229935536,5.208995610249173,0.004636310261197644,0.9453600732538496,0.9388085617046744,0.9380620429803956,506.98859361989093,1184.3833455154038,37.705398660194845,30.183675674260854,2.164400759022754,45.44,45.6
4,0,4,23.23287297297297,77.38710436781403,built_up,0.09425803202250135,0.13961731848556252,7.6980022519046,0.2840491716210725,0.7667929330893641,0.8646660435842753,0.31092447454450234,503.61383476498816,1187.0640279848649,38.25556599749195,25.68292416368355,2.2650838337208685,45.09,45.04
5,0,5,23.23287297297297,77.38808496905196,built_up,0.08764203827889382,0.18151887698505678,8.870516270891176,0.36474450372185024,0.7106853602440706,0.7603983572058085,0.3311854794543762,500.2215089686086,2366.201441321956,38.77154722509942,27.49153037671204,2.5250244471123544,43.15,43.44
6,0,6,23.23287297297297,77.38906557028987,built_up,-0.03759712499559342,0.13711370414321672,13.099690772576752,0.2877027971390985,0.7107665538477282,0.8393580594787164,0.36326955940222155,501.47606842978223,2169.531454303697,38.445589561657975,31.587668425244086,1.9461218925321238,46.29,47.05
7,0,7,23.23287297297297,77.3900461715278,road,0.05690842860439391,0.14983318686542657,0.0,0.0,1.0,0.9687138403490182,0.9036358762652958,503.86809356968075,1176.26625599227,39.002645119027314,25.19672372293929,2.905349402850709,46.01,46.12
8,0,8,23.23287297297297,77.39102677276571,built_up,0.03969266600135148,0.15495975228863007,6.919843881383069,0.38125040796737325,0.721113836804114,0.8260831305754319,0.39636385776376737,496.8580993741635,1668.1905483162345,38.5254938464308,22.572047220761874,1.7330156342651544,46.95,47.04
9,0,9,23.23287297297297,77.39200737400364,built_up,0.09077374242637436,0.1623170562114346,10.20776838945511,0.26710652558795595,0.7510137270320731,0.9004396769621066,0.3464926831016837,506.3161286188385,1680.8838285323523,38.48502012689441,25.45075109417737,2.274523769351396,45.76,45.44
10,0,10,23.23287297297297,77.39298797524157,built_up,0.0336022111393195,0.11255613784474111,11.720217994915979,0.3424274264501358,0.6944627355032655,0.8968214639733249,0.34287196228547906,508.1872782195863,1531.4561448231077,38.93939791319107,24.444350550070297,2.1491462216015633,47.07,45.43
11,0,11,23.23287297297297,77.39396857647948,road,0.047278499622848906,0.09877966403779177,0.5810690351537915,0.05964263574763547,0.9613858599872626,0.977289227066834,0.9712469777473541,500.37088060999764,1366.6923837318884,38.36496135705288,25.580531389304912,2.112198575406907,45.51,45.54
12,0,12,23.23287297297297,77.39494917771741,built_up,0.18340464541629792,0.17605190093118656,10.562752936605737,0.38218108557885916,0.6841728735655701,0.8149064748224515,0.34308113814940183,502.4751823003889,1714.8521449328023,38.48993347953597,21.090165393210857,2.0916513714498346,45.41,44.27
13,0,13,23.23287297297297,77.39592977895532,built_up,0.12495325381465514,0.10672222832286471,12.93970510598658,0.37355118688911343,0.6651497961511218,0.8006504322161231,0.40345538949727683,511.70623197390364,1407.168318389259,38.54266761028128,28.94248396035816,1.4508762005437104,44.71,44.2
14,0,14,23.23287297297297,77.39691038019325,built_up,0.12252761611431409,0.16302347626233296,14.113888306169386,0.4206401993319717,0.6275090073057217,0.7836155861280716,0.4303923099588451,508.52525511584037,1006.9031197773223,38.47299947004026,31.47040518765432,1.7197167412771563,45.74,44.96
15,0,15,23.23287297297297,77.39789098143117,built_up,0.018222495658555424,0.15514440291212253,10.04997245560959,0.4066865894267959,0.6758226512591663,0.8871703420639131,0.3273423244801282,491.0711360585253,1441.5925319865028,38.96408717998968,24.753089633970525,1.2427182762030893,46.32,45.67
16,0,16,23.23287297297297,77.39887158266909,built_up,0.04799672868338159,0.14438287357197196,7.502174640923686,0.38321853371654857,0.7142080600466614,0.8857475945519998,0.3742373003058719,493.69313623301383,652.2438081985442,38.233279289816274,25.392123101348346,1.713853754436186,45.48,44.89
17,0,17,23.23287297297297,77.39985218390702,built_up,0.08094582138510753,0.15683098391058228,11.981748927614364,0.37553898031971517,0.673636071548013,0.8648912221243301,0.41009421885103975,501.64115749847224,408.19627382644137,38.16787746676895,27.250453990729383,2.506558221239408,44.1,44.54
18,0,18,23.23287297297297,77.40083278514494,grass,0.46219202028603856,0.28131870913637824,0.0,0.0014862330914511054,0.9991825717997019,0.08868322834839329,0.03383531837100256,501.55401722523015,1783.8787657351313,38.07532784567058,24.354778801984697,2.45144669546487,33.23,33.53
19,0,19,23.23287297297297,77.40181338638286,water,-0.09491300281595137,0.11831778671636142,0.0,0.0,1.0,0.0,0.0,502.20625129540673,0.0,37.64326717136726,23.935130292219565,2.384758458501358,35.25,35.35
20,0,20,23.23287297297297,77.40279398762078,grass,0.4774941286371517,0.24060242062485038,0.0,0.0,1.0,0.1492320744166631,0.11034774561159282,511.90358348637454,1597.049505863927,39.09349683136021,24.44535515931109,1.2406719308733027,36.0,37.09
21,0,21,23.23287297297297,77.4037745888587,grass,0.45210903476343056,0.2262915674280197,0.0,0.0,1.0,0.04366008211200295,0.0319920013808775,497.6640619085866,451.16853125416185,38.13968533652255,25.896402137484507,2.392030952985662,32.26,35.01
22,0,22,23.23287297297297,77.40475519009662,grass,0.44776059725701584,0.21044709026602165,0.0,0.0,1.0,0.0839523499641828,0.00533451440302133,507.41336131820754,226.7291549573498,38.404561896388834,16.946928246762237,2.162334754167376,32.47,32.93
23,0,23,23.23287297297297,77.40573579133455,grass,0.33085206055734173,0.22009857353347276,0.24031797348076478,0.02021075680094867,0.9864809040246706,0.0730513245860453,0.0,499.94147093844043,950.5317687576805,39.12319443908419,32.0299084723842,2.508808956719303,35.15,35.97
24,0,24,23.23287297297297,77.40671639257246,bare_soil,0.21306428427934165,0.27027318250224425,0.0,0.12377090697989712,0.9319260011610566,0.19026198866346566,0.03224627460796363,505.1704754670908,1531.0331279704646,38.44324518570044,27.07568435961657,2.9474261697740807,36.97,37.22
25,0,25,23.23287297297297,77.40769699381039,grass,0.46736923592467516,0.22581522383231528,0.25083572459279035,0.0,0.9974916427540721,0.11627594014196344,0.11114583349698368,509.68545527170846,1312.191537816581,38.7057617692032,35.972437146975224,1.9526867387934377,33.92,34.5
26,0,26,23.23287297297297,77.40867759504832,road,0.08134978788635941,0.08392472273808044,0.0,0.04739249220920277,0.9739341292849385,1.0,0.9191653531161849,496.13129352461476,2246.725279300576,37.93176296576996,29.415058697540374,1.989672912054816,44.18,42.72
27,0,27,23.23287297297297,77.40965819628623,road,0.035775674986138345,0.16470085918101135,0.5171432931894812,0.012309014116271761,0.9880586093041557,0.9647254556170051,0.9877022056604091,510.862220402432,635.2591091426804,39.05934179062908,32.633725129037416,2.7377390721550516,44.37,41.94
28,0,28,23.23287297297297,77.41063879752416,road,0.008852966866773795,0.1374523557312266,0.0,0.0,1.0,1.0,0.9941381281885004,496.4028632746229,1256.5949290127446,38.45136078202407,26.702911081010008,1.8379482475426854,46.06,44.16
29,0,29,23.23287297297297,77.41161939876207,tree,0.647491512245746,0.15313557268563902,0.3104130803334499,0.0015703393789921766,0.9960321825382198,0.0016561954134682727,0.0,491.47964504035554,1376.5293395282504,38.09268225997937,24.22951792860455,2.2488603477386926,31.41,30.85
30,0,30,23.23287297297297,77.4126,bare_soil,0.0019416481984859957,0.24965268311319413,0.0,0.020951030192899033,0.9884769333939055,0.10986332249726494,0.011269167941421611,513.1161921259794,1985.245128059308,38.092390405339366,27.86735654566816,0.9974282456709896,37.41,38.64
31,0,31,23.23287297297297,77.41358060123792,bare_soil,0.01164554584927073,0.2889522880489287,0.0,0.0,1.0,0.1943265022804963,0.05913164627732502,504.7972709937629,791.4289468302047,39.17599034778809,25.283825704133292,2.015166644300732,37.99,38.22
32,0,32,23.23287297297297,77.41456120247584,bare_soil,0.16230203984460015,0.21268875004354965,0.0,0.0,1.0,0.20391603458694657,0.0018868814536000134,498.8682312510409,1063.0518999657024,38.26552917081217,20.005882894791696,2.983012668197655,36.67,36.32
33,0,33,23.23287297297297,77.41554180371377,bare_soil,0.12134443445934522,0.29620392900874676,0.37332756525595706,0.0,0.9962667243474405,0.22008741399023912,0.04304494174611056,495.55179287421896,1123.058858876776,38.10136220948374,32.05407924797739,2.3976760945857905,36.57,37.08
34,0,34,23.23287297297297,77.41652240495168,bare_soil,0.18971439378279517,0.24691717968197932,4.511755490639859,0.0,0.9548824450936014,0.1827317694397632,0.0,517.503415974955,904.362367937732,38.326772215657655,28.130972035844632,2.6902079294757453,37.3,37.62
35,0,35,23.23287297297297,77.4175030061896,grass,0.41994953060828805,0.20887753780180243,0.23900701973487565,0.0,0.9976099298026513,0.09335565976888004,0.0,500.45727868801464,1169.1358374475851,38.51814896033655,25.198790222442234,2.7711371008975036,34.69,33.47
36,0,36,23.23287297297297,77.41848360742753,grass,0.5123141278447436,0.25927182844838204,0.0,0.04081145408369777,0.9775537002539663,0.04492156097775968,0.06069369370784418,495.42019360692336,572.98357204633,38.560727776527195,29.505086546445426,2.982533773030327,33.4,33.82
37,0,37,23.23287297297297,77.41946420866545,water,-0.11113532069224304,0.12201417341593337,0.4525138418271168,0.074824407383919,0.9543214375205734,0.0,0.041914044181919595,494.78271970210443,0.0,38.67774303950764,20.187730504253025,1.9553081994147752,35.96,36.71
38,0,38,23.23287297297297,77.42044480990337,water,-0.08699903028043511,0.09984475201772518,0.6268515497783187,0.0,0.9937314845022168,0.0440153476046282,0.06926626377301577,495.32957262195106,0.0,38.593904415722456,25.63916280059202,2.7584345292021344,34.94,36.83
39,0,39,23.23287297297297,77.4214254111413,bare_soil,0.14995917410122733,0.27006458817843554,0.0,0.027808887786550603,0.9847051117173972,0.1771803785087201,0.0,499.1990438645073,1920.766352606512,38.758855486052305,29.73126704043738,3.5268612720489267,36.89,36.82
40,0,40,23.23287297297297,77.42240601237921,bare_soil,0.12180417624681489,0.24292979257555122,0.0,0.00696149608298006,0.996171177154361,0.14352859996545106,0.0,505.0842879274721,1536.676392434238,38.39090138142551,27.372322874383705,2.1808672906617783,37.16,38.68
41,0,41,23.23287297297297,77.42338661361714,grass,0.4279118079663688,0.22880977873455127,0.4703041104887515,0.030120969298454276,0.9787304257809626,0.13023749519699,0.0,498.0760083321409,1462.721976304667,39.32887179720022,30.77371243586773,1.396221367096662,35.87,35.51
42,0,42,23.23287297297297,77.42436721485505,built_up,0.05537260453765913,0.1410860791777948,12.947084075627618,0.4101787408400933,0.6449308517816725,0.9253959708617433,0.39507945009124484,499.0514867762285,1114.8696873412796,38.30462394084578,27.85614336255525,1.5812664391945717,45.91,48.0
43,0,43,23.23287297297297,77.42534781609298,built_up,-0.09101944631208188,0.13020493409328424,7.58563884535667,0.4122084496378118,0.6974289642456368,0.857643535556,0.3778342302410711,511.1733637755855,1211.6355268997672,39.040957508656625,28.735331118785858,2.180730317941736,46.77,46.23
44,0,44,23.23287297297297,77.42632841733091,built_up,0.21682497871539175,0.14697354335659712,7.584949749037765,0.3677240761847745,0.7219022606079963,0.8313626649846089,0.37368508604613515,492.4220007981656,1087.388051452872,38.26039505055426,32.90466714475093,1.0691569706019857,43.32,43.9
45,0,45,23.23287297297297,77.42730901856882,built_up,0.0703375831522348,0.1265563757703337,12.774161005727834,0.4222528911501157,0.6400192998101579,0.908328356755198,0.336758992755552,509.62022054118324,566.6847550619908,37.92889308219374,23.32571166845652,1.4918067812261502,44.92,45.18
46,0,46,23.23287297297297,77.42828961980675,built_up,-0.00330305805939142,0.10358594941726362,10.64748715571898,0.44435567888927324,0.6491295050537099,0.8198928959680185,0.3309322638014225,498.2718563575253,1548.079284107532,37.833164539901695,24.546905546188437,1.721134912593732,45.59,46.93
47,0,47,23.23287297297297,77.42927022104467,road,0.0013424817987255713,0.09399749126250496,0.0,0.0,1.0,1.0,0.953637040339139,494.08116391801667,1893.366813583396,38.62158029996,26.322573178368177,2.2659148249653627,46.26,47.48
48,0,48,23.23287297297297,77.43025082228259,road,-0.005112810123611235,0.15259866738447397,3.5090174447502513,0.0028005813187334328,0.963369505827194,0.9050725236314157,1.0,503.0982084501164,1127.6018377879434,38.964783596656396,26.907884604635164,3.2298774821184373,46.17,45.23
49,0,49,23.23287297297297,77.43123142352052,built_up,0.13736767488650334,0.16106908361064043,13.503035826030445,0.33153702781804884,0.6826242764397688,0.8659236706387196,0.3025651907902025,505.33067516592985,1292.9176775455837,38.03959143791753,32.62615643176331,2.281006751059948,44.94,44.64
50,0,50,23.23287297297297,77.43221202475843,built_up,0.09686055532920873,0.1356095082847859,9.454358189822566,0.3141783192199258,0.7326583425308152,0.8895215107342117,0.4095881614696575,495.5466531287193,1596.5741552041043,38.1490022129803,22.341202470083694,1.367889291330694,45.35,47.26
51,0,51,23.23287297297297,77.43319262599636,built_up,0.10593101747961453,0.14024293434046578,6.11641182567425,0.2851965286495885,0.7819777909859839,0.8109509024424214,0.2644398110571227,511.2642458392449,1519.6122046877808,38.65445128436989,27.882000462620887,4.126331004780838,44.41,44.5
52,0,52,23.23287297297297,77.43417322723428,built_up,0.07820233709605269,0.07429292542196515,5.21945618876779,0.3426082278652356,0.7593709127864425,0.9485244982741988,0.3220542321650767,506.9103841152995,1112.2845111997922,38.49898320199863,25.796887571793913,1.9792882904662827,46.68,47.41
53,0,53,23.23287297297297,77.4351538284722,built_up,0.08331435555733199,0.17644051546678796,8.75587134246464,0.3004423197611925,0.7471980107066977,0.9209035277062382,0.3518223128445438,508.7296407246893,1026.5808656775494,38.26574108505614,34.801929734252695,1.0712363100797688,46.07,45.11
54,0,54,23.23287297297297,77.43613442971012,built_up,0.16440045253765856,0.14820881823603835,10.54493771082274,0.33353528297390084,0.7111062172561271,0.8247262509001749,0.34993268758020113,496.4592780960851,1866.4192478988828,37.98829507949919,31.53539001471865,1.3947404538909747,43.99,43.77
55,0,55,23.23287297297297,77.43711503094804,built_up,0.06781656997588026,0.09510478316618304,5.0924370464853475,0.23241837909622942,0.8212455210322204,0.880898537877697,0.3039398275450622,502.40068620670854,1472.8233604644327,38.623630241601724,28.954769108842832,1.467512915396127,45.45,44.81
56,0,56,23.23287297297297,77.43809563218596,built_up,0.07611748430541337,0.1531521561014711,9.515792769838061,0.17487232178161857,0.8086622953217292,0.8338187379575754,0.36700412536253724,513.12226248604,2266.0823161007047,38.761172580799595,31.87537079174507,1.2847348065084987,45.85,46.68
57,0,57,23.23287297297297,77.43907623342389,built_up,-0.0017890308151153889,0.1295082410206168,5.029986315083356,0.37777107001839194,0.7419260483390508,0.9006428104074276,0.364023515474527,501.3287588900817,2131.893405601164,38.696699785356,22.722240312833744,2.2489007830324055,46.02,46.68
58,0,58,23.23287297297297,77.4400568346618,built_up,0.15267951168560834,0.17474134089968363,9.908598113473957,0.27555592031090526,0.7493582626942625,0.8883562416008779,0.38264167621020456,498.4749002432643,1285.064990866632,38.510605436801534,36.11001793786631,0.5397101559553956,44.19,45.29
59,0,59,23.23287297297297,77.44103743589973,built_up,0.1479987961734926,0.18992348326308822,6.711595407070576,0.2709201548567639,0.783877960758074,0.8675466538227349,0.3694639599099444,495.82106912606963,2421.929794526576,38.07771806244744,24.632584596894695,2.548214515176929,43.96,42.98
60,1,0,23.233773873873872,77.38318196286234,tree,0.7453257159327102,0.19594150225411658,4.397210203779385,0.0,0.9560278979622061,0.045578406177886104,0.0,498.6211962219714,735.705717386873,38.62582184841655,33.027799753406335,2.641354792060338,31.88,32.37
61,1,1,23.233773873873872,77.38416256410027,tree,0.7648709612515903,0.19259990250209977,0.0,0.0,1.0,0.08807332075944953,0.0,501.6333429396202,1809.754903229372,38.59593126169215,30.206604208385034,1.9261124970403405,31.82,31.84
62,1,2,23.233773873873872,77.38514316533819,tree,0.6130635553555654,0.20054814017106057,0.0,0.0,1.0,0.0,0.0772498631716006,490.7430315667812,615.0804791164467,37.97471394013199,29.057299265595532,2.7494276765549714,31.09,28.89
63,1,3,23.233773873873872,77.3861237665761,road,0.038001128495778934,0.09758891059937531,0.0,0.026290759957742472,0.9855400820232416,0.880425046877516,0.908550361096675,495.3982538366337,1821.825254167322,38.37906338174887,32.86089843064571,1.5354219262308602,44.11,44.53
64,1,4,23.233773873873872,77.38710436781403,built_up,0.15772810202078913,0.1730834674198272,8.934887472917177,0.19871847811649374,0.8013559623067567,0.8695426510609279,0.4088229495689845,509.8703232625085,1633.1096531854928,38.64657213559669,31.98632810474131,1.5599567692246783,45.27,46.43
65,1,5,23.233773873873872,77.38808496905196,built_up,0.008629834139692844,0.12424078989114756,14.326919506755793,0.2578073563418276,0.7149367589444369,0.7926079385924807,0.38770206204661134,496.5507260415558,792.0813485521596,38.468703854360136,28.429528676407077,2.2412765552227722,46.14,47.55
66,1,6,23.233773873873872,77.38906557028987,built_up,0.17167827072338093,0.1538316793443542,8.70823612058312,0.27972076421746495,0.759071218474563,0.9523703281929969,0.3490219272501357,511.1786244997559,1811.523304641213,37.715786285751086,26.31360545457142,1.8743742106567702,44.3,44.27
67,1,7,23.233773873873872,77.3900461715278,built_up,0.048745906300205956,0.12461176655030658,13.44471883970234,0.41829661459324424,0.6354896735766923,0.7561542011939633,0.3719912104392877,499.03028156221103,830.238604794939,38.24385847395527,28.492115832689592,1.5588527490982362,44.85,45.6
68,1,8,23.233773873873872,77.39102677276571,built_up,0.09570476568303185,0.09951209627040819,8.824606815130217,0.3131932652329308,0.7394976359705858,0.8250104367922001,0.34714086025352037,491.8754667047561,2116.152528535349,38.217249359003766,27.588773423530636,1.9097355424130973,45.08,45.57
69,1,9,23.233773873873872,77.39200737400364,built_up,0.10959699400364752,0.19383689085146166,9.747755031096403,0.3333975755088319,0.7191537831591784,0.9379207807246513,0.3268776104050406,498.573663824087,1672.7428173424303,38.72371754225446,29.415964887698976,2.655225184936003,46.11,45.43
70,1,10,23.233773873873872,77.39298797524157,built_up,0.005736451502163301,0.1613388405438095,11.758695030790916,0.4317859133089162,0.644930797372187,0.894502225150507,0.4019991341151028,499.1166247959327,865.0583372129615,39.53935336233369,32.08235829643174,2.546459435450859,47.02,46.21
71,1,11,23.233773873873872,77.39396857647948,built_up,0.20659912484500176,0.09419913153434101,6.881338134290807,0.40380921071396203,0.7090915527644128,0.9312493024088675,0.35758203383656656,507.9944295976176,282.71069003452146,38.55358608130885,21.874273959093532,2.169925078268146,43.69,43.65
72,1,12,23.233773873873872,77.39494917771741,built_up,0.050027302269131775,0.08378156578570224,12.54061366724843,0.30516275951181976,0.7067543455960148,0.7861090576983676,0.3705610081984561,508.49459481614184,1185.9174167771653,38.020813046272615,28.739478831442966,1.7536999308282089,44.52,44.31
73,1,13,23.233773873873872,77.39592977895532,built_up,0.11421035024651058,0.15613364500619278,10.187400822803635,0.3344863673088482,0.7141584897520971,0.8782445703442321,0.3745238276310033,507.15219522472205,1406.8223579598257,38.43579758966985,25.38413234889723,2.225537222920483,44.68,44.76
74,1,14,23.233773873873872,77.39691038019325,built_up,0.00989000519124042,0.16071020484107543,10.853051939385137,0.371495052067386,0.6871472019690863,0.8352682081403143,0.3223897128643848,507.11075023083544,527.7457075004194,38.504253862980406,29.29862692135769,1.4719777030736316,45.57,45.19
75,1,15,23.233773873873872,77.39789098143117,built_up,0.0203908439116149,0.13013681345984918,15.015307823071486,0.45445616016541857,0.5998960336783049,0.7679579598376387,0.4040538835500994,510.79536173586945,636.467547437894,38.80263815896195,21.216267807555965,2.4370292824862267,44.29,44.48
76,1,16,23.233773873873872,77.39887158266909,built_up,-0.07128749623578672,0.13783335132958274,13.905038862486899,0.48710218880970113,0.5930434075297953,0.8064586367819375,0.4200791641865186,482.1765408334664,1026.7984960242122,38.996848768785675,24.809970135920143,2.3193055244650718,46.92,45.96
77,1,17,23.233773873873872,77.39985218390702,built_up,0.05496735984705517,0.1745701107477291,14.45613294459827,0.4607207567771922,0.6020422543265616,0.7824724975627052,0.3845047612719569,504.07233574874795,363.27100952997375,39.05640713451399,30.42496929378734,2.824265247559285,44.48,45.85
78,1,18,23.233773873873872,77.40083278514494,grass,0.3259791702718988,0.25113967870062326,0.0,0.0,1.0,0.08959140356456158,0.044561643244528104,499.3371909866596,411.7005642838426,38.71489168138381,31.540748578284173,1.7186938970032721,34.03,32.39
79,1,19,23.233773873873872,77.40181338638286,water,0.01313341421384659,0.11012653906963676,0.0,0.0,1.0,0.0179743697356588,0.0,502.58141149229573,0.0,38.49968295002171,19.917346335057783,1.6442214692681811,35.3,35.23
80,1,20,23.233773873873872,77.40279398762078,grass,0.44576794698929006,0.18494285500429425,0.0,0.0822861306809105,0.9547426281254993,0.10296129471422771,0.0382962594160467,483.9089611113494,869.1395992788302,39.09336080226367,28.803962043925672,2.4849796602564247,34.73,34.55
81,1,21,23.233773873873872,77.4037745888587,grass,0.47767272712226083,0.22582408797842515,0.0,0.010356895832854061,0.9943037072919303,0.11832794017748448,0.08135047992794799,494.75815104849323,37.80206207551987,38.36099912031351,21.481044611996168,2.031104143179188,32.07,31.95
82,1,22,23.233773873873872,77.40475519009662,grass,0.39019375489169067,0.18708804883394328,1.8417721944499355,0.0,0.9815822780555007,0.0775821769963689,0.08703181894309019,500.0576997026691,1599.0403035355178,38.521791826635386,30.725743835003055,2.7789666584332244,36.28,35.52
83,1,23,23.233773873873872,77.40573579133455,water,-0.19850790001306529,0.031940314603810326,3.5931061446130856,0.005060768287862661,0.9612855159955447,0.005163718110457207,0.0,500.80625383160185,0.0,38.402625158174324,19.194363413787418,2.94431380395512,36.91,35.55
84,1,24,23.233773873873872,77.40671639257246,bare_soil,0.19121222693433898,0.36183492129604516,1.2098526341633233,0.0,0.9879014736583668,0.07331708347526708,0.0,512.4388946482171,623.0197420193404,37.6474833285468,24.06815810427655,3.206091778047077,32.51,32.73
85,1,25,23.233773873873872,77.40769699381039,grass,0.4277499070988093,0.23965977923737536,3.7057244984044813,0.0,0.9629427550159552,0.07976665651669827,0.03286484114042735,494.9788974668863,845.4364802209147,39.00870287739388,29.54869746264161,2.2019092238221227,34.52,34.34
86,1,26,23.233773873873872,77.40867759504832,tree,0.7447128070520324,0.1855587455350346,5.329013266396459,0.02194244083177148,0.9346415248785611,0.1075572774046914,0.0,504.2012583202422,766.5189884788483,38.770207683338455,35.83322092204425,2.6569055695642914,32.46,32.81
87,1,27,23.233773873873872,77.40965819628623,road,0.053727195797793476,0.13065543794344522,0.12467211000368454,0.12036628607373966,0.9325518215594063,1.0,0.9970898133131638,506.1142895389601,2006.3015339885542,37.55199617190783,24.31018862422619,1.8388382167374917,45.64,44.16
88,1,28,23.233773873873872,77.41063879752416,road,-0.056218157848152955,0.15110849353971728,0.0,0.0,1.0,1.0,0.9993288066204289,490.7713869465443,865.9197528049132,38.900701633290744,27.49234672633682,2.330329000676321,45.51,47.05
89,1,29,23.233773873873872,77.41161939876207,tree,0.7258519243500786,0.17440901985912857,2.135080153087969,0.17179638079922602,0.884161189029546,0.070966035426294,0.0,489.62793335488806,958.1044243545247,38.37862507812219,26.455014247702643,2.0674852665732852,32.45,32.38
90,1,30,23.233773873873872,77.4126,bare_soil,0.06358500683827259,0.2940264937592627,1.1300540894605662,0.0,0.9886994591053944,0.2992477506891892,0.0,499.0445514568146,1439.825199121304,38.895418414298355,37.65279351546425,2.12628103116252,38.9,36.16
91,1,31,23.233773873873872,77.41358060123792,bare_soil,0.1735232936261897,0.318327295646296,1.0712411974830973,0.052545635039399845,0.9603874887534991,0.16674459139860304,0.04672327841401529,507.2378332012512,1877.1747185240956,38.53031603190137,24.15709826753,3.242151029221939,37.3,37.47
92,1,32,23.233773873873872,77.41456120247584,bare_soil,0.01989384046628745,0.252784506531968,2.0578524234182547,0.0,0.9794214757658175,0.22460030868941752,0.05239217699725469,495.3889980195965,907.0971915878226,37.95706430073089,27.35816806412071,1.3832712721149447,37.48,37.06
93,1,33,23.233773873873872,77.41554180371377,bare_soil,0.05555175916560577,0.26435358640805795,0.0,0.0,1.0,0.16311609111077516,0.0,497.73516547475106,2061.6870750540606,38.510541407041764,26.541255191703446,2.197013062323102,38.4,37.38
94,1,34,23.233773873873872,77.41652240495168,bare_soil,0.09634889141297939,0.2903245064857558,0.0,0.0,1.0,0.11478147311336889,0.0,490.344013762776,1219.8580791594134,38.140619029788965,22.982613292378865,2.2322623108640585,35.41,36.52
95,1,35,23.233773873873872,77.4175030061896,water,-0.035429580682924885,0.03,0.0,0.0,1.0,0.0,0.04303077974828602,496.4249407871362,0.0,38.0108459903415,14.765363964335844,2.5859804756985367,35.11,35.95
96,1,36,23.233773873873872,77.41848360742753,water,-0.012686296216461168,0.09373702791523728,0.0,0.007945764291786261,0.9956298296395175,0.0,0.016819280509439993,504.1227212325821,0.0,38.84681160033156,22.273533609238893,1.5390016212061988,34.81,35.12
97,1,37,23.233773873873872,77.41946420866545,water,-0.08949103495685358,0.07647280226012242,1.3616934929302795,0.04156735255095667,0.963521021167671,0.023872480206230253,0.0,507.466640166912,0.0,38.65661823991521,22.8346116234255,1.9911250146469532,35.93,36.0
98,1,38,23.233773873873872,77.42044480990337,water,-0.17923131960216998,0.03,0.0,0.0,1.0,0.01988772380376754,0.0,494.822571592804,0.0,39.099027510939884,17.761999427687712,1.8425399614910858,39.07,39.52
99,1,39,23.233773873873872,77.4214254111413,bare_soil,0.05820983121906117,0.2922777024583859,0.0,0.0,1.0,0.22975790032084278,0.04811188092461252,500.73993929056485,751.8312747039829,38.34224600556014,33.6359856100639,0.8488529278141927,36.79,35.37
100,1,40,23.233773873873872,77.42240601237921,bare_soil,0.09251766825722099,0.2991086608926088,0.0,0.0,1.0,0.18070579508192627,0.005865528667241416,491.925739766005,241.66830243329844,38.11483864126227,10.99674753207304,2.897486824696658,35.02,35.19
101,1,41,23.233773873873872,77.42338661361714,grass,0.4812445569575786,0.24892394270465945,0.0,0.018446308046310814,0.9898545305745291,0.15415914574225884,0.053836441870492927,496.6666385705915,705.5203031030735,38.755521766677056,22.96611090657996,1.3126917462324035,33.45,34.56
102,1,42,23.233773873873872,77.42436721485505,built_up,0.08485868476099936,0.14743355176540643,11.55437812998548,0.40913368310596576,0.659432692991864,0.7958674137938622,0.36690753165235407,503.7668359553082,1288.1047035777217,38.16652721453495,24.70111754141765,1.0694104257035046,44.53,45.47
103,1,43,23.233773873873872,77.42534781609298,built_up,0.08665961870427544,0.19037748463238316,9.64942981831533,0.47708132887835525,0.6411109709337512,0.8132987765389081,0.3943580229182571,509.86694040064435,1052.3626004688278,38.37592205823956,27.964186896974873,2.3711320759814507,44.49,43.54
104,1,44,23.233773873873872,77.42632841733091,built_up,0.17965778324365,0.15407107660238267,8.905796736385925,0.3888312606002306,0.6970848393060138,0.9066381153053326,0.38692258807506597,491.5356767889657,1141.1951468436075,38.710038174050354,26.196371575110618,1.7568654487019815,44.76,44.93
105,1,45,23.233773873873872,77.42730901856882,built_up,0.0922113789665907,0.12477186232773174,16.875430010910783,0.4134253198810424,0.6038617739563188,0.8469093904548475,0.3976340417703236,497.0782917212893,1727.185515757877,38.44962174627993,27.1958115690171,1.6997768829074427,47.04,46.03
106,1,46,23.233773873873872,77.42828961980675,built_up,-0.02006394373497908,0.12639037861263303,13.47918068589911,0.4741418103130367,0.6044301974688387,0.8113352143497004,0.314407134551254,504.5395714429637,925.2861268315731,38.30450760874961,29.940223144174333,1.7098647373435423,46.52,46.66
107,1,47,23.233773873873872,77.42927022104467,built_up,0.06388532493467636,0.16629215074211473,9.365712517374785,0.29095035387637636,0.7463201801942452,0.7849457782197059,0.3503982234288112,485.09261481221694,1102.2089372717166,37.93893514810612,33.828277845410376,2.5559730892649153,43.46,42.78
108,1,48,23.233773873873872,77.43025082228259,built_up,-0.003525790974639509,0.18919817020596796,16.00244275859096,0.32961447072416705,0.6586876135157985,0.8628379340018959,0.3115838507201259,497.5254751835639,2167.1361348696764,38.874756562284915,31.20972278516765,1.6137548618096647,47.42,46.64
109,1,49,23.233773873873872,77.43123142352052,built_up,0.051998687136410884,0.1314188761328866,8.091297663406085,0.43286227757176365,0.6810127707014692,0.6868366648737987,0.33228810713873513,499.6329112469163,950.0733888450436,38.352629256211785,28.224613676526538,2.230774243842224,43.49,43.81
110,1,50,23.233773873873872,77.43221202475843,built_up,0.13181273046387004,0.17606081851911423,6.770228583180622,0.4729939800955648,0.6721510251156331,0.7788370587823242,0.4015452272670337,501.19862158828556,1044.5429480095845,38.7472371813372,27.679433769194823,1.3165792683735993,43.44,42.79
111,1,51,23.233773873873872,77.43319262599636,built_up,0.05543798421944983,0.1389946162801906,10.668999608450907,0.3148293560551111,0.7201538580851798,0.8383030021160804,0.3191730870828962,490.279603783409,904.0632608648243,38.69439703206468,32.405646242202785,2.129595617891198,44.99,44.27
112,1,52,23.233773873873872,77.43417322723428,built_up,0.011001522038273634,0.12739535261748444,11.071932465416506,0.35915246958032726,0.691746817076655,0.9487172388330325,0.2615818794512033,503.7547277297135,1332.773133360876,38.93651481850494,35.53693929503581,2.403570373059815,46.72,47.04
113,1,53,23.233773873873872,77.4351538284722,built_up,0.12894022054231802,0.16149395612931228,9.416452219529598,0.3538033122050831,0.7112436560919082,0.8127965393540757,0.37454719917417817,484.9689915830184,1735.3134055888506,38.405772661015185,30.553171772181877,2.691576934096036,45.23,43.9
114,1,54,23.233773873873872,77.43613442971012,built_up,0.0786095933458334,0.12538813886506736,9.08140603290925,0.32904969428302167,0.7282086078152457,0.9148651880240251,0.4793397465299405,509.75896659320307,1082.0436393916148,38.360912492359034,26.03958169937381,1.1323955238673586,45.23,44.94
115,1,55,23.233773873873872,77.43711503094804,built_up,0.11778690945711674,0.16019987498172453,7.179481703773556,0.2656038682140002,0.7821230554445643,0.8468359535541605,0.3823083041080574,487.1055338591886,1022.5099758272675,38.05669260713619,29.036912545828116,1.8457645799783264,44.86,43.48
116,1,56,23.233773873873872,77.43809563218596,built_up,0.11435910253942438,0.1412517083981174,12.85875600057025,0.2495155176524344,0.7341789052854586,0.9676082466724728,0.28848030225721677,483.76669024937394,1372.1787585649795,38.28293967679593,30.321248846365457,2.823124615981973,46.24,45.02
117,1,57,23.233773873873872,77.43907623342389,built_up,0.011932464305239449,0.13883733007865365,8.95568492710898,0.30155067943682545,0.7445902770386562,0.807879448390161,0.36730624610318763,497.46130308186264,1972.5464934671336,38.63646538434838,25.779416782177982,2.471851761150028,45.59,46.64
118,1,58,23.233773873873872,77.4400568346618,built_up,0.0691776648483016,0.11106057731400233,4.7390863194662485,0.29381412525714323,0.7910113679139088,0.7865397714318688,0.2960015258398089,504.2196584731759,551.3403945174422,38.17317821771225,31.463018022765432,1.9066647140576458,43.22,42.85
119,1,59,23.233773873873872,77.44103743589973,built_up,0.16473160269997472,0.1447914915318662,8.66372675577093,0.2415950363058041,0.7804854624740984,0.8882186148171469,0.3498838026561042,494.5112268580736,1559.9123483257943,38.62631479154964,29.05616626010621,2.008911977420438,46.22,45.57
120,2,0,23.234674774774774,77.38318196286234,tree,0.6190328726736372,0.13094018605352584,0.0,0.017476363380485697,0.9903880001407329,0.04983708390969342,0.06195917062223011,492.6400811826514,1748.0233705244236,39.08691680992548,32.65863237522466,2.3690674866489227,33.97,34.74
121,2,1,23.234674774774774,77.38416256410027,tree,0.7131677668562831,0.15170864415777213,0.9632691767822974,0.0,0.990367308232177,0.018544040292730067,0.021679963485763665,498.96375691250086,1363.3313908403868,38.32191510352269,24.09303269009164,1.968596500187438,31.69,33.14
122,2,2,23.234674774774774,77.38514316533819,tree,0.6952444110053521,0.14085154383319087,0.18691353973718072,0.0,0.9981308646026282,0.0,0.010372006235895717,505.87221235337745,1512.8067538454907,37.974252196365384,21.03408952843479,2.5263999006750875,32.2,32.43
123,2,3,23.234674774774774,77.3861237665761,road,-0.0018685325014553347,0.09285961826396427,1.58953315547192,0.0,0.9841046684452808,1.0,0.8750393690027864,488.67673673341613,1143.0488875263925,38.334639539079845,26.428984557535948,2.4784461750281648,46.81,47.73
124,2,4,23.234674774774774,77.38710436781403,road,0.16020744857585067,0.160322580800428,1.766219389492839,0.017827118914772497,0.9725328907019467,0.8868861515993762,0.9562703265152279,495.6062278515202,972.4058200771428,37.93093600619267,28.094947559140476,1.514309200120409,42.71,42.21
125,2,5,23.234674774774774,77.38808496905196,built_up,0.08928818539847956,0.12586669971659906,11.864079149731834,0.2415912488198434,0.7484840216517678,0.8537505711172991,0.31483611105943826,496.7229133686744,1514.0099649385807,39.033689414401465,20.796388821630654,1.7143672524529154,46.15,46.2
126,2,6,23.234674774774774,77.38906557028987,built_up,0.012961528243395984,0.14492696417937395,9.333812228540884,0.3138958136929614,0.7340191801834623,0.826471375699454,0.34381792435252295,493.8573078994943,1346.6196224952294,38.53394053430221,25.56616676461129,1.7224715109236808,44.6,44.61
127,2,7,23.234674774774774,77.3900461715278,built_up,0.06330940270003546,0.12166152388799119,14.008963363185973,0.3760206370330527,0.6530990159999612,0.8308643883688522,0.3558344172329883,491.78543890581193,1106.5044346362247,38.20861850650054,33.13422200078492,1.7626874079807235,45.38,45.67
128,2,8,23.234674774774774,77.39102677276571,built_up,0.06079535297370515,0.10259618270270354,11.168091980348796,0.3380978267621724,0.7023652754773172,0.8322266666276298,0.32725120563506577,523.6727247251448,975.8666898741274,38.27605752775939,30.133134174213883,2.0807293654892085,45.45,46.32
129,2,9,23.234674774774774,77.39200737400364,built_up,-0.04412061723314965,0.09200204087123495,12.258727949234366,0.43809578332278853,0.6364600396801225,0.8159101404313573,0.40115798678541853,505.93271999874037,1195.209428168122,38.02715477047574,28.55291058732074,1.9726230001780134,46.35,45.03
130,2,10,23.234674774774774,77.39298797524157,built_up,0.06437322297376788,0.14542610679246962,12.71004751013876,0.39879547605788174,0.6535620130667774,0.8161595849100652,0.34303171811894756,515.8501076377754,1398.848903495811,38.90445607144933,23.776862253533004,1.523125276048505,45.33,44.53
131,2,11,23.234674774774774,77.39396857647948,built_up,0.1321595256129569,0.15619654961747698,11.350658061536892,0.39177378748722214,0.6710178362666589,0.8948695312662489,0.3787456894124273,502.11114782409237,910.1976263464879,39.23487848403104,33.00112786170557,2.608838176020522,45.48,45.04
132,2,12,23.234674774774774,77.39494917771741,built_up,0.10313352833290831,0.13798976190595752,10.042137174002246,0.52742338123051,0.609495768583197,0.7730474346146086,0.38834051436229927,493.0986324459694,1307.0859283468837,37.90236287886677,26.33061700228252,1.8589161078635879,44.35,43.48
133,2,13,23.234674774774774,77.39592977895532,built_up,0.2341152511454111,0.11112893015527812,9.14299636257949,0.3994790363394029,0.6888565663875335,0.8076391521184318,0.38536225403761204,495.72376451149364,1553.5036058267058,38.91730438237703,28.379977308088108,2.6950703057846277,45.37,45.58
134,2,14,23.234674774774774,77.39691038019325,built_up,0.0002486520919958435,0.08579505493537326,10.514227711877147,0.3285102855617697,0.7141770658222552,0.9259134456382725,0.28880786038020007,491.6985064986344,1418.9502828166155,38.401659705199854,29.62960758996193,2.7137946196243705,47.09,47.29
135,2,15,23.234674774774774,77.39789098143117,built_up,0.04481816299627964,0.0944483609039719,16.314441487299185,0.3631318900130577,0.6371330456198263,0.8401871096251725,0.34163229919575877,505.6824732157326,1429.6193281441774,39.00699614165518,28.68500497224146,1.3373991392966835,46.6,46.65
136,2,16,23.234674774774774,77.39887158266909,built_up,0.030391937736139664,0.1302251834767008,10.768608297572095,0.45662234185498607,0.6411716290040368,0.7915839042570699,0.4307244222702313,493.92653290032445,1181.0630464688495,37.76646873837938,33.96711257893041,1.63225521952198,45.3,44.94
137,2,17,23.234674774774774,77.39985218390702,built_up,0.0104006336184055,0.10105522965078151,9.264480461540527,0.3762777066461643,0.7004024567292043,0.8292871487922584,0.31084139884945033,505.5644193703537,781.6632504585355,38.59015787983131,30.300455290220576,1.7159977563326045,45.69,46.9
138,2,18,23.234674774774774,77.40083278514494,grass,0.3963710703928851,0.20821093407648195,2.482097196740736,0.01074380868051996,0.9692699332583066,0.09501552350562652,0.0,490.8583323210903,522.4213991217089,38.336840209153344,29.35336928919115,2.3586331323552536,34.01,34.2
139,2,19,23.234674774774774,77.40181338638286,water,-0.021588926579659204,0.09591689369394943,0.0,0.0,1.0,0.0,0.0,503.68240824972946,0.0,38.76363561830787,19.65428169885517,2.635845401222162,35.83,35.69
140,2,20,23.234674774774774,77.40279398762078,water,0.0248700646578478,0.11751079473550995,3.2737008511668058,0.03356784874740631,0.9488006746772585,0.0,0.023911635381183363,497.2093384437707,0.0,38.5244567508888,21.7276242527115,2.2412949926326866,34.84,34.9
141,2,21,23.234674774774774,77.4037745888587,water,-0.07574323701700478,0.08787081075809046,0.3176816560737727,0.0870133213680429,0.9489658566868386,0.0,0.07353151310674905,498.5107695403669,0.0,38.508902405234075,19.160014979813802,1.8312946223500233,35.11,35.78
142,2,22,23.234674774774774,77.40475519009662,bare_soil,0.07486741610141663,0.23047578211829256,1.6341418639641,0.0,0.983658581360359,0.20843338331023503,0.05536868120663391,494.6238645714709,989.5985647667637,38.45760537501523,28.75751615895799,3.1701042711325282,37.83,38.02
143,2,23,23.234674774774774,77.40573579133455,bare_soil,0.04179800340503906,0.2683492867314641,6.435059063183431,0.03889665820552209,0.9142562473551284,0.18676347905531976,0.0,499.65893283474855,1181.3586413751618,39.12491954909939,26.633142502926916,1.8705117202782129,39.62,38.84
144,2,24,23.234674774774774,77.40671639257246,bare_soil,0.09485581757125452,0.29590177587313393,0.0,0.0,1.0,0.21850977285251025,0.0,505.8321380229003,1102.7979630541965,38.4300105138868,26.00226647727903,2.645097121993158,38.57,40.16
145,2,25,23.234674774774774,77.40769699381039,water,-0.2,0.0832849737668284,0.0,0.034668100482783064,0.9809325447344693,0.0,0.07404336866027278,508.57050275498085,0.0,38.84571329894524,16.33576327219956,2.1610931405733305,36.15,36.57
146,2,26,23.234674774774774,77.40867759504832,grass,0.328755608169515,0.19734696229625878,0.0,0.09128690434385471,0.9497922026108799,0.09948426703599243,0.06733675216732667,497.7197526995953,1010.1662558596772,38.75140533559106,26.915234218967434,2.1175022629642193,36.52,35.48
147,2,27,23.234674774774774,77.40965819628623,tree,0.7180423786494655,0.21319617955777337,0.7790618891864965,0.0,0.9922093811081351,0.13112570690432085,0.008287380040547474,496.35583900898683,318.26034105492226,38.855523642750725,26.65282124822113,2.5961359086774762,31.44,29.81
148,2,28,23.234674774774774,77.41063879752416,tree,0.7580639754696802,0.18303037918985648,0.24981414150475523,0.0,0.9975018585849524,0.021239107993360862,0.005216782926782806,503.70528696901823,1413.5362161678436,38.09409982145832,35.31750437556467,3.122678108623826,31.25,31.87
149,2,29,23.234674774774774,77.41161939876207,tree,0.706138104697524,0.20846812482950278,0.0,0.0,1.0,0.05992077874536822,0.0,501.86174647263397,321.3734574831723,38.78286922653403,31.968421835883632,2.38299490061693,32.04,33.2
150,2,30,23.234674774774774,77.4126,water,-0.16166361759902587,0.03,0.0,0.0804816851154547,0.9557350731864999,0.0,0.02574341517732509,518.8185111784991,0.0,38.63474777448208,19.463896799961844,1.8729398128542876,36.51,36.92
151,2,31,23.234674774774774,77.41358060123792,bare_soil,0.07408727732471866,0.2611729419179249,0.001645520557515654,0.0,0.9999835447944249,0.17209565000932842,0.0494101563703796,508.2092502461777,269.0182692220261,38.02421738643833,18.30675388972868,3.088023185929874,35.37,35.92
152,2,32,23.234674774774774,77.41456120247584,bare_soil,0.07090982892598682,0.26607986839259823,1.49772236541313,0.05715377942528282,0.9535881976619631,0.33509839671369424,0.0,496.67417028526376,1388.2623374700254,38.41504171573258,30.46022056138618,2.4499634814770688,38.79,39.36
153,2,33,23.234674774774774,77.41554180371377,bare_soil,0.07906699686270843,0.27577114415528453,0.0,0.0,1.0,0.20616166150757728,0.0027055616278883884,510.1698484020552,1099.2375138377724,39.41771182983777,35.76911750323333,2.3022176391563938,38.57,38.57
154,2,34,23.234674774774774,77.41652240495168,bare_soil,0.044715151301149655,0.27225703381061434,0.0,0.0,1.0,0.2317752984076499,0.00010638240185346926,507.3800659159845,116.55387456097617,38.34327742409949,23.186240894329,2.816604773710929,36.18,34.67
155,2,35,23.234674774774774,77.4175030061896,water,-0.11454768383942518,0.06573462504836644,2.389621456533015,0.03363813840833113,0.9576028093100877,0.0321126075044149,0.06165640152336405,497.0553031257075,0.0,38.352940093816464,13.119785212079009,2.352743039293858,35.9,35.27
156,2,36,23.234674774774774,77.41848360742753,water,-0.16265236905278416,0.04757366750702919,1.8818664287458469,0.0,0.9811813357125415,0.028638281420947893,0.004052527748853044,508.574821829239,0.0,38.68028403969912,23.452658128149796,3.646514312455352,37.87,38.59
157,2,37,23.234674774774774,77.41946420866545,grass,0.45336293677773165,0.2352779497877472,0.0,0.0,1.0,0.12372147199217098,0.0288284876347745,496.74148866156577,1074.9412154295082,38.28365178548341,32.16127910730289,2.2011143034221723,33.64,34.17
158,2,38,23.234674774774774,77.42044480990337,grass,0.5456735704702997,0.20670944779780323,0.0,0.0,1.0,0.09788235309214426,0.056275340449615685,506.6895849254469,1177.759212094226,38.55618127060496,36.79695582869192,2.8897918749984317,33.98,33.8
159,2,39,23.234674774774774,77.4214254111413,water,-0.042649985615147004,0.10193691205640726,2.782375574230657,0.04921513277387809,0.9451079212320604,0.07849890980536256,0.0,489.38353566110794,0.0,38.3204363478694,19.006614388815688,2.411065085469753,36.0,35.51
160,2,40,23.234674774774774,77.42240601237921,bare_soil,0.16683319135936658,0.3270998618014342,3.2032258904242648,0.09727362279322826,0.9144672485594818,0.23099269901632666,0.019152423677545126,488.92013502939403,1295.0001089221855,38.66095444452484,28.55427501451682,2.37893671428851,38.26,38.42
161,2,41,23.234674774774774,77.42338661361714,grass,0.4168497985877209,0.22634530040297413,0.13628296577414023,0.02358667944250675,0.9856644966488799,0.09513346452307447,0.0674008076293034,478.2147654969995,1245.8786830262281,38.475245125801855,29.800960800754837,1.971384342471792,34.02,33.71
162,2,42,23.234674774774774,77.42436721485505,built_up,0.1521493867491537,0.19610145525368644,13.38805723397513,0.5143320652725967,0.5832367917603205,0.8584467997879371,0.3501145030370825,504.235325145822,1160.029227695988,39.28079711824581,24.944089179981006,1.654699480070221,46.1,46.03
163,2,43,23.234674774774774,77.42534781609298,built_up,0.033058551918958366,0.12454279267604303,8.670169219044194,0.45122272227263927,0.6651258105596065,0.8505695906250238,0.3355885553296761,495.46652994530166,1425.6833712175362,38.5184027838011,24.581700071326367,2.1633755466181364,47.46,47.58
164,2,44,23.234674774774774,77.42632841733091,built_up,0.1268268908366042,0.10608458010484453,8.11670270698759,0.4668998647261088,0.6620380473307643,0.7812433380755702,0.37189947335289936,512.9352735900321,1995.0551465437134,38.41095563129978,29.597430723667664,1.4520621262068028,43.96,43.26
165,2,45,23.234674774774774,77.42730901856882,built_up,0.1242723554379255,0.16126428545966365,16.84429971261042,0.2964937970263478,0.6684854145094045,0.8267832161959682,0.38393967396306405,497.30170393726434,1818.3322521121654,38.91177450006039,21.82788416337772,1.6087305655865118,45.27,45.99
166,2,46,23.234674774774774,77.42828961980675,built_up,0.07763875638138844,0.14395231581012793,10.400003498644926,0.3808101295232464,0.6865543937757652,0.8226445018426174,0.36084665187347104,493.80348027341705,1688.7427818249541,37.94356621265642,22.73190623819978,1.9321960049797229,46.12,45.97
167,2,47,23.234674774774774,77.42927022104467,built_up,0.1191935554761694,0.17298249322909523,8.130367109665153,0.3153808958576607,0.745236836181635,0.8497907122184118,0.4659520245423808,510.1296702247566,949.2756314986807,39.17668901586987,31.262708783438324,2.644191765816278,45.11,45.55
168,2,48,23.234674774774774,77.43025082228259,built_up,0.10547072806588045,0.16182760722331052,7.391806350532781,0.4619658759339369,0.6720007047310068,0.8416287936589529,0.3463727662156856,500.19027727547086,1813.758253329133,38.10460770528258,29.991356750008343,1.9533404181931346,44.87,44.93
169,2,49,23.234674774774774,77.43123142352052,built_up,0.034689070507915525,0.08879089985646645,11.474651933792748,0.28415593817781226,0.7289677146642758,0.834944820243223,0.3974749715943527,504.6327512280699,1778.25692198307,38.97697904792573,32.998965821774675,1.9960983567598998,46.46,47.85
170,2,50,23.234674774774774,77.43221202475843,built_up,0.11722108191216973,0.21231003466350226,9.04580888561262,0.3988373316285468,0.6901813787481731,0.8280939764393674,0.3882720507965948,499.50740099159606,2132.6644445697375,39.08264389720412,29.85293264629645,1.3709053123862718,46.36,46.85
171,2,51,23.234674774774774,77.43319262599636,built_up,0.04815104267588142,0.18221379577150953,11.843320218855705,0.369650095284283,0.6782592454050873,0.8771221168929962,0.36045057550116766,502.8476374420145,1186.5139571139712,38.28967748716793,28.041690177362856,2.803343328079481,44.58,44.95
172,2,52,23.234674774774774,77.43417322723428,built_up,0.037904689546700523,0.1299478664011241,5.991844415492194,0.405475878519445,0.7170698226593832,0.788241801391226,0.341294117790572,505.18436033184827,1726.8726235110894,38.32811483465975,33.15627687798301,2.5401142628080975,45.8,46.13
173,2,53,23.234674774774774,77.4351538284722,built_up,-0.026479116210234313,0.13724455774324767,11.18371952705057,0.35785944636808803,0.6913401092270458,0.9172037478836772,0.3171277240034159,483.6076709584784,1730.0532464097769,38.45632879438474,26.308518068604876,2.5698484508017185,46.21,48.09
174,2,54,23.234674774774774,77.43613442971012,built_up,0.047774832822890745,0.08724378207242008,9.46837676514786,0.40845305574839086,0.6806670516869064,0.7868373691093651,0.4434398381578907,493.2969472437067,1386.5778118952987,38.74861855530227,26.666647355008305,1.1587259085534527,44.82,44.78
175,2,55,23.234674774774774,77.43711503094804,built_up,0.0068520549291434946,0.14124831046088043,9.356460730413016,0.2639142920839224,0.7612825320497124,0.9912913484475455,0.3301865132392522,496.04429954155177,1846.214694875787,38.10077674437523,27.74192713221882,2.180719142408317,46.28,46.43
176,2,56,23.234674774774774,77.43809563218596,built_up,0.18885529300090814,0.1737931060401291,6.510138481474168,0.3403560606508357,0.7477027818272987,0.7559313758807502,0.38606820325289426,486.9184948917563,979.1398250838852,38.45630953339168,29.801861761067414,1.4718382282709563,42.97,43.06
177,2,57,23.234674774774774,77.43907623342389,built_up,0.07980790975812137,0.15335019683423037,8.67929994537032,0.39670419072255836,0.6950196956488897,0.8861619791096139,0.37578899016256834,490.1647927841227,2249.8657519307067,38.37463009246724,27.733510626773416,2.338115358322859,45.38,43.61
178,2,58,23.234674774774774,77.4400568346618,built_up,0.031816091343289304,0.19212627298961282,14.202154308980596,0.3372994932848555,0.6724637356035235,0.901600654883971,0.22668320947772524,498.43998067607697,1971.08281995977,38.0394750290707,22.059809206475194,2.0794955922221727,45.55,45.63
179,2,59,23.234674774774774,77.44103743589973,road,0.08547061609884507,0.07340829985700367,0.0,0.0,1.0,1.0,0.874666863950927,509.04382274230056,2031.5378554578424,38.081998290896465,26.93363187102935,2.511298194883116,45.34,46.25
180,3,0,23.235575675675673,77.38318196286234,grass,0.4215379911356101,0.23563827791362266,0.0,0.012095419750743307,0.9933475191370912,0.04263702883784251,0.054899704929596366,486.8705181582047,526.6127742617359,38.55129877112575,27.873771779300554,1.765323551926795,32.58,33.04
181,3,1,23.235575675675673,77.38416256410027,tree,0.7126843009999805,0.1736627016116616,0.680754326379376,0.0,0.9931924567362063,0.14428458328927946,0.02642419957517768,501.8630542281298,1519.3309967932746,38.54421014153446,28.459281607993887,1.5718015966813028,32.71,34.07
182,3,2,23.235575675675673,77.38514316533819,tree,0.7801745921368847,0.19728052243453392,1.105044749270698,0.036799205243279544,0.9687099896234892,0.0,0.0,499.39153003758844,1301.3448618170542,38.19440911014135,26.202398302278212,1.7928396244869327,31.08,31.79
183,3,3,23.235575675675673,77.3861237665761,tree,0.7547885906428925,0.18060050706550515,1.4546623361355264,0.0,0.9854533766386447,0.049462771479565265,0.0,503.0948634749712,440.8574788183397,38.531696811296186,30.022464026220835,2.370804635808416,30.51,30.96
184,3,4,23.235575675675673,77.38710436781403,tree,0.7408986059124527,0.13593001857308662,0.0,0.04474638457246245,0.9753894884851456,0.06136899942992088,0.0,494.62084924244783,609.4993997174848,38.241218895736225,21.55789691778076,2.0344358956754505,29.79,30.59
185,3,5,23.235575675675673,77.38808496905196,tree,0.6183144900236883,0.18352989528401922,1.4007458589002582,0.022030296035784477,0.973875878591316,0.08013134074398755,0.019523565964567263,497.81287825000027,804.2342829694577,39.02283640446487,29.663038225025314,2.3273195302693623,33.32,33.65
186,3,6,23.235575675675673,77.38906557028987,built_up,0.05359521969497007,0.1003595484402149,7.950629817263918,0.36113821845892613,0.7218676816749514,0.8441096956229539,0.472589121515791,489.2336352199599,1259.213821539693,38.458807246698306,35.171439346492136,1.409212665495265,46.09,45.84
187,3,7,23.235575675675673,77.3900461715278,built_up,-0.005423926672223453,0.12836642372090148,9.369114679070314,0.40744634049889367,0.6822133659349053,0.8275166730391039,0.34234721599775364,496.55745630022227,602.6690242901518,38.93901399385138,25.57276787007297,1.9169246401777762,45.5,45.38
188,3,8,23.235575675675673,77.39102677276571,built_up,0.04087385769241356,0.1285418985474855,10.590402309350814,0.4014483179736671,0.6732994020209749,0.8382701745144485,0.3399129494407461,486.23349473210357,1554.9560871101557,37.82292415324091,28.23044152412286,2.6401778755528587,44.49,42.35
189,3,9,23.235575675675673,77.39200737400364,built_up,0.038246126770997556,0.16241369714689327,13.861371191541114,0.3721800725089295,0.6566872482046776,0.7988344359617053,0.34933205547654805,502.7896159841491,1109.7109291724657,38.62910632983239,27.01189899653332,2.0699035001016277,45.91,47.35
190,3,10,23.235575675675673,77.39298797524157,built_up,0.04615769543724057,0.1569059663209224,11.973841090083003,0.37210002439802903,0.675606575680254,0.7672966917369655,0.3682551274151781,493.861382452469,1357.5388873264922,38.73843150310782,27.079318558605177,2.120733007310245,44.47,44.29
191,3,11,23.235575675675673,77.39396857647948,built_up,0.08906943390074222,0.08333157718872006,11.087149788682133,0.42273065017133526,0.6566266445189443,0.8818576207655243,0.3546946300438525,484.1825116484033,1872.3499334876187,38.444846652233146,23.886124746540773,2.106373883215736,46.13,45.19
192,3,12,23.235575675675673,77.39494917771741,built_up,0.10466136005255483,0.1039004201188857,9.064239616768438,0.4158921005933213,0.680616948505989,0.8839892096649128,0.33048148574609193,506.6042032590326,321.4400978966123,38.28445861661399,35.96623425489194,1.6510254983928239,44.16,43.83
193,3,13,23.235575675675673,77.39592977895532,built_up,0.01745245933437277,0.07806907970473753,8.933703227225838,0.4867850062289939,0.6429312143017949,0.9528901117292701,0.3593836187292177,494.8925663418516,1091.6211833888065,38.438446219534804,29.543141057314607,2.724989065169594,47.74,49.32
194,3,14,23.235575675675673,77.39691038019325,built_up,0.10840039344998133,0.09311057445082754,9.88361141214272,0.4898850683343565,0.6317270982946767,0.7977144965335818,0.3200390040295383,500.1055492478515,1329.2647705992404,38.7969860702106,25.316813671492824,2.0585785175920828,45.85,45.91
195,3,15,23.235575675675673,77.39789098143117,built_up,0.04249975722803167,0.1423089314975587,12.966125758354417,0.5226665472777539,0.5828721414136911,0.8436877810282609,0.34834810738637745,512.2196187678361,899.0302575646144,38.015786691884365,24.861414026483878,1.9215083339194963,45.39,45.62
196,3,16,23.235575675675673,77.39887158266909,built_up,0.0005388180342691534,0.14750746926976888,14.261600646813335,0.44877911535386394,0.6105554800872415,0.8451492171226377,0.2920642650746064,499.533046037853,1776.809989862431,38.780195921762974,28.246004868987075,2.205263727317831,47.39,49.27
197,3,17,23.235575675675673,77.39985218390702,built_up,0.00595297510764671,0.13265758478590187,10.720496665448385,0.40163840296046616,0.6718939117172598,0.8623961502259503,0.3677322096502403,503.4626152383475,659.1799222091212,38.627346282428235,19.32930752068731,2.4016075898990095,45.05,45.8
198,3,18,23.235575675675673,77.40083278514494,road,-0.06875902166002096,0.11787165309592186,0.0,0.0919156189843393,0.9494464095586134,1.0,1.0,492.4791127917223,1420.387840002094,38.39568301532003,32.21128807286745,1.4232631251162673,47.97,47.71
199,3,19,23.235575675675673,77.40181338638286,grass,0.5022571510350891,0.24275062700633207,0.0,0.0639582451482663,0.9648229651684536,0.10002374931832614,0.03512424499741758,487.69733238578283,1447.0036099100266,38.41277493772819,25.944597623874426,2.202386232382359,32.05,30.52
200,3,20,23.235575675675673,77.40279398762078,grass,0.4343752971856554,0.23394336586301576,0.5877842495115456,0.009046828833188544,0.9891464016466308,0.0977143213766658,0.06146398938641816,498.40885970491945,386.77221313360167,38.52474406895355,29.555174049711347,3.525735310634884,34.08,34.66
201,3,21,23.235575675675673,77.4037745888587,grass,0.48413733638243606,0.19572983425265084,0.0,0.0,1.0,0.11416661896784605,0.026139247876205994,482.9385357626172,913.1565003735896,39.16344782866195,29.74239098596439,3.193188061215595,34.23,33.62
202,3,22,23.235575675675673,77.40475519009662,grass,0.5201538734984859,0.20646112987199863,0.0,0.05214957186635764,0.9713177354735033,0.1397744629102268,0.07087004350606844,477.81957111957036,1963.2538292906504,38.63920097782967,31.861196800173314,2.1116505623446007,34.93,35.52
203,3,23,23.235575675675673,77.40573579133455,water,-0.06181597387432427,0.1538442924207245,0.0,0.0,1.0,0.00036092283625881964,0.0,505.22931186891856,0.0,38.12292313822285,21.97050218478054,2.6367995579986974,35.54,35.5
204,3,24,23.235575675675673,77.40671639257246,water,-0.10523764869276983,0.07277875862561822,1.3067995487903181,0.0,0.9869320045120968,0.0,0.041485397547011436,510.0782228552286,0.0,38.32588073449693,22.97270036797767,1.9935594034204784,36.11,36.48
205,3,25,23.235575675675673,77.40769699381039,grass,0.4399062172364685,0.15580633036740452,0.0,0.0,1.0,0.0935137490494706,0.0031563642912956456,499.8340811562752,557.0216989421217,38.04216873491053,32.07626192965678,2.412198590693374,33.69,34.5
206,3,26,23.235575675675673,77.40867759504832,grass,0.3731569537968973,0.25668074447712674,0.0,1.658126281767766e-05,0.9999908803054502,0.1477257423301418,0.06657216504918291,506.35878563932283,1223.443619875519,37.7440846854098,26.679014050603485,1.9250035641121725,34.86,33.3
207,3,27,23.235575675675673,77.40965819628623,tree,0.763440198512211,0.2211926439781846,1.0625564849884335,0.0,0.9893744351501157,0.023573339692495168,0.04785480286888351,494.98323253032476,1878.4279782212639,38.035144889370166,36.60554910651901,1.906692395890475,30.25,30.37
208,3,28,23.235575675675673,77.41063879752416,tree,0.716209210310014,0.18255746314078308,2.811860497254339,0.0,0.9718813950274566,0.058813851786409306,0.055964939359964494,488.2218350733305,923.1185075692912,38.54803054513309,29.411495446915374,1.8241369713412074,31.37,31.35
209,3,29,23.235575675675673,77.41161939876207,grass,0.49974919772274723,0.2219680044502778,3.6683345301937003,0.0,0.963316654698063,0.015499911602693345,0.06078746066490871,506.9264577194622,967.5739235657953,39.009582978992995,27.888070454392206,3.162300278901501,33.89,34.15
210,3,30,23.235575675675673,77.4126,bare_soil,0.14402366400274347,0.30235620932894225,0.0,0.0,1.0,0.20948630895993184,0.0461635583957488,490.6723445891361,964.7015077139616,38.898309359509355,24.635582193815377,1.9117307679514868,37.17,37.62
211,3,31,23.235575675675673,77.41358060123792,bare_soil,0.10534580209773367,0.29253877315128296,0.0,0.0,1.0,0.2624282890378703,0.0,497.6632290958284,268.4501090219003,38.03789568572498,19.17180429941531,2.8850625052647767,35.75,35.89
212,3,32,23.235575675675673,77.41456120247584,bare_soil,0.07718244738924629,0.29548228229017154,0.8015048908871497,0.029975849503288094,0.97549823386432,0.22754911429728353,0.09350856145180617,494.0171293804247,256.0557170456717,38.18093999001828,21.607424205620127,1.9219791537912383,36.75,36.17
213,3,33,23.235575675675673,77.41554180371377,bare_soil,0.056966820235708565,0.2588904449250523,0.0,0.004683042382242709,0.9974243266897665,0.2626327452778511,0.07158636291879658,504.0344680147728,2139.0110162189494,38.12452645070805,28.381108018245598,1.8703871529869744,39.12,38.1
214,3,34,23.235575675675673,77.41652240495168,bare_soil,0.09861761660601485,0.23102442873992723,2.632945169720424,0.0,0.9736705483027958,0.1622498488650098,0.030804489296911854,499.1809481596097,976.5339811889985,37.46735622177867,35.30979111363406,2.408012654792751,35.84,34.41
215,3,35,23.235575675675673,77.4175030061896,bare_soil,0.04915259803079963,0.2796759283169999,2.5091562218444796,0.000998395826800946,0.9743593200768147,0.15848870601794696,0.0,493.5232433363554,1272.8263897650831,38.43294361898371,26.440059431982736,1.40618851755141,37.9,38.01
216,3,36,23.235575675675673,77.41848360742753,road,0.05061613574158261,0.08598478698212994,0.0,0.021000638183608245,0.9884496489990154,0.9351146300512374,0.9775624991606113,493.951122862978,588.3540617894135,38.82130198194436,30.717238596548608,2.586793058793615,44.3,44.77
217,3,37,23.235575675675673,77.41946420866545,grass,0.45919031443557506,0.2907309769007911,1.872574977791433,0.00681096496029259,0.9775282194939248,0.11794257681904842,0.0,491.0212770339796,166.5411155909287,38.399043845193354,15.497806752001072,2.099281128560418,31.18,30.87
218,3,38,23.235575675675673,77.42044480990337,grass,0.5537924336745974,0.26582158087467245,0.9820463155372745,0.006755755154210237,0.9864638715098116,0.022420499875120986,0.021228001589972356,514.3391350272311,1162.2003091674521,37.992873379350996,36.732833004274156,1.8594218046755329,31.55,32.3
219,3,39,23.235575675675673,77.4214254111413,bare_soil,0.08612121202728622,0.22725788019989163,3.4507643193270128,0.0,0.9654923568067298,0.11216330733185854,0.0,489.77969586113494,1039.1127090439384,38.16194070034516,23.22545077272066,1.7166823706464533,36.84,36.74
220,3,40,23.235575675675673,77.42240601237921,bare_soil,0.13244033817676912,0.26490348807164427,1.9426164912172041,0.003940112023622084,0.9784067734748357,0.2531156192636065,0.0,524.3626047360891,832.1265611231145,38.368461280167196,36.29713772252501,3.35358345655477,37.06,36.98
221,3,41,23.235575675675673,77.42338661361714,water,-0.15419979950535231,0.04921098349712727,0.0,0.0,1.0,0.014728142191390535,0.0,501.29336739245787,0.0,38.808088006379684,19.456642586054496,2.179413797256421,37.07,35.78
222,3,42,23.235575675675673,77.42436721485505,built_up,0.057122395557194436,0.1581362119739708,17.560196774467776,0.38806929633837894,0.6109599192692138,0.8424841275286804,0.3210496530089783,493.04103741951366,778.2166316462749,38.42687281524373,19.061792500076486,1.8188984307574232,45.46,45.06
223,3,43,23.235575675675673,77.42534781609298,built_up,0.12944398853821634,0.1253583240730886,17.312490241521424,0.4573225942870901,0.5753476707268862,0.7994994669412963,0.3353317927141969,493.5852240796801,1547.6191304900406,38.75396372256928,33.40815110398862,2.261108631346399,46.38,47.21
224,3,44,23.235575675675673,77.42632841733091,road,-0.06832677939391517,0.0697714585869257,0.0,0.03414733965691627,0.9812189631886961,1.0,1.0,504.23841215958026,1118.7877585252527,38.46746346466671,28.32929936873244,1.6822789234544828,47.46,48.72
225,3,45,23.235575675675673,77.42730901856882,built_up,0.12767754873883957,0.1056649814770487,6.834633868965252,0.446425834973896,0.6861194520747046,0.7997160791425575,0.34738773071338075,500.9570161269825,1297.6729663028104,38.59471559241265,26.18623705907921,2.518915524514746,44.2,44.03
226,3,46,23.235575675675673,77.42828961980675,built_up,0.13626749231150312,0.16496225564875194,11.802359520014958,0.39603965058837376,0.6641545969762448,0.8553881044338161,0.3261515833330031,498.42856862395064,2496.7803526370926,38.12393234592192,30.566726436117463,1.8858917669036699,45.57,46.35
227,3,47,23.235575675675673,77.42927022104467,built_up,0.09093138205301243,0.15350735051112646,9.413514461824166,0.46238481782328256,0.6515532055789529,0.8880136211331712,0.38069410218620336,501.7191299740277,1719.5361816976633,38.22566207851246,30.65763281855336,1.1788257747571618,45.09,46.36
228,3,48,23.235575675675673,77.43025082228259,built_up,0.15630111179808398,0.14849296758047886,10.747116319663315,0.44905943963433337,0.6455461450044835,0.8047937346720128,0.32128158877538693,499.5735972569208,347.1449782276285,37.99767613364337,29.658333577872206,1.6149130599360284,42.99,42.15
229,3,49,23.235575675675673,77.43123142352052,built_up,0.12965571641380547,0.11111258337602532,9.705718023898807,0.38634004411862394,0.6904557954957686,0.8519643410785275,0.3362538689430783,499.46103162215724,1203.9955861990932,38.74066216534818,32.54015434348955,1.3518664778728575,45.17,45.46
230,3,50,23.235575675675673,77.43221202475843,built_up,0.05317814254237243,0.11680416627083706,13.43358021423652,0.28419422130105176,0.7093573761420563,0.8397142420495258,0.33124402112463136,503.35033189381187,523.2219513818335,38.38352594806915,29.010197620634273,1.9872658646341752,45.63,45.8
231,3,51,23.235575675675673,77.43319262599636,built_up,0.050012879525383754,0.13692920798030733,13.245455347831772,0.3981850721833509,0.6485436568208393,0.7908255894565569,0.3305009312511736,507.08841082128555,667.0834968342924,37.06094771332047,30.59889710728136,1.4815027920545862,43.8,44.77
232,3,52,23.235575675675673,77.43417322723428,built_up,0.07528134389765775,0.13972638642421176,9.441379951032943,0.5082885427523716,0.6260275019758662,0.8293634270276226,0.36799060637471187,493.86959103824574,1548.9628244816822,38.69246176695914,25.912942553944184,1.4097937777081724,45.33,44.58
233,3,53,23.235575675675673,77.4351538284722,built_up,0.13224725581111613,0.12236107889761708,10.100093096311943,0.3204383506926931,0.7227579761558993,0.7927798093975054,0.39147181730000824,495.5679924329308,96.38873206472113,38.88965651036011,23.06225585270314,2.11190533623836,42.57,42.85
234,3,54,23.235575675675673,77.43613442971012,built_up,0.18592136938961737,0.11593714030812183,9.44761102571114,0.4387372002117398,0.6642184296264316,0.842912895290618,0.34346653591192544,490.17461564359576,504.34633214180076,38.1753157827188,25.930392202890395,1.92733213246619,45.48,45.25
235,3,55,23.235575675675673,77.43711503094804,built_up,0.07001682412423231,0.15088429322224686,10.649970019854525,0.3239178454970907,0.7153454847780548,0.8510128899673471,0.27651160018688126,503.68133616556383,1421.4718688856378,38.69211398628394,23.50183614468269,2.5923920555402424,44.99,45.37
236,3,56,23.235575675675673,77.43809563218596,built_up,0.19841965365097144,0.14022438939287143,7.348232436713202,0.3365440396699448,0.7414184538143984,0.8336100099992081,0.3673883147508159,500.2151364938015,730.215311929564,38.41610891419561,27.17495089874253,2.5990683263168517,43.15,44.25
237,3,57,23.235575675675673,77.43907623342389,built_up,-0.018144597291641168,0.14788724607899048,12.977786352673096,0.333967394202586,0.6865400696618468,0.8906648676960103,0.390512366168144,502.13433476635737,972.7542560692959,37.65287181225391,26.89687782277018,1.9563588187615566,45.2,46.53
238,3,58,23.235575675675673,77.4400568346618,built_up,0.09171848510273385,0.17621218662801444,10.656362877858403,0.35816227402734707,0.696447120506375,0.8268726879154087,0.34190584961018067,499.05018151279705,1374.5128018896073,39.28118703989937,31.711001762412213,2.1962616876402206,45.12,46.23
239,3,59,23.235575675675673,77.44103743589973,built_up,0.15007749896074152,0.069584788149855,9.21634788595024,0.3073645712574543,0.7387860069488977,0.7814249429277925,0.3768706886634986,494.2039984644406,1242.197733413172,38.41851214802063,22.187197234983486,1.2138548783838785,43.88,42.99
240,4,0,23.236476576576575,77.38318196286234,grass,0.5609269144652426,0.2502992094861717,1.4362173478627904,0.01903884673222021,0.975166460818651,0.09176599887773287,0.10997509061480405,506.41734105152193,1048.0785508268295,38.58056632670163,32.374533132317524,2.591622613801084,33.23,32.8
241,4,1,23.236476576576575,77.38416256410027,grass,0.3659938633069408,0.23700514005967807,0.0,0.0,1.0,0.1214293082855791,0.019238913587539173,504.24531940421974,1622.5052556040864,38.25016359649798,25.508101389149704,2.446420900808443,35.26,36.17
242,4,2,23.236476576576575,77.38514316533819,tree,0.6835041587073696,0.19898534293272613,0.0,0.0,1.0,0.023386429668931105,0.06523897711225084,497.7554208955651,2066.9620771706295,38.38178793154158,18.140419293528026,2.7724477667909766,31.22,31.76
243,4,3,23.236476576576575,77.3861237665761,tree,0.8270090922112115,0.15783842589436653,0.0,0.05222547716356364,0.97127598756004,0.032901405131992946,0.0,495.29025515077626,1152.7817517728713,38.56466496106753,23.170442625120845,1.9930976928511932,31.03,30.79
244,4,4,23.236476576576575,77.38710436781403,tree,0.7978315854416244,0.18479733717952543,3.208996575270339,0.02471100596392478,0.954318980967138,0.034538463802475786,0.004385711871629712,504.4928700059968,1750.2128146663542,38.08298413945415,26.769859459957974,1.9845540588284794,30.91,30.09
245,4,5,23.236476576576575,77.38808496905196,tree,0.7798075611420521,0.1721538446587277,0.438014641011181,0.02920202046276632,0.9795587423353667,0.030801748703156905,0.0,493.549831466383,1199.678338314555,39.17758588521334,29.77690356597969,2.008679326501046,31.53,28.01
246,4,6,23.236476576576575,77.38906557028987,built_up,0.11973242835321807,0.17776932486716307,6.86908496244317,0.33643289585295144,0.746271057656445,0.8321068751468373,0.38178868129226573,495.775115716892,1085.9335127820084,38.83525870317763,27.466802030017835,2.7501101284590956,45.32,43.89
247,4,7,23.236476576576575,77.3900461715278,built_up,-0.004719554629013439,0.1545022194791978,10.032708824395543,0.34229003226778904,0.7114133940087606,0.8370243387758951,0.3950798200772505,491.9609047334413,861.0052011388882,38.70673141575983,23.161845487092073,2.0962020581727923,45.25,44.98
248,4,8,23.236476576576575,77.39102677276571,built_up,0.15513514684793725,0.14227324484056575,12.283327956281546,0.4035624609445668,0.6552073669176728,0.8482332723853026,0.3360680352340577,506.65246417987055,1844.4958502089612,38.4432870705752,24.885861407033882,1.1227972602762835,44.4,44.14
249,4,9,23.236476576576575,77.39200737400364,built_up,0.1450513008209658,0.1044358509905695,14.039438495365456,0.3738388196932471,0.6539942642150596,0.8122485231227583,0.34322689212926105,506.64902748198983,1515.5362758617491,38.19551251260976,23.228559786777627,2.2286334336598888,45.47,45.84
250,4,10,23.236476576576575,77.39298797524157,built_up,0.06467681528874394,0.16512997600633925,11.290249368356996,0.37111293154911384,0.6829853939644174,0.8145982358520754,0.36640939377686477,499.3398581134752,540.040503672638,38.91203584529828,29.035025106549647,1.6782975936746936,45.5,46.04
251,4,11,23.236476576576575,77.39396857647948,built_up,0.13082968958417018,0.1255917491412674,15.07927695920933,0.3373895910619555,0.6636429553238311,0.8409645701804994,0.32200089262243087,492.1966198369813,967.4284445596677,38.74427736464042,27.637626033358853,2.46720073887163,45.55,47.58
252,4,12,23.236476576576575,77.39494917771741,built_up,0.1862340565422189,0.1443011051023851,9.272742787007212,0.3236227836081683,0.7292800411454353,0.7639318726826156,0.32854147423525054,494.9304961268907,1082.4018378826731,38.34023103514668,30.45508779184152,2.2500128749364716,42.9,42.21
253,4,13,23.236476576576575,77.39592977895532,built_up,-0.05633102802615107,0.13724955214860401,13.968728253578618,0.5034342140325819,0.5834238997462937,0.755277692604143,0.31794428963043375,493.1661291122037,1251.4960192223768,38.06619115398986,20.91920698163542,2.453662118506616,45.46,43.7
254,4,14,23.236476576576575,77.39691038019325,built_up,0.006813651927412803,0.19046789746180043,11.649647138443132,0.42308041121145296,0.6508093024492695,0.9296356866891389,0.34935809503666604,503.2024272519895,788.0821891508915,37.86963893201381,25.86406762797207,2.4289653823262456,45.12,44.28
255,4,15,23.236476576576575,77.39789098143117,road,-0.05223012390326301,0.09168915105487307,5.467439597362061,0.031651047414347794,0.9279175279484881,0.9937267418555524,0.9109450643925919,507.29000640787075,470.1527739147492,38.51142888559042,36.11519226190582,2.6827713459280496,46.31,47.82
256,4,16,23.236476576576575,77.39887158266909,built_up,-0.014023386980942867,0.12323338631355063,16.690798419917076,0.5370834729595771,0.5376961056730618,0.8274381535874727,0.32303203927208063,486.87710367552177,1174.239883472886,38.40043034333871,30.564137420363554,2.347983961385138,46.98,46.99
257,4,17,23.236476576576575,77.39985218390702,built_up,0.08972076511928717,0.16368668762590738,14.202974994637643,0.4382908162800365,0.6169103010996034,0.8778013937379792,0.32197444528613856,504.29634026688547,868.5761525514993,38.97424981501735,26.815570872216757,2.276978805144055,45.98,46.89
258,4,18,23.236476576576575,77.40083278514494,built_up,0.10756751095801627,0.15135503975856096,12.21258521787947,0.4935052791671637,0.6064462442792653,0.7714800464319657,0.30740335127116236,497.8395226115757,388.3065754160018,38.896881810286295,24.050583601975646,1.5029027100260532,43.95,43.44
259,4,19,23.236476576576575,77.40181338638286,tree,0.6955881291267176,0.1687610911476735,3.2742094666667345,0.007126685114573119,0.9633382285203175,0.1014714788031939,0.032066988752388725,495.7146618301435,1165.3569949803411,38.51555772235298,32.43099042106034,1.4916488837738753,32.7,32.25
260,4,20,23.236476576576575,77.40279398762078,road,0.07376558003593037,0.14580203979327744,0.0,0.0,1.0,0.8941098871289048,0.9369434955953245,481.2967879908162,1985.4608570121036,38.467552120820756,34.13068449546918,1.7018479397978714,45.38,43.84
261,4,21,23.236476576576575,77.4037745888587,tree,0.755815993883984,0.16092998971508266,0.0,0.0514059547988055,0.9717267248606569,0.0,0.0,493.8724324797865,1135.2467656209112,38.03916509711417,23.40532906344656,2.6085782305543206,31.23,30.93
262,4,22,23.236476576576575,77.40475519009662,tree,0.7572478463488439,0.21578016700246988,2.612428247366754,3.868546173708231e-05,0.9738544405223771,0.1010260986878167,0.0,485.43307188430424,733.8498266115998,38.92439100324331,23.783724907328722,0.8569054227944404,31.06,31.07
263,4,23,23.236476576576575,77.40573579133455,grass,0.40162436914342275,0.2010403878460247,0.0,0.0,1.0,0.13100086070467892,0.09861028410650287,486.1972282059278,417.7099971360186,38.47730804297795,29.115203712826933,2.1907603760349303,32.87,33.65
264,4,24,23.236476576576575,77.40671639257246,grass,0.40251322447630994,0.24297225632309777,0.0,0.0,1.0,0.13583665038527107,0.06825561065367876,499.84992032461093,646.6088772542564,38.742112392267686,29.489134034618242,2.0404816427813794,34.27,34.77
265,4,25,23.236476576576575,77.40769699381039,grass,0.4662167740341236,0.213001953746423,0.0,0.0,1.0,0.14624916236610447,0.03999520905307175,508.28560705511705,1717.0288818130248,38.970721648570205,29.931113930023262,2.934306709953728,35.92,37.71
266,4,26,23.236476576576575,77.40867759504832,tree,0.7475388461319984,0.16480568655344544,2.600815580549462,0.023283235113917722,0.9611860648818507,0.18016838884038194,0.03240411553978746,505.58150431211266,1189.2549551575469,38.27375696711909,35.37347937528965,2.0966082209604844,33.79,33.65
267,4,27,23.236476576576575,77.40965819628623,tree,0.7140540844879129,0.172236253512373,0.7356096116464168,0.026058787590692762,0.9783115707086548,0.10771939498222126,0.032354022332150574,496.29688659659814,876.843222633378,38.168833719692486,24.114048476418738,1.9617219419000713,32.59,32.81
268,4,28,23.236476576576575,77.41063879752416,tree,0.6406237834258092,0.22983641530716928,0.0,0.04837202300689533,0.9733953873462076,0.06382754287212669,0.032149273233576275,499.0604169978213,643.6641122700942,39.487482268779,28.159433327560475,2.9577941040595648,32.81,32.8
269,4,29,23.236476576576575,77.41161939876207,grass,0.3918878759704815,0.2718539616641481,0.28490269709311505,0.056263387309382545,0.9662061100089084,0.16924534688226256,0.013566122796031432,503.38804612742274,1058.4401674646379,38.737787512430195,30.884775871988005,2.1158620289786327,36.14,35.51
270,4,30,23.236476576576575,77.4126,bare_soil,0.050567171818986664,0.2744356007228723,1.4687664755980687,0.0,0.9853123352440193,0.18375784023140695,0.0030653257845741954,516.8922346504809,118.36658388178967,38.38856061620097,22.84167795604294,2.0359082384294656,35.22,35.59
271,4,31,23.236476576576575,77.41358060123792,road,0.06009859794163554,0.10239982768243505,0.0,0.0,1.0,1.0,0.9789809437608223,501.48813697947804,1582.3054379472774,38.99595830144096,25.408740393130664,1.9064643982717693,46.51,46.26
272,4,32,23.236476576576575,77.41456120247584,bare_soil,0.19612997970603457,0.30449127825851846,0.0,0.02472207746064383,0.9864028573966459,0.22496003295692849,0.0,487.44448884756594,26.175745896153103,38.376697221832714,17.566703278655503,2.358486784187086,33.41,34.91
273,4,33,23.236476576576575,77.41554180371377,bare_soil,0.1241913294067291,0.28894119144600755,0.0,0.05230161662756813,0.9712341108548376,0.2076109074648206,0.06397810459661411,502.96428695986873,507.10343499329406,38.63019415367686,26.163111520825964,1.978085049018861,36.4,35.69
274,4,34,23.236476576576575,77.41652240495168,bare_soil,0.14749687279740892,0.3001033208461631,0.0,0.0,1.0,0.20501480321533033,0.0,508.96710130448906,840.4546692962347,38.27270669376067,34.81382898783837,2.0032782739498045,35.95,35.64
275,4,35,23.236476576576575,77.4175030061896,bare_soil,0.2234760663895979,0.21627523997443496,0.33698901036287,0.07146963200506601,0.957321812293585,0.15548478420563516,0.0036319625749185788,496.77571428508764,706.9819879978206,38.49321179829587,24.086115397338524,3.0177283940952147,37.02,35.9
276,4,36,23.236476576576575,77.41848360742753,grass,0.46467735846685687,0.1811373519700269,0.0,0.025799711884228672,0.9858101584636743,0.08924531443066785,0.0,508.241483188812,1419.8469713729532,38.39037194749919,26.702761365292353,2.216681840055029,35.17,35.47
277,4,37,23.236476576576575,77.41946420866545,grass,0.3875287697217755,0.18117677304932375,0.0,0.027263658274360766,0.9850049879491016,0.11377864494812728,0.061603308497828566,497.3907982555951,599.2101918363371,38.199247632745525,31.10180796223473,1.9194872607943805,34.19,33.0
278,4,38,23.236476576576575,77.42044480990337,grass,0.50513078930487,0.20339654459646508,0.46637013963494645,0.0,0.9953362986036506,0.07150947878386005,0.07037585283766054,494.2698034666411,1476.6672731926035,38.597144996358054,23.64475034123408,1.5999468181333145,34.29,34.28
279,4,39,23.236476576576575,77.4214254111413,bare_soil,-0.01986118177129162,0.26321825021070444,0.0,0.08712701516712029,0.9520801416580839,0.1415468559992774,0.03683973181788359,508.45545424999034,717.4582347116115,38.24456192742826,29.032072608401958,2.274655398545462,36.91,35.86
280,4,40,23.236476576576575,77.42240601237921,bare_soil,0.09758856307363861,0.2842488632143571,0.0,0.0,1.0,0.26380560204732084,0.030906192434576825,498.74598968413403,1144.4448050619299,38.730394816538094,20.40187418867453,1.8641508041583474,36.7,35.81
281,4,41,23.236476576576575,77.42338661361714,bare_soil,0.15485432193178628,0.3031723044373034,0.0,0.07673604716398348,0.9577951740598091,0.2658174100602331,0.03709030521412852,493.25632107323287,588.3866377217885,38.37818229520771,28.77040531278422,1.9455909708510168,36.29,35.6
282,4,42,23.236476576576575,77.42436721485505,built_up,0.06040377220420441,0.14182295292933234,7.619346489744178,0.4785129499364588,0.6606244126375058,0.9143731131924235,0.3730589655932351,494.5915775775661,712.736570552418,37.811960196553315,28.2094989506395,1.4597891060563635,45.33,45.99
283,4,43,23.236476576576575,77.42534781609298,road,0.04799114065044472,0.1054008885398546,1.10760293563977,0.030086068630281737,0.9723766328969473,1.0,0.9047150628428191,501.7729515827945,940.4546896631169,38.748339236362845,28.65443850656433,2.2925256613424283,46.5,46.41
284,4,44,23.236476576576575,77.42632841733091,built_up,0.07408189736387832,0.16593226558006233,14.237385822641565,0.5121109438591293,0.5759651226510633,0.8712795125184134,0.3455993283697682,497.9769722443969,267.8470195155096,38.75503899840357,16.524270147619823,1.1774912803194464,44.45,44.34
285,4,45,23.236476576576575,77.42730901856882,built_up,0.16038410269391623,0.13034304758642992,12.940748146671924,0.4698250962126177,0.612188715616341,0.787734224547493,0.3130661443016146,512.376159256444,1294.217168913417,39.40142080235408,28.91089732737827,2.0673087723301626,46.03,46.54
286,4,46,23.236476576576575,77.42828961980675,built_up,0.04516486014208904,0.1362095896661737,14.25643322131088,0.47595344966312875,0.5956612704721703,0.7766959118880178,0.41537135374687567,507.72918424798945,1087.243701126123,38.50708873454255,27.843806592705633,1.5693288808433654,45.09,44.5
287,4,47,23.236476576576575,77.42927022104467,road,-0.041503346585203216,0.14162025920182775,1.191068750736549,0.0,0.9880893124926345,0.9683960962320811,1.0,500.1320140593154,807.6500082917232,38.573328663470896,33.1964818420691,2.6174529653367395,45.37,43.6
288,4,48,23.236476576576575,77.43025082228259,built_up,0.01949020248160157,0.1931629695028826,13.371411607945005,0.4854261598209,0.5993014960190549,0.8624092642046078,0.40016076941331147,493.21343688361674,1275.722681457445,38.69143599659918,30.551364681724344,2.091876547534594,46.7,45.71
289,4,49,23.236476576576575,77.43123142352052,built_up,0.09722321089836417,0.18147340795625663,11.896085439588482,0.3762635032328803,0.674094218826031,0.8532036919460186,0.28294347190159036,481.43225013383784,1626.4944879929997,38.90788085837402,22.204070309667102,1.96747177048959,45.45,45.19
290,4,50,23.236476576576575,77.43221202475843,built_up,0.05751536682161936,0.132157481030592,13.017964614874945,0.46961202407831254,0.6115337406081787,0.8767243977413791,0.42712291320871243,504.0215130724582,1378.8998121694535,38.88287973595583,24.669659641086042,2.2869479188996937,47.29,47.25
291,4,51,23.236476576576575,77.43319262599636,built_up,0.09442332935027595,0.10143513313599152,13.167157464854938,0.26946228140236506,0.7201241705801499,0.8206873571362111,0.3509172140227045,493.6819014126931,1019.4262223113072,38.62751415314891,25.534571397907683,2.783298550441363,44.17,44.67
292,4,52,23.236476576576575,77.43417322723428,built_up,0.19036253397363373,0.17312071657345038,8.894373512484904,0.35999653989566366,0.7130581679325358,0.7861498025724077,0.3781997514402455,498.0020603967162,280.09433085610976,38.48680987895249,20.721543075294687,2.6212317676966523,41.89,41.76
293,4,53,23.236476576576575,77.4351538284722,built_up,0.0860470155086035,0.1531693665080548,12.844058943824562,0.3713245442879301,0.6673309112033927,0.8313664418606809,0.42945058721958107,500.0526892487964,1641.6159324896537,38.837064728384355,27.323530982000893,1.2253926490728897,46.23,47.15
294,4,54,23.236476576576575,77.43613442971012,built_up,0.047627621397424484,0.160697289549075,6.620130503269476,0.3431967692635189,0.7450404718723699,0.7895862880286972,0.3258010671252213,510.0037603218486,994.6367356038954,38.47016027723533,27.306978665584612,1.6494586172759242,44.82,45.15
295,4,55,23.236476576576575,77.43711503094804,built_up,0.12309536752844505,0.1855179554617112,10.00922682649859,0.40709849460806297,0.6760035597005793,0.8765542979069337,0.3546574772233413,506.0025247145354,2240.1651045844746,37.98433277982998,39.27093242294235,1.6626705409492213,44.78,43.51
296,4,56,23.236476576576575,77.43809563218596,built_up,0.04176386524948685,0.11122397299471777,7.348546969194976,0.3980547318201611,0.7075844278069616,0.9064683811564176,0.32851852266664255,482.9118916044852,1002.6216300384572,37.899510058119795,25.948413820655944,2.2810228342442196,45.64,43.35
297,4,57,23.236476576576575,77.43907623342389,built_up,0.11287125066841977,0.13799830583051503,10.155775183966817,0.31291297546060587,0.7263401116569985,0.9007044562354882,0.3637276720701854,504.6917077789104,1439.7215039692267,38.38269408287842,33.56346388988191,1.68014100499563,45.68,44.77
298,4,58,23.236476576576575,77.4400568346618,built_up,0.11146208981665062,0.15375715064542886,7.192902218701178,0.34831376494485894,0.7364984070933157,0.889575408597326,0.3962056586477937,503.3288571862697,898.1152275227357,38.54798761413131,27.410555483300538,1.666736711539744,44.12,44.24
299,4,59,23.236476576576575,77.44103743589973,built_up,0.03132096022555983,0.12694555756241208,9.791731719414072,0.3139720852908719,0.7293980358958797,0.7938133967184543,0.3048111986273979,483.2118258007465,158.10231362037234,39.48881169610871,11.285903018428485,1.5690453881395479,44.14,44.47
300,5,0,23.237377477477477,77.38318196286234,grass,0.4420930906227045,0.28960691125428567,4.491948809478567,0.0,0.9550805119052144,0.10749516486953054,0.0,489.503123753135,805.7998029035361,38.45198979054905,28.76530171835864,2.336582052300504,34.03,33.94
301,5,1,23.237377477477477,77.38416256410027,grass,0.43647007893349005,0.21452621169364072,0.6317549270171472,0.03316081948521415,0.9754440000129607,0.08315595383024209,0.03144807882650512,491.24949994647835,710.7103975258799,38.51864021822747,32.47692321006494,2.55545613860161,34.17,34.28
302,5,2,23.237377477477477,77.38514316533819,tree,0.6300616592371013,0.19947743403384682,0.0,0.0,1.0,0.04684555236581952,0.0,513.2830305517838,1072.2858944055467,38.33826686043793,30.533788421369277,1.473035771220057,32.3,33.49
303,5,3,23.237377477477477,77.3861237665761,tree,0.7608903591491473,0.2126688908215496,0.0,0.003802355877735391,0.9979087042672455,0.07767339506940732,0.02462184689640427,502.88880607447857,675.9542497210381,38.74752237705837,29.02460154941716,1.8898733759797193,31.16,31.17
304,5,4,23.237377477477477,77.38710436781403,tree,0.7532421731828715,0.1654150741748187,0.8736280582103517,0.045999442277573216,0.9659640261652312,0.08344042537591369,0.03394878901957895,505.13702636947613,1664.4015865329404,38.61213722945706,28.094903592657666,1.048510604305719,31.85,32.16
305,5,5,23.237377477477477,77.38808496905196,tree,0.8097300696830355,0.17897847901611685,0.4098924836059717,0.04660334044880558,0.9702692379170973,0.025480619511824353,0.0,503.94584139666216,1196.9881576920277,38.24466537551309,26.021365966503506,0.7558905640496634,31.45,32.89
306,5,6,23.237377477477477,77.38906557028987,built_up,0.007548355295937947,0.15501625788139514,14.029261307290463,0.294252678341308,0.6978684138393759,0.901116249760824,0.2485172993701727,496.7977069585479,2200.4620165087176,38.09541579450882,31.584942097370675,2.189779812189993,46.83,45.2
307,5,7,23.237377477477477,77.3900461715278,built_up,0.060300557089228005,0.14269815187462978,12.539391097000532,0.29879454548327594,0.710269089014193,0.8536047400419877,0.3525685228784523,514.8985677859899,642.9625564582334,38.33905325391197,26.26318657218601,2.1123592965175537,45.48,47.02
308,5,8,23.237377477477477,77.39102677276571,built_up,0.057107641012992705,0.11214932627529155,8.22278298408181,0.4496600355782863,0.6704591505911244,0.8513325751000409,0.32777731214293915,495.8572327908597,960.2994086726313,38.162651570223446,25.438650546828857,1.9998117142288416,44.54,42.24
309,5,9,23.237377477477477,77.39200737400364,built_up,0.05157180935553837,0.10206663967132208,10.334106846060987,0.3837817981281689,0.6855789425688972,0.8121101646798329,0.35620185025219897,501.91911584094527,945.1481033033617,38.407535611874565,29.642528088374192,2.755741213772709,45.32,44.58
310,5,10,23.237377477477477,77.39298797524157,built_up,0.0713519509540247,0.2047587118070257,16.44939035091042,0.3572570049955483,0.6390147437433442,0.804277621670572,0.3076238689203201,508.45643151977794,1006.2738640258947,38.556591915212806,26.799702318239895,1.0220713235545564,44.6,44.1
311,5,11,23.237377477477477,77.39396857647948,built_up,0.09438045461577799,0.19990901999842653,11.284492778052023,0.45324637538299994,0.6378695657588298,0.8760210374650197,0.326471305932162,508.4732938539349,763.2937278968877,38.29952259115393,33.12345841974233,0.8140471127090019,44.75,43.28
312,5,12,23.237377477477477,77.39494917771741,built_up,0.16039278718665057,0.12237647104372643,10.272752891964098,0.37122022545414113,0.6931013470805814,0.8037870294591676,0.3329294271068586,480.5492115367151,1054.6546658438804,39.081799553631726,29.86912113947442,1.3386638742260406,46.73,46.58
313,5,13,23.237377477477477,77.39592977895532,built_up,0.04952154576550899,0.16370033295835498,12.67649673735747,0.3976962257937827,0.6545021084398448,0.8270724620287047,0.34061527845916406,511.8876524358068,743.949992829057,38.96375791821391,24.88812076268921,0.7999373250135239,46.05,46.0
314,5,14,23.237377477477477,77.39691038019325,built_up,0.03681436010296076,0.10614247545148549,8.059347006331805,0.4555684970479933,0.6688438565602856,0.8601451665536605,0.40131047411341403,508.3312720618154,2338.0820317385183,38.40817694085999,23.421091043345996,1.5893170207117386,45.79,46.46
315,5,15,23.237377477477477,77.39789098143117,built_up,0.07556763394753425,0.1321841130861138,8.652970302680302,0.4818775593588641,0.6484376393258218,0.855926712072317,0.3760506522004273,490.8870062460928,1300.423219636882,38.11433350532446,25.705632516076896,2.191162036251849,45.1,45.74
316,5,16,23.237377477477477,77.39887158266909,built_up,0.09231197707723651,0.14417105119681062,10.32780338283123,0.5130182399561651,0.6145619341957969,0.9525153789489006,0.30558623894809533,505.76355183674366,328.4930920960021,38.48808249786662,37.35182608040064,2.0113179393800418,44.84,45.0
317,5,17,23.237377477477477,77.39985218390702,built_up,0.1201165969689475,0.08389536150374738,10.848967661387913,0.3940596880841475,0.6747774949398397,0.8392194252525301,0.38355174793471314,485.1414938901838,917.2545090490315,38.446512660946745,27.049709103091367,2.4501128375134185,45.21,46.22
318,5,18,23.237377477477477,77.40083278514494,built_up,0.04919787387103659,0.18743146051615625,13.358831807204751,0.4066468325656567,0.6427559240168413,0.82643528104848,0.41224416953542126,505.71492253419217,625.2301308423923,38.47488701774622,31.033113376361424,2.07629658845952,43.83,44.41
319,5,19,23.237377477477477,77.40181338638286,road,0.013975767697014661,0.10294672554775557,0.0,0.0,1.0,0.9461189142305015,1.0,496.9508441035106,1020.9015014026592,38.34078994743658,22.77741324517839,1.9575757946310157,45.78,45.49
320,5,20,23.237377477477477,77.40279398762078,tree,0.7284315388112144,0.24654424184136375,0.02218692854240339,0.05469726767917557,0.9696946334910295,0.020090991397440174,0.009624029579900344,500.10042178488226,674.5108396616984,38.080241535980136,23.667674827705092,1.8615798010690705,29.13,29.24
321,5,21,23.237377477477477,77.4037745888587,tree,0.7077769331638225,0.2066415280743981,0.0,4.451548181916037e-06,0.9999975516484999,0.08543667758279663,0.0,508.76331034091965,1087.9735089778987,38.513955804712516,27.246273320206264,2.4624707143535134,31.24,30.67
322,5,22,23.237377477477477,77.40475519009662,road,0.02009264619964262,0.04975556582599356,0.0,0.01857962080726515,0.9897812085560042,1.0,0.9727155661644644,509.0097298542268,437.876160919854,38.35965411344447,34.804392556665334,1.2766627992684307,46.69,45.59
323,5,23,23.237377477477477,77.40573579133455,road,0.022390650260822733,0.14662239326986592,0.0,0.04826113144865513,0.9734563777032397,1.0,0.9609889459379928,497.3703789989122,541.1548127412152,38.39522585907936,22.837062098737086,0.3,44.97,45.36
324,5,24,23.237377477477477,77.40671639257246,tree,0.8265227576461988,0.1989558755317209,0.8515403116886222,0.0,0.9914845968831137,0.05189358147949889,0.026588690798801315,503.1990054778686,1394.3565027438808,38.537584458936614,25.481061908944874,2.4258429029677813,32.23,30.88
325,5,25,23.237377477477477,77.40769699381039,tree,0.6730517084486944,0.13600209103538985,0.21070212818374373,0.0,0.9978929787181625,0.03381695025031811,0.0,503.93398553761335,2012.4087728359523,38.47225663702633,31.60677673833488,2.3386022374939137,32.34,32.17
326,5,26,23.237377477477477,77.40867759504832,tree,0.6033245625657864,0.248225550909552,0.0,0.017390434108629,0.990435261240254,0.0,0.059874862809052826,500.3317802908138,985.3668460045827,38.52888798110696,34.37035448254168,3.1295599500318123,30.69,28.62
327,5,27,23.237377477477477,77.40965819628623,road,-0.08624310689417722,0.11221390441542282,2.1145708095414353,0.0,0.9788542919045856,1.0,0.9953158068756545,494.8712369380732,1809.7366819892907,38.34112654796296,29.749613202822946,2.5957186692482104,46.69,46.75
328,5,28,23.237377477477477,77.41063879752416,tree,0.7227176978595049,0.1814923575236349,0.24745305650682775,0.003465787547056297,0.9956192862840507,0.0,0.012579744072411171,489.0884282267004,1822.5337651465663,38.64405791651813,30.70347369970955,2.381326953592811,33.62,32.97
329,5,29,23.237377477477477,77.41161939876207,grass,0.545164979503272,0.24555814997366765,0.0,0.0,1.0,0.06712094993621975,0.10770567625704132,494.46242090784034,170.12543667486648,38.21288032689393,16.41231131246307,2.0127217591447253,30.15,30.66
330,5,30,23.237377477477477,77.4126,bare_soil,0.1818099305091236,0.32501509340853685,4.148039217916305,0.05191740021246643,0.9299650377039803,0.2600759838617391,0.012117362962141675,483.3896350120667,1021.0473019365544,38.06482337041027,22.708317975213788,1.665325827032718,37.96,37.76
331,5,31,23.237377477477477,77.41358060123792,bare_soil,0.15729436634516503,0.2759418983030125,0.0,0.0,1.0,0.14991306283639871,0.08352594059064279,514.9947709590411,1006.3486748951136,38.14400837521033,23.416705030698168,2.031848070467786,36.3,36.19
332,5,32,23.237377477477477,77.41456120247584,bare_soil,0.1368914163055756,0.25057425828888946,1.6064371248486347,0.08798245858071,0.9355452765321232,0.12353846100276533,0.028555331988095754,504.3121779411603,1273.1691714833569,38.22932419841639,24.506566417519743,2.7015851194811633,36.73,36.78
333,5,33,23.237377477477477,77.41554180371377,bare_soil,0.21856906007090815,0.34108054636513463,0.0,0.033658683607817895,0.9814877240157002,0.20421168528630299,0.0,502.16651325504813,1347.9295168407182,37.984879376036076,28.90240935559923,2.4598473655741144,35.41,34.86
334,5,34,23.237377477477477,77.41652240495168,bare_soil,0.13301572112501914,0.2535645637154165,0.0,0.0,1.0,0.1578778022534648,0.02254158326422675,503.34489677034463,1505.8593520423244,37.82291731054044,23.12144713638478,2.760538467219958,35.94,35.43
335,5,35,23.237377477477477,77.4175030061896,grass,0.39854265911036213,0.2026756394131362,3.8864236298280948,0.0,0.961135763701719,0.1015065514625817,0.022995851144174025,509.06424654977315,1607.0145954503123,38.70138436229442,29.00160507313928,2.2288322161510132,35.81,35.3
336,5,36,23.237377477477477,77.41848360742753,road,0.09679248603533087,0.11079702834072644,0.0,0.09626065388796273,0.9470566403616205,1.0,0.9317336407443044,511.3905507755553,759.3819008783662,39.00969728099633,26.739253583475612,1.6251143639793832,46.67,46.56
337,5,37,23.237377477477477,77.41946420866545,road,0.11464220419131937,0.15434853768153473,0.0,0.029087915151048045,0.9840016466669236,1.0,1.0,494.06159105892914,1750.5740285243473,38.723081633116024,25.749928027989434,2.877812892786348,45.92,45.42
338,5,38,23.237377477477477,77.42044480990337,tree,0.7210407610820132,0.1427590744925829,0.0,0.00012323805498535534,0.999932219069758,0.0,0.03248694475406118,507.66247404398865,1161.5287747618295,38.30676124052654,31.54015080635547,2.841974352115214,32.05,32.46
339,5,39,23.237377477477477,77.4214254111413,road,-0.0025106453627925934,0.10554583794779102,0.0,0.010866081374052433,0.9940236552442712,1.0,0.9608775901354435,488.7784269709623,770.3712331278916,37.81342556183792,24.16387798875476,2.3057888582194512,45.12,43.53
340,5,40,23.237377477477477,77.42240601237921,bare_soil,0.12996126305379818,0.31372373454862346,3.2446161038413788,0.08873426707937276,0.9187499920679312,0.20653071987896526,0.04053236702009974,488.36430772477627,1276.518097167132,38.576777581413786,33.74281777224261,2.4512386115036695,38.85,37.5
341,5,41,23.237377477477477,77.42338661361714,grass,0.3854841539123483,0.2181238241273575,7.574595972180356,0.015177711809521486,0.9159062987829596,0.056809339040983564,0.046311560238316216,495.8633985072852,592.1562600543431,37.85707727218492,31.32337232715662,2.416458096656878,33.74,35.44
342,5,42,23.237377477477477,77.42436721485505,road,0.15618837200343003,0.14200436078800258,0.8638415624893624,0.0,0.9913615843751064,0.96446052585139,1.0,502.45262030131653,457.05570942930353,38.46533626217068,24.03959323630129,1.9123308033231778,45.0,44.61
343,5,43,23.237377477477477,77.42534781609298,built_up,0.2252563109395302,0.14549187070916855,13.0198085454731,0.5140456618435998,0.5870768005312891,0.8732701413655793,0.3798763447086724,496.6102122610806,482.0966918236577,38.18016816921285,32.808944882024036,1.7063496522537374,43.03,42.12
344,5,44,23.237377477477477,77.42632841733091,built_up,0.09681396688839179,0.1829484395682377,10.416461757349746,0.4171508077875064,0.666402438143374,0.9110509630189969,0.33171019179435635,496.71552068932476,923.8598471010714,37.587762134494064,23.567051021191933,1.4334617836280907,44.48,44.46
345,5,45,23.237377477477477,77.42730901856882,built_up,0.07610114114057126,0.09279085712293886,10.555185884159634,0.4585670519420339,0.642236262590285,0.8611618968087414,0.39631972210318345,514.7151377775584,1880.862848455734,39.09221364134117,33.17231912503826,1.7495333258994603,47.47,48.16
346,5,46,23.237377477477477,77.42828961980675,built_up,0.13487914304443607,0.13553796227698378,10.206773030030067,0.4411122374921387,0.655320539079023,0.8792789384886449,0.38287751192982666,504.9846858681268,1078.935938784588,37.99767844090592,29.33173515851848,2.429912595053814,44.87,45.45
347,5,47,23.237377477477477,77.42927022104467,built_up,0.12721173439053568,0.1778261751525051,13.819445851634258,0.43147744459057763,0.6244929469588397,0.8083075653746996,0.31569730282447567,494.55025901126254,1283.639932394743,38.357683582047656,21.683508244280105,2.298389437133405,45.01,44.34
348,5,48,23.237377477477477,77.43025082228259,built_up,0.111188225213338,0.09756403046167912,10.207684422395458,0.4378088899007504,0.6571282663306327,0.8050160044951199,0.36735616612238414,497.54057367266745,809.6107005970503,38.44841175150859,22.81848668268145,2.18739496228756,44.11,43.65
349,5,49,23.237377477477477,77.43123142352052,built_up,0.08319232594693385,0.15176840988737303,9.18933247815336,0.4058033203044315,0.6849148490510291,0.8733839188653554,0.3195163926673293,486.7379452766088,419.85720960210347,38.31181973240509,26.380101412614216,2.4256984704456412,43.99,43.69
350,5,50,23.237377477477477,77.43221202475843,built_up,0.054916948156581824,0.10044745171084586,10.279002466464464,0.4932086570606691,0.6259452139519873,0.7810700806155659,0.33869580594089194,517.0584364341711,1409.6035553015968,38.685832070232024,31.471182414111222,1.6844386583819462,45.15,45.43
351,5,51,23.237377477477477,77.43319262599636,road,0.007936602751464027,0.10529352096442285,1.0734062709831946,0.08478859653137201,0.9426322091979135,0.9534573196261379,0.9196955886844687,488.96953013775817,1275.0197267041176,38.2036118419322,27.317240847875176,1.4616799245374648,45.85,45.89
352,5,52,23.237377477477477,77.43417322723428,built_up,-0.004341242189074765,0.12608652125534617,8.537103890534379,0.4469960747367627,0.6687811199894367,0.8245801806316597,0.3658772131202246,487.1672639864915,1307.666424371752,38.65276329696863,27.217517642384337,1.8268720259013,45.99,45.16
353,5,53,23.237377477477477,77.4351538284722,built_up,0.007810381648355083,0.12723054500210423,16.160232030707206,0.4312269400483527,0.6012228626663338,0.8435793708584346,0.4779576763913278,492.67860247701344,1843.4411629948258,38.62740197183964,28.1606775546715,1.8098985799109186,46.55,46.09
354,5,54,23.237377477477477,77.43613442971012,built_up,-0.011960467410826861,0.1326823172705616,7.081954394265941,0.38860360141030603,0.7154484752816722,0.8527985126789378,0.3376934080326567,508.73645620101047,996.6545738860325,37.94889931978609,20.01966390055549,2.3088893912874933,45.65,45.41
355,5,55,23.237377477477477,77.43711503094804,built_up,0.09961110486843944,0.16461664820814018,6.558613644426208,0.3292459495829475,0.7533285912851169,0.8526930483657916,0.3752061367771327,511.36990212737226,1192.0601006360398,38.59433621139836,31.296901135079715,2.2595190020256615,44.3,45.63
356,5,56,23.237377477477477,77.43809563218596,built_up,0.06101173744100695,0.11382211909359011,10.90313034094947,0.3425542606703444,0.7025638532218158,0.836298386858714,0.34624445976445967,504.4130244967227,1038.3307829989171,38.078411059876395,33.35863280452155,2.47246451241567,43.78,43.62
357,5,57,23.237377477477477,77.43907623342389,built_up,0.03367051466546571,0.15295172558402312,2.321844244621132,0.3177969908374672,0.8019932125931818,0.7924345250296317,0.3981303289206715,496.4725378996568,1060.4108888669994,38.033743693281465,31.157444999181276,0.912561109058867,43.65,46.63
358,5,58,23.237377477477477,77.4400568346618,built_up,0.07708265088480357,0.1221388271460526,8.68420988942587,0.34324450772163495,0.724373421858842,0.8288979782746866,0.33283130190911847,491.9187386103095,784.8048849386943,38.61622503428089,26.306054807216135,1.531419591500096,46.23,45.99
359,5,59,23.237377477477477,77.44103743589973,built_up,0.08363821385541684,0.14919801529357468,5.921991900431732,0.36664090384407666,0.7391275838814405,0.8882023819912374,0.3889875655311449,502.3991126779248,1701.4999597989686,38.33665849883242,24.45983421743664,1.9213364874335555,45.76,44.25
360,6,0,23.238278378378375,77.38318196286234,grass,0.5811015506746993,0.2109543519736812,0.0,0.0,1.0,0.18778369651161583,0.1007514903479463,492.60320206452616,1022.9858102372116,38.64917506966137,23.672251938732423,2.4876122696829404,33.66,33.98
361,6,1,23.238278378378375,77.38416256410027,grass,0.4305605377481297,0.2567277061643795,0.0,0.0,1.0,0.20837572382810807,0.04249493147680301,503.6353064473485,1262.1535297364965,38.65269530368243,23.467436430960447,3.456631818679025,35.66,36.6
362,6,2,23.238278378378375,77.38514316533819,tree,0.7479470954230814,0.13457382349977043,0.0,0.005257894226130266,0.9971081581756284,0.0,0.007899295447430834,497.08668503732474,1191.727268857243,37.92879785246549,37.05825148289566,1.6117485418781448,31.03,31.46
363,6,3,23.238278378378375,77.3861237665761,grass,0.41693509153074115,0.1901232422237651,0.0,0.007237352358370603,0.9960194562028961,0.08499380066018784,0.0,500.5002673026702,1174.288084419231,38.796247155841684,27.684708173887707,1.7712748415388322,35.11,35.29
364,6,4,23.238278378378375,77.38710436781403,grass,0.4223385629002731,0.15529315339577648,1.7069187807697326,0.0,0.9829308121923027,0.10316351274206209,0.0,496.8901878596161,1876.9459261306997,38.61400655716805,31.61874390149227,1.9327171893309287,35.96,35.62
365,6,5,23.238278378378375,77.38808496905196,grass,0.4818970920482024,0.2539011983886841,0.8259637365539332,0.019807179217039027,0.9808464140650892,0.010943049988691111,0.017299000245337835,498.2007285452111,1892.0364705634154,38.2653448915546,31.398551874061354,1.7392305317944199,33.29,33.03
366,6,6,23.238278378378375,77.38906557028987,road,-0.0003737596744156982,0.11794578527168367,0.5643933577118808,0.05788375801403637,0.9625199995151612,0.9733127958846933,0.9831114779477258,486.3610789268998,452.9902835280292,38.445650410255375,28.57044180442598,1.6420655910257271,45.27,43.18
367,6,7,23.238278378378375,77.3900461715278,built_up,-0.0570006606774716,0.163579549254,12.508848420226283,0.43891053866504837,0.6335107195319606,0.8161319082146903,0.32745809369861334,499.0316188587015,1962.0623933572806,38.807657067752864,24.27337961658158,1.901001098685324,47.74,48.51
368,6,8,23.238278378378375,77.39102677276571,built_up,0.18162968765732307,0.16381425469524089,11.832770535203487,0.4697041056668906,0.6233350365311754,0.8372078771425221,0.3343623387807082,498.9678230350895,731.511969947918,38.372155574025086,30.07477454856445,2.369800569924768,44.34,44.0
369,6,9,23.238278378378375,77.39200737400364,built_up,0.06949943813770323,0.10647775868648181,13.743873575360116,0.4387687191463959,0.6212384687158812,0.9214781198773913,0.2848286878834324,515.2135755753766,415.7600758056543,39.3461037915126,23.669905074277015,1.9274509994377822,46.54,47.57
370,6,10,23.238278378378375,77.39298797524157,built_up,0.00810151549500765,0.12137535359410731,14.622098837091508,0.43128210423122926,0.6165738543019088,0.8378085374739214,0.3182949026141936,488.9925187947144,1749.9425432214857,39.096277198588346,30.409219930713043,1.425869293649564,47.21,46.73
371,6,11,23.238278378378375,77.39396857647948,built_up,0.12791835566291837,0.18057351131277052,12.511297277271822,0.29607242867047834,0.7120471914585187,0.7877708533659273,0.36859485223386834,497.04226379811183,886.3734494124711,38.546713409001484,23.852495372572875,1.8424301821947,43.77,43.72
372,6,12,23.238278378378375,77.39494917771741,built_up,0.01380639410662829,0.1684276870224362,12.820885644246438,0.46115083149280506,0.6181581862364929,0.8183198875607471,0.35705151035599236,489.2978805904282,1083.6141470007603,38.40880500383196,26.255359682289104,1.3360033326965906,44.82,45.94
373,6,13,23.238278378378375,77.39592977895532,built_up,-0.07167577471558652,0.09295651582596337,11.030143567951416,0.5624842776905139,0.580332211590703,0.7599628463287568,0.30025677629840547,501.7341983735425,2016.576826730718,38.42613060825991,26.248663750319015,2.3214983010954873,46.93,48.13
374,6,14,23.238278378378375,77.39691038019325,built_up,0.0921303498192844,0.1610642555691247,11.141454816343582,0.4255408228895603,0.6545379992473059,0.8541092176033878,0.3236684243749558,505.794154709742,312.70717270205364,38.25973864310731,33.59580668852121,2.656710604031455,44.52,45.28
375,6,15,23.238278378378375,77.39789098143117,built_up,0.13339922195401002,0.14117939036908259,11.591865952587096,0.3759550102272048,0.6773060848491663,0.8010105664001065,0.39794605892532714,498.33120801573307,1239.6990767839907,38.55008867890991,18.263617929211115,1.0824846984091059,45.01,43.33
376,6,16,23.238278378378375,77.39887158266909,road,-0.022771920798920785,0.10912836091323648,0.0,0.00499411271439436,0.9972532380070831,0.9985320448635102,0.9628245890874007,492.7713213560787,914.8498161252891,38.77501864048275,37.32314364361918,2.3348476926903667,46.97,45.82
377,6,17,23.238278378378375,77.39985218390702,road,0.06223164875889788,0.10365687214165704,0.0,0.09517338043127782,0.9476546407627972,0.9324505440566937,0.9932167387235593,490.76255469196053,1399.4009055104586,37.96020875866015,24.776379230850537,1.696789375125263,44.54,45.17
378,6,18,23.238278378378375,77.40083278514494,road,0.0724891534874384,0.09468904534828863,0.0,0.0,1.0,0.9492443245537332,0.9710487459180929,491.37897474320334,1107.4209289022751,38.7571116325958,27.506552700561784,2.2377262068531043,45.36,44.73
379,6,19,23.238278378378375,77.40181338638286,road,-0.05858578787465073,0.10298335423688108,0.0,0.0,1.0,0.9549460265196233,0.902385354550496,494.7290121768885,579.6477569827821,38.87342042927539,29.653227771488393,2.14866669317072,45.38,45.45
380,6,20,23.238278378378375,77.40279398762078,road,-0.04883548201424477,0.14248237475868253,0.0,0.0,1.0,0.9488359596202657,0.9865884685527305,493.909130933941,1784.2629915008238,38.72887074478062,29.310461955688474,1.3953634739032101,46.48,46.67
381,6,21,23.238278378378375,77.4037745888587,built_up,0.02860027670230466,0.15510224167449366,15.425090716264569,0.515225934341721,0.5623748289494077,0.7812753012679484,0.31230125692313737,509.3605679230927,622.6770302496855,38.44802207582108,31.374519761288973,2.4132177856831825,45.51,45.74
382,6,22,23.238278378378375,77.40475519009662,built_up,0.13854059083413228,0.1270914583455517,13.275203605248505,0.4277379994489833,0.6319920642505741,0.8195866212643751,0.3149877447824111,501.8047972044654,1062.140542657874,38.71225221021519,30.44149127084265,1.7985266028636169,44.76,43.81
383,6,23,23.238278378378375,77.40573579133455,built_up,0.10775899377473806,0.12528432490721983,10.67476153068911,0.5100458462333812,0.6127271692647491,0.7985205548496482,0.3931369010569035,499.0838209072871,844.0392263340696,39.01971239606244,36.14798032088724,1.6208788304922783,45.18,46.1
384,6,24,23.238278378378375,77.40671639257246,built_up,0.10773053736501267,0.13770906501704852,8.924204585685274,0.4512261508140369,0.6625835711954269,0.9028854351932307,0.3533553739137833,486.5474575810925,1175.770260739019,38.47672232310693,30.926382719706798,1.963439998342916,46.09,45.62
385,6,25,23.238278378378375,77.40769699381039,road,-0.0035555291921849294,0.08376500142473654,0.0,0.04999647356593437,0.9725019395387361,0.8817250813997325,0.9164987170224204,500.96101412728996,1782.5789673861368,38.50944407389858,27.530553175134667,1.659188790259575,46.6,47.13
386,6,26,23.238278378378375,77.40867759504832,built_up,0.11323149178101914,0.11461926153401594,17.00031410254188,0.44182523688985514,0.5869929786851609,0.8632668082677577,0.3695113858300886,492.9510753343965,1336.9825473075368,39.35301796126625,25.78794665976461,1.7445640857024984,45.95,45.76
387,6,27,23.238278378378375,77.40965819628623,built_up,0.04916659226354243,0.16085427282553894,8.616028887979308,0.5282005626091808,0.6233294016851575,0.8293946663653198,0.39598815131871284,499.6481541618324,1608.7200219195424,38.62289751393462,25.684585581488868,0.9322334888460192,45.45,47.18
388,6,28,23.238278378378375,77.41063879752416,built_up,0.11045676590198313,0.1361747462285553,15.211535697423214,0.5524975065177054,0.5440110144410298,0.8735955002245607,0.25830794501499266,492.1395160738848,1673.2283778900178,38.09708241153224,33.17297507312331,0.6424169969935944,45.36,46.66
389,6,29,23.238278378378375,77.41161939876207,built_up,0.004643248673884048,0.16647383450197423,15.024957548069642,0.47731543981074304,0.5872269326233949,0.7502384186441637,0.3272434960820829,516.6241203490641,547.7728639538439,38.849188499873875,35.0208080202738,1.3508148713785275,44.41,46.33
390,6,30,23.238278378378375,77.4126,road,-0.017655440675956223,0.08007252769070519,3.036961191373799,0.0,0.969630388086262,0.9487046885525431,1.0,504.6359527034843,519.1773890839559,38.6607767605488,32.01640412121332,1.8577241725325053,45.57,47.06
391,6,31,23.238278378378375,77.41358060123792,tree,0.6465849653362932,0.2147450989463992,0.04197040935428969,0.0,0.9995802959064571,0.0,0.0,490.08412329517574,43.626975392197096,38.237833189421536,10.0,1.1456054393663597,28.14,28.02
392,6,32,23.238278378378375,77.41456120247584,tree,0.6540295808010902,0.1524275831506844,0.0,0.08464550225638563,0.9534449737589878,0.03665783639508631,0.013297006490231422,504.07404291039154,862.516419103776,38.058419122342634,19.01139947192555,1.866102545666232,31.73,31.25
393,6,33,23.238278378378375,77.41554180371377,tree,0.7440091778332025,0.18841844630855198,0.3064714139981085,0.13832330422094793,0.9208574685384975,0.0955562922022176,0.0,502.96177748951334,588.2368517296226,38.59543914356524,27.969751721578476,1.8202604581305466,31.81,30.79
394,6,34,23.238278378378375,77.41652240495168,road,0.05677504584359122,0.06874437748675191,0.0,0.017195378124506354,0.9905425420315215,1.0,0.9701057739501204,506.83293867628174,1175.095300745333,38.47595961220624,27.333230873270725,2.154879184628776,45.61,45.85
395,6,35,23.238278378378375,77.4175030061896,built_up,0.09034976594193991,0.12488920177224691,15.160795147737698,0.5584368048797373,0.5412518058387674,0.8468442154335112,0.3453229583288537,512.7312464937779,983.1865430262771,38.002300083109176,28.079634559042645,2.097175602418169,45.0,45.02
396,6,36,23.238278378378375,77.41848360742753,built_up,0.08454115222195814,0.15452677723258687,12.82481823788788,0.4632806296463538,0.6169474713156267,0.8688982787761761,0.3484497995991071,514.737998051796,1393.938502527624,38.46461049611187,33.00696998855358,2.73277277766024,45.85,45.81
397,6,37,23.238278378378375,77.41946420866545,road,-0.005728937186580088,0.13187180657571126,0.7696645868274498,0.06547131509727565,0.9562941308282239,0.953777289358548,0.9575470459343809,499.20725080726004,1036.3464927156972,38.439424594779595,32.8075599090178,2.4139967040172077,45.94,45.19
398,6,38,23.238278378378375,77.42044480990337,built_up,0.026888063059763045,0.15727735003739532,13.96652099682437,0.5613045441461206,0.55161729075139,0.8494987074006609,0.33352641967007457,506.3143550235523,618.4395620000906,38.475034207161364,28.69965338084546,1.3208573742169278,44.52,44.84
399,6,39,23.238278378378375,77.4214254111413,road,0.09509907210503753,0.1424852599224111,3.1431972528360212,0.018831149233974675,0.9582108953929538,0.9556751808701117,0.9543675090522145,503.04055116063364,744.9119358217362,38.6966358706395,21.904477393156878,2.5564358462072243,45.52,45.18
400,6,40,23.238278378378375,77.42240601237921,tree,0.7999869773355129,0.1974025250270563,0.0,0.09414368382328886,0.9482209738971912,0.054869463758508846,0.0,493.3579670180218,1779.282851016682,37.79524258148329,23.0831829927144,2.977391824077462,31.49,31.06
401,6,41,23.238278378378375,77.42338661361714,tree,0.8294990949730092,0.21028455160442755,3.2982716214678387,0.060830772939930555,0.9335603586683597,0.07784580763820331,0.03316167151243703,504.3189055558129,1414.7339096754258,38.055148548404134,28.269715794099014,1.487233588649939,30.84,30.99
402,6,42,23.238278378378375,77.42436721485505,grass,0.40550411960841615,0.2419587618793633,3.646542118242544,0.0,0.9635345788175745,0.08433761073391016,0.04906185236954664,494.8027395967349,400.53733012665805,38.30522186702966,29.667290164136023,1.538453634874676,34.29,34.22
403,6,43,23.238278378378375,77.42534781609298,grass,0.5188631424063107,0.20647146219929702,0.04612144680052325,0.0,0.9995387855319948,0.16383774074564994,0.06412704633136057,498.0740836707704,482.06168024337546,39.030471634568485,23.13076538959435,1.347115378437939,34.31,33.03
404,6,44,23.238278378378375,77.42632841733091,road,0.009184211708507983,0.12710458099849142,0.4715892601994131,0.0054549022225993515,0.9922839111755762,0.9905849379734906,0.9803518492599264,499.6651263674797,1310.8820334052912,39.447112734339356,30.642086866511352,1.8555570614519263,47.42,46.71
405,6,45,23.238278378378375,77.42730901856882,built_up,0.02078484753529411,0.21661552330925976,11.419019825798618,0.4682838886307248,0.6282536629951152,0.8783232762393105,0.33356837950397833,500.0625983539957,1098.3374811759675,38.50193718232567,20.990494419386778,2.063494626199613,46.19,46.67
406,6,46,23.238278378378375,77.42828961980675,built_up,0.025157714445597383,0.15315768276618916,7.862409597387948,0.5387073244573599,0.6250868755745724,0.8896485442489196,0.37556489430613504,486.10686310053404,719.5787855283353,38.51821799277593,17.347359099763445,2.6265412948470153,45.04,45.0
407,6,47,23.238278378378375,77.42927022104467,road,0.11336070724830323,0.23453724191118802,2.986731162642577,0.05184717051254755,0.9416167445916731,1.0,0.9161001121715932,507.96139266560266,581.2617051749522,37.52265389824288,24.499490441492085,2.6711327862162997,43.18,41.43
408,6,48,23.238278378378375,77.43025082228259,built_up,0.007364890091608789,0.10179412023684531,14.119710666964652,0.43322056760102384,0.6205315811497905,0.855042904995219,0.3493838425179726,490.9942676704142,813.162684415155,38.86178494542408,33.49225368242423,2.0622729007393246,46.95,47.58
409,6,49,23.238278378378375,77.43123142352052,road,-0.0072255723752071566,0.06784185658323919,0.0,0.0,1.0,1.0,0.976438842558673,489.6508870188809,1017.4785507525341,38.679857581348216,34.08914057946782,2.227454652409178,46.3,46.26
410,6,50,23.238278378378375,77.43221202475843,road,0.1413635928790022,0.08057711306965121,1.0665945444876643,0.005276096700144218,0.9864322013700441,1.0,0.9618186736542962,496.54963617661,1217.0109421114232,38.61325433155441,21.62024250802826,2.4216957969587685,45.54,44.58
411,6,51,23.238278378378375,77.43319262599636,road,0.03488219663722415,0.10724914453151528,0.0,0.06215443037989461,0.9658150632910579,1.0,0.9082324389252057,497.59419494252995,1089.4549480252665,38.00151470565456,21.926050322185873,2.4364883674356177,46.04,45.44
412,6,52,23.238278378378375,77.43417322723428,road,-0.03939112802997494,0.053996111967131985,0.0,0.0,1.0,0.9079383333317991,0.9570791105634191,509.3028504265307,1641.9272277403409,39.291955185127655,31.043740248056043,2.981917717617739,47.43,47.58
413,6,53,23.238278378378375,77.4351538284722,road,0.02239886081047689,0.0547876491043641,1.7892558516476194,0.007319608453227907,0.9780816568342484,1.0,1.0,493.4015069637548,197.19522467756883,39.108217175613426,18.237240267722967,2.168293065515645,45.6,43.61
414,6,54,23.238278378378375,77.43613442971012,tree,0.6567927253314145,0.19458135204803462,0.06731475437010126,0.0,0.999326852456299,0.0,0.005815639367304181,490.03124264094555,1520.3167091272626,38.617741460599966,33.46549705536694,2.3564138500391567,32.33,32.71
415,6,55,23.238278378378375,77.43711503094804,tree,0.6953143866824238,0.16118646347004864,0.0,0.013156136329029717,0.9927641250190337,0.05213046118800179,0.028078290794503757,501.4410355504465,1244.1062920890745,38.8967979024762,30.97864494630381,1.9492431609565826,32.72,33.61
416,6,56,23.238278378378375,77.43809563218596,tree,0.6580121649925146,0.15808859619806212,0.0,0.1032597619044161,0.9432071309525711,0.0,0.0032409398673243807,500.7861364808839,1149.133303619498,38.520443982783355,31.665573988371793,2.216517033471339,32.82,33.62
417,6,57,23.238278378378375,77.43907623342389,grass,0.5144381724862643,0.210745062084914,0.0,0.040731425680815864,0.9775977158755512,0.1905355831459188,0.08629993495793312,498.90676892712685,1297.0060760893825,38.82843082231194,24.712479020356486,2.0278814382773604,36.37,37.41
418,6,58,23.238278378378375,77.4400568346618,grass,0.45280315468705223,0.22440998225387757,0.0,0.04682968994277195,0.9742436705314754,0.11033045638613934,0.028205752447387447,489.8308369875274,1374.21548907773,37.977099276890975,29.775245890926318,1.4709447552744994,34.15,33.45
419,6,59,23.238278378378375,77.44103743589973,grass,0.33640726180675173,0.20255051967903304,0.0,0.014349759654380949,0.9921076321900905,0.1939925012472648,0.05287629862661748,511.58721658108493,1687.3126188882813,37.590516298152174,36.06553463760517,2.715366648053933,36.2,37.13
420,7,0,23.239179279279277,77.38318196286234,road,0.09750320938125692,0.16571382058829318,0.0,0.0,1.0,1.0,0.9498528618375102,501.7628306624557,1244.8718663162126,37.99220339133792,28.568993434454466,3.092952524899417,44.63,44.88
421,7,1,23.239179279279277,77.38416256410027,grass,0.41422447697851694,0.26862294006325077,0.0,0.034319612962077216,0.9811242128708575,0.1262114142865225,0.0,493.35375736005125,1015.5549057892581,38.17740696344959,27.819992450176244,2.1611024660483564,33.67,32.92
422,7,2,23.239179279279277,77.38514316533819,grass,0.4838750467989955,0.20898894682208347,0.0,0.0,1.0,0.2162955858357657,0.03284782474957988,503.99200717837556,1054.577493742905,38.24257498649163,26.257227444911724,2.399232032866837,34.32,34.74
423,7,3,23.239179279279277,77.3861237665761,grass,0.4108423603759289,0.27738053964860593,0.0,0.013932353421538833,0.9923372056181536,0.03942480544460534,0.013799953824119804,494.8952442586078,810.2060546091324,38.67924511351405,21.59225558658587,2.7086588935508833,32.98,33.37
424,7,4,23.239179279279277,77.38710436781403,water,-0.09787349621762036,0.03,0.0,0.0,1.0,0.0,0.06052874885797535,495.2443330016215,0.0,38.39706468043383,15.604216802196419,2.1140043334456107,35.77,37.16
425,7,5,23.239179279279277,77.38808496905196,grass,0.41446685016511786,0.2175530163870824,3.2703602337651234,0.12365079019617374,0.8992884630544532,0.13728196018503294,0.07351975067887084,513.7314198518167,1385.2685103403735,38.48853432945801,24.432709156059747,2.220547941527887,35.91,36.99
426,7,6,23.239179279279277,77.38906557028987,tree,0.8142150524167122,0.2037720339717121,0.35996839827892985,0.017517051722573396,0.9867659375697954,0.0,0.031684770417845995,487.65001983642964,427.5781660778988,38.02615608532762,21.422797859779433,2.058852421592251,29.87,29.25
427,7,7,23.239179279279277,77.3900461715278,built_up,0.0915727213415135,0.1065776421439984,10.99554895507489,0.4102550593008266,0.6644042278337965,0.8591524800408568,0.3138351437183159,507.1894590598496,1175.3823817669604,37.9915335805213,21.826071119244006,1.6192325417408038,44.89,45.2
428,7,8,23.239179279279277,77.39102677276571,built_up,0.10646454081026971,0.10410681158159012,10.752107289931283,0.4672628848828531,0.635484340415118,0.8985088815904351,0.3181082926830242,495.63553447540124,705.8788297622425,38.51644134945373,18.207261509681537,2.14654716018842,45.33,45.63
429,7,9,23.239179279279277,77.39200737400364,built_up,0.040615224904347096,0.09802797377880415,11.032746515308594,0.4529071349074795,0.6405736106478004,0.810747356809946,0.3463757486935529,498.23601273894917,1708.4679876209188,38.2831579845952,24.86995661097623,2.147006661193267,45.78,46.01
430,7,10,23.239179279279277,77.39298797524157,built_up,0.04330448979173473,0.12274351677047447,9.438769342694904,0.37299971952145,0.7004624608362534,0.8764592495723484,0.34459556814678083,500.4384788785864,1799.4110605877904,38.501826151228116,30.700991571307213,2.4236119085846206,46.39,46.12
431,7,11,23.239179279279277,77.39396857647948,built_up,0.1599248435556723,0.09061297076495592,13.344111388440098,0.4495402559405281,0.6193117453483086,0.8269204500427032,0.36310734748111767,486.1889341182337,1875.1220957773592,38.71775974607421,26.733924412998096,1.8632662113098988,46.07,47.65
432,7,12,23.239179279279277,77.39494917771741,built_up,0.11089664582431445,0.11404406765502025,10.426440578974194,0.3612249417081327,0.6970618762707851,0.8343021375081873,0.33069072091037666,489.39911690300994,1514.4261739774242,39.15579444870221,26.752056355985104,1.3007530074958935,45.8,45.24
433,7,13,23.239179279279277,77.39592977895532,built_up,0.1566078313816685,0.1391791852986657,11.285683384185585,0.4759805091437172,0.6253538861290997,0.8490180518752478,0.3067128313507525,494.7785761073019,960.7319332722519,38.49181912976591,31.067112807820592,2.4353132508940307,44.71,46.21
434,7,14,23.239179279279277,77.39691038019325,built_up,0.09489119566860175,0.14028010153629406,12.729588021001783,0.3855457003062232,0.6606539846215594,0.8832608872042464,0.35013663536034045,520.4216724332013,898.6473251581515,39.22533756010654,34.75586065994915,1.5204759122683906,47.08,45.8
435,7,15,23.239179279279277,77.39789098143117,built_up,0.09940750970656234,0.22487657486625506,12.83640694721751,0.4656495293221599,0.6155286894006369,0.8006539052624674,0.41113065468835935,490.72718731058745,1290.2199719819648,38.66250992968439,37.093320984611566,1.4799553546776612,44.67,44.33
436,7,16,23.239179279279277,77.39887158266909,road,0.001586680721497112,0.10431991212265933,0.0,0.06715636108669475,0.9630640014023178,0.9661101347040861,0.9013964136442786,510.02152477632075,809.5089040677389,38.77580132454999,28.578043205509825,1.8530380859938693,45.78,46.47
437,7,17,23.239179279279277,77.39985218390702,tree,0.7400764375038432,0.20524249146403098,1.1850858264358,0.0,0.9881491417356421,0.08476783504888935,0.015975449493394873,497.3677704255733,992.7241932031651,38.921234040773946,26.872795103425368,1.148374854458055,32.36,31.41
438,7,18,23.239179279279277,77.40083278514494,tree,0.6233980323635351,0.18576512743985407,0.0,0.0,1.0,0.05781322157691054,0.06296148351950456,493.4430947211223,1759.55113903676,38.78789863165787,26.347683957625406,2.0694264292022977,33.41,32.75
439,7,19,23.239179279279277,77.40181338638286,tree,0.7768111952109088,0.16711770772528392,0.0,0.0,1.0,0.06358769257665697,0.0,509.59485444225373,681.3483401786626,38.179317271256494,30.36480576075968,2.5716042275957394,30.03,30.51
440,7,20,23.239179279279277,77.40279398762078,tree,0.6659597411968816,0.1870087905373294,0.0,0.00042749966844016766,0.9997648751823579,0.09929946650292606,0.024689173266748965,500.9677156856218,1111.9392684929371,38.93322201644104,27.374776253561805,1.9396382147497162,32.97,31.41
441,7,21,23.239179279279277,77.4037745888587,built_up,-0.021585939417123584,0.15175513249791472,13.47984257509416,0.5494669644119998,0.5629947438224585,0.8802905400568559,0.3419220547357794,508.2591431320855,852.2546190565588,38.35036696311773,27.38908287363683,2.4780016554328506,46.6,47.59
442,7,22,23.239179279279277,77.40475519009662,built_up,0.0948294262446623,0.13066551708561933,14.32590237875827,0.4904906293098649,0.5869711300919916,0.9323775804470784,0.43069450948902555,506.99150603348806,1759.4153390159167,38.62067548786897,27.654122079102198,2.4757505167427825,48.1,49.43
443,7,23,23.239179279279277,77.40573579133455,built_up,-0.012352868851542825,0.09735866770175018,12.449431916755302,0.5153948815962773,0.5920384959544943,0.8400896290950167,0.28431459001468184,509.2127336505892,2057.0991166784684,38.5531404834538,24.231453816900764,2.2874962165830577,46.65,48.02
444,7,24,23.239179279279277,77.40671639257246,built_up,0.15685926075035736,0.17256569806359418,13.890410788981272,0.47470829904083034,0.6000063276377305,0.8536264026317983,0.4342235214736601,497.18409509994353,744.8308286468937,38.957638546264306,18.671214435767148,0.8727851434642723,45.51,45.8
445,7,25,23.239179279279277,77.40769699381039,built_up,0.14643821954623482,0.17521058152236788,11.266740480781516,0.506798291424753,0.6085935349085707,0.8249047252049283,0.3527875751624436,508.8294933676119,563.7189185196839,38.657226753411706,25.32305381100584,2.581110171538904,44.21,43.82
446,7,26,23.239179279279277,77.40867759504832,built_up,0.1453798887342162,0.14304953746763927,19.252652706943866,0.5383026871995255,0.5114069949708222,0.8451540715185367,0.37298858908463967,497.3028300969023,62.66639909285436,37.94553579780327,25.829917244978418,1.6555439082355354,43.54,43.21
447,7,27,23.239179279279277,77.40965819628623,built_up,0.06556872954373412,0.13231119172792327,9.496084414332294,0.5206592169512355,0.6186765865334976,0.74664448876953,0.3360925265937808,501.9487679363574,1004.5468672433852,39.336662703225564,33.641904419444344,2.7178779590543716,45.07,45.33
448,7,28,23.239179279279277,77.41063879752416,built_up,0.05533583162679091,0.13743408794155787,11.545236558508007,0.5262523178203607,0.5951088596137215,0.8529043203295885,0.3139900008839396,502.1415936040728,1083.719436232807,38.83397354074647,31.759130257516055,1.5399544315577047,46.83,46.95
449,7,29,23.239179279279277,77.41161939876207,built_up,0.07002740518513574,0.21263141108860456,13.170817677412007,0.5125932434695212,0.5863655393176433,0.8288803445396133,0.31116243107694397,505.4871788787472,608.029339834263,38.27980295779466,26.025085685792508,1.7659957482974353,45.18,44.84
450,7,30,23.239179279279277,77.4126,built_up,0.04592311118013483,0.12385275321384207,11.065950982590234,0.43928247397243636,0.6477351294892576,0.8268530066420403,0.3849334125084916,501.575838443722,1730.8258737856863,38.04508032283209,24.837945602497896,1.9362065888308488,46.36,47.79
451,7,31,23.239179279279277,77.41358060123792,built_up,0.125057378299351,0.15571894430822136,18.229196200754565,0.5216976759880115,0.5307743161990479,0.8531537836752476,0.3495414231335945,512.3502938494684,952.4104820735336,38.879707779020066,34.49838581897944,1.3326663948577069,46.78,46.56
452,7,32,23.239179279279277,77.41456120247584,built_up,0.04110335755537375,0.15763026613888556,11.464748124560014,0.5523850674799303,0.5815407316404382,0.8706920467070918,0.34242389328774014,504.52649257669464,209.09814353840432,38.092373474767655,15.667480520461964,1.022220389735598,44.08,45.37
453,7,33,23.239179279279277,77.41554180371377,built_up,0.08977772727949916,0.12611703845999805,20.632537008918128,0.5321022299229705,0.5010184034531849,0.8201803975108282,0.2948679305578767,510.4432495743541,781.0324189123801,38.82028674900633,28.15759169390781,0.609448220578214,46.34,46.43
454,7,34,23.239179279279277,77.41652240495168,built_up,0.03251887597547485,0.1500889764202718,15.061469444672307,0.5540587896414583,0.5446529712504748,0.850987521152968,0.35636760547546875,501.8562966054456,1128.5010935832038,38.92763314321078,34.75797428387125,3.2482906326253396,46.4,46.43
455,7,35,23.239179279279277,77.4175030061896,built_up,0.10549311175408894,0.1728335825391664,13.52753215028315,0.479032358795106,0.6012568811598602,0.8427854148447983,0.3801512327493998,485.70777633292124,75.35658139774898,38.24009293743608,20.495785642355543,1.0076224770541793,41.49,41.96
456,7,36,23.239179279279277,77.41848360742753,road,0.08509656728353945,0.15560368450553985,0.0,0.005022963541644752,0.9972373700520953,0.9600227443541492,0.939566795510335,502.44424807005134,325.87433805348996,38.20440528101889,26.82608784563324,1.2057660703843867,43.69,44.14
457,7,37,23.239179279279277,77.41946420866545,built_up,0.013566949970455933,0.13096246481236326,12.889894338597934,0.45703557804912487,0.619731488687002,0.8894823837394592,0.33329756107555863,496.62545915146524,1121.3293951149503,38.311913045687135,32.63935526490555,2.156357496401716,46.28,46.15
458,7,38,23.239179279279277,77.42044480990337,built_up,0.07226550343595005,0.1651243043871744,10.837951521948575,0.43944578858857936,0.6499253010567956,0.8345106218100696,0.3524094469174005,490.0739524472198,294.89023345877297,38.1044479499765,20.288048149703155,1.1572615600125924,44.07,44.58
459,7,39,23.239179279279277,77.4214254111413,built_up,0.09093786694027912,0.11726658298055115,9.448734340762122,0.5530891626785319,0.6013136171191862,0.8184102663536453,0.3959924641546143,500.2277663288754,1145.9493988905708,38.591827422877195,28.784684096522295,1.0374109154469007,45.91,46.53
460,7,40,23.239179279279277,77.42240601237921,built_up,0.06731001523418882,0.060345132663629106,10.13728524133761,0.4935884830796468,0.6271534818928182,0.8682364568646352,0.2784130391044751,499.57118633711633,448.2338704317124,38.648911716600686,34.05885136068434,0.4044821065424788,44.79,46.28
461,7,41,23.239179279279277,77.42338661361714,road,0.04407720990537925,0.10941797642900525,1.8587540060739338,0.053341146509375936,0.9520748293591038,1.0,0.984415743558823,497.1972601926093,2432.6689607263706,38.7909968543894,17.820299186496364,2.330089859828457,48.34,48.4
462,7,42,23.239179279279277,77.42436721485505,grass,0.37687085421030714,0.20416732666272036,2.253396456867232,0.03763606524304963,0.9567661995476504,0.12436945095711745,0.05701274631972431,483.3315427631517,1828.4068003826828,38.16667036292157,29.435360108346757,1.5310221920591254,35.52,34.82
463,7,43,23.239179279279277,77.42534781609298,bare_soil,0.1077665424680031,0.31737682546812557,0.0,0.012828425174059556,0.9929443661542673,0.17182488604275759,0.032884806063252135,502.5365636197508,1230.2855664403655,38.835983747496606,24.934719385218745,2.578734858865646,36.53,35.92
464,7,44,23.239179279279277,77.42632841733091,water,-0.1635365012938895,0.07829092637544167,0.0,0.024765502085371628,0.9863789738530456,0.04946484977167334,0.006019036880344584,489.7906216928912,0.0,38.1049295803242,19.171106735982523,2.142778162566598,35.65,37.78
465,7,45,23.239179279279277,77.42730901856882,grass,0.6066645737045557,0.2693801598096336,0.0,0.003167157684742235,0.9982580632733917,0.14660597626276722,0.022706919497280823,496.31927263884893,943.1774060161597,38.835756931286106,28.451825621681113,2.249743052634709,32.06,30.37
466,7,46,23.239179279279277,77.42828961980675,grass,0.4831313691260791,0.18554590076874974,2.9717216290234267,0.0,0.9702827837097657,0.053248786294422534,0.07497400645594782,487.63895275910687,814.859461745566,37.90533626016878,25.298117540860872,1.9050266926229167,33.54,32.47
467,7,47,23.239179279279277,77.42927022104467,grass,0.41569949608289014,0.2843182581470839,0.0,0.0,1.0,0.07090924423604293,0.04822201389619113,506.27267637266885,2247.2197833676537,39.1270959656094,28.914088703471833,2.0345256894262613,34.55,34.57
468,7,48,23.239179279279277,77.43025082228259,grass,0.5344138542591529,0.22563767781745456,0.0,0.08120137156736794,0.9553392456379476,0.08157182248368844,0.003673710551415809,496.66340958276743,499.9309376741305,38.29139342395445,29.541458817520258,1.6334041368229546,31.94,31.39
469,7,49,23.239179279279277,77.43123142352052,water,-0.12790120547025854,0.07300675010064754,1.8266415145302952,0.0,0.9817335848546971,0.0,0.0,501.67655798018495,0.0,38.73963554408869,20.813822387588267,1.707386695375114,36.0,36.74
470,7,50,23.239179279279277,77.43221202475843,water,-0.13325876267279008,0.06597630618523788,0.9712173319979249,0.06952731268446737,0.9520478047035638,0.0,0.0035561134486173057,507.6661632320426,0.0,38.77138460005861,20.445657618126877,1.513406994486445,36.34,37.0
471,7,51,23.239179279279277,77.43319262599636,water,-0.10093792687379832,0.07886013190737001,0.0,0.008424939738281135,0.9953662831439454,0.001577233930221569,0.022203369983842314,490.5049082027143,0.0,37.99218627305719,19.529597251697638,3.1026273881040853,35.64,35.16
472,7,52,23.239179279279277,77.43417322723428,grass,0.5329040438193485,0.2823249949573686,3.200323172429023,0.0,0.9679967682757098,0.12255263410218133,0.01067413700155545,502.27120474503937,814.1138419056899,38.83405326570394,27.608268364398295,1.937204512275823,32.71,34.06
473,7,53,23.239179279279277,77.4351538284722,grass,0.347191593488862,0.20966448283900502,1.806506741525038,0.014399987773690566,0.9740149393092198,0.12014739299571768,0.03865401291917511,503.23621979876566,1484.755879543351,38.27970082830756,28.31757063254039,0.8323666385782942,34.75,33.76
474,7,54,23.239179279279277,77.43613442971012,grass,0.43351911426272294,0.2224867168425885,4.358145937174227,0.007101551450056951,0.9525126873307264,0.10212817482269591,0.034115380289055974,498.2567318534702,1022.5347600230509,38.377570551859606,24.23033699738574,2.3105183871196755,34.76,34.1
475,7,55,23.239179279279277,77.43711503094804,grass,0.4625207114619259,0.20482854394122546,0.0,0.0,1.0,0.10540059022671587,0.0533677977670411,498.3046811207127,256.643753512487,38.23191109578955,25.080466694820238,1.7177556435636363,32.17,33.59
476,7,56,23.239179279279277,77.43809563218596,grass,0.4854222926433283,0.22360551528279282,0.0,0.03866351211616366,0.97873506833611,0.030078739964207638,0.07181630461297872,499.5410670428223,147.40247900202098,39.1455174292461,19.635547542684478,2.1548254932154474,32.48,31.31
477,7,57,23.239179279279277,77.43907623342389,water,-0.08930022476420575,0.06781422895727192,0.0,0.0,1.0,0.0,0.0,485.14647805449295,0.0,38.03201009968335,18.386495278434865,2.0382711482162468,35.0,35.31
478,7,58,23.239179279279277,77.4400568346618,bare_soil,0.10533854064229169,0.2580419495236521,0.0,0.03853660337264607,0.9788048681450446,0.13507840154517375,0.015359492074318672,495.33080798501135,1062.18040774435,38.67211511223885,29.583375610837045,3.0678734966063206,38.03,39.44
479,7,59,23.239179279279277,77.44103743589973,bare_soil,0.053786428141446005,0.26139041702435023,0.022030978767144917,0.01176561131744965,0.9933086039877312,0.1607203759358511,0.006362623902503441,507.10763544776336,515.5859077896556,38.25053551100815,27.541240799613153,1.964552018431461,36.59,34.25
480,8,0,23.24008018018018,77.38318196286234,tree,0.7196238615844884,0.1514764816379348,0.0,0.013050575649905034,0.9928221833925522,0.022737426566622032,0.0,510.5942655365599,1812.2804722031872,38.93642885840629,32.97049671674741,2.681921805975225,33.44,33.14
481,8,1,23.24008018018018,77.38416256410027,road,-0.08593835738155015,0.06576715615993797,1.483642678296704,0.0,0.985163573217033,1.0,0.9746534559416403,502.39572419083197,818.6316681859814,39.42854178250834,31.57873267180265,2.610714099572874,48.33,49.18
482,8,2,23.24008018018018,77.38514316533819,grass,0.4794864176918683,0.181727081357486,3.2631113335251722,0.021106929450912096,0.9557600754667467,0.05875847116212038,0.062187097125292586,517.9321991130906,1198.3657150564084,38.247861895639524,28.37176037371573,1.3556444253957045,34.28,34.04
483,8,3,23.24008018018018,77.3861237665761,grass,0.4830247913814776,0.20704512040926995,0.21338054404586307,0.0,0.9978661945595414,0.09997352432470676,0.03174309319322446,514.391982214758,387.5872721303052,38.556023523165024,31.75566020822375,2.3106737360187704,32.58,32.63
484,8,4,23.24008018018018,77.38710436781403,water,-0.11685300754646677,0.11864351653493106,0.0,0.0,1.0,0.0,0.0,485.3931698733348,0.0,38.34591909763831,20.941073538452684,1.74500398959916,36.21,36.38
485,8,5,23.24008018018018,77.38808496905196,grass,0.3906386966932726,0.22354116500971222,0.0,0.0,1.0,0.077389730347117,0.02807339270838511,495.77182194876127,711.0199021767633,38.91522847500315,23.38355203938232,1.4748052261985216,34.55,34.83
486,8,6,23.24008018018018,77.38906557028987,tree,0.7251459866368702,0.2120244964879383,0.321165489476936,0.0,0.9967883451052306,0.043842679745318754,0.0,498.88477800368906,1020.6919701124705,38.40051928992339,31.5594705305843,1.475270220749218,30.99,30.26
487,8,7,23.24008018018018,77.3900461715278,built_up,0.023992378519609274,0.11743704943004098,10.172339928072134,0.46202107451967167,0.6441650097334592,0.9046030208390046,0.31287499353768755,495.85538101405285,953.9272161498628,38.86220895455765,20.398216547766047,2.30951205552257,45.46,46.15
488,8,8,23.24008018018018,77.39102677276571,built_up,0.12857273093300747,0.14436519657894853,11.618641323269271,0.44847979733772625,0.6371496982315578,0.8201793295794534,0.4045554629741623,499.98604274063837,752.0437769040434,38.340907628865565,13.932577831321188,3.2363425561532826,44.43,44.66
489,8,9,23.24008018018018,77.39200737400364,built_up,0.0662215853721296,0.17695784972623618,10.508307744134118,0.4782046485461212,0.6319043658582921,0.8187327103614239,0.3193734521289077,505.27677928475435,723.2462463813922,39.39749499950543,30.7919841164778,1.4640344722193506,46.48,45.45
490,8,10,23.24008018018018,77.39298797524157,built_up,0.12935241500970174,0.15054877997070049,9.567131308289662,0.43599160203709164,0.6645333057967029,0.8225612854720231,0.3639590622667624,515.1023859596434,955.5995402214342,37.62339032213037,29.77424944933752,2.0168643004320446,43.15,42.73
491,8,11,23.24008018018018,77.39396857647948,built_up,0.11202657643151043,0.1407332192500255,11.986350468982684,0.43990165612669196,0.6381905844404925,0.8071291276824223,0.3634055979712982,497.6900660006449,669.7921497744156,38.650746240588404,29.507009953077354,2.040907630438397,44.01,42.74
492,8,12,23.24008018018018,77.39494917771741,built_up,0.1408503957348979,0.1429702886810703,11.525845476204971,0.5235073912962157,0.5968124800250316,0.75819592322335,0.4009128321491635,492.9584964069103,1209.756319397431,38.495783459953095,33.55822700269734,1.5784863067363253,44.2,44.39
493,8,13,23.24008018018018,77.39592977895532,built_up,0.04471617475275734,0.1123099687864273,15.545131101088419,0.5573847687619101,0.5379870661700652,0.8389387174674461,0.3634189880877718,500.4559300133,1951.6375487299276,38.48130609254444,27.901135707717057,2.48191116436348,47.27,47.71
494,8,14,23.24008018018018,77.39691038019325,built_up,-0.046789026847212076,0.1513137032381066,10.60097416494953,0.3545530911291331,0.6989860582294815,0.8319734951285379,0.4239219516364221,494.7516064767968,1464.7981157491593,38.61415769021421,26.486998971687278,3.0945602334475986,45.31,45.5
495,8,15,23.24008018018018,77.39789098143117,built_up,0.151920331823802,0.13961909592141433,12.871955436090143,0.3940019809706277,0.6545793561052533,0.8141918068413676,0.3862803049731998,500.48543277629653,1236.7975360723503,38.52337357103195,31.186559329228754,1.5869578858231486,44.44,44.93
496,8,16,23.24008018018018,77.39887158266909,road,0.037989454780983055,0.17576011832889293,0.0,0.0802705021493155,0.9558512238178765,0.9866751611103366,1.0,490.2001752859348,1129.8896603988612,38.58761538745,25.144825224921618,3.1834079987910533,45.16,45.28
497,8,17,23.24008018018018,77.39985218390702,tree,0.6963787929645918,0.18418417007550117,3.05594065666532,0.018940480267897273,0.9590233292860033,0.1110191345013469,0.0,493.41732433981025,1030.8249765523392,38.66324020962298,27.04756317697887,1.8412898734930918,33.37,34.06
498,8,18,23.24008018018018,77.40083278514494,tree,0.7176808692965349,0.1744242189352742,0.0,0.05993257949259442,0.9670370812790731,0.03185813996832562,0.07704312488850727,500.1019469216325,1333.0162712737963,39.19959240859132,29.010291849765647,1.5965161397665701,32.71,32.59
499,8,19,23.24008018018018,77.40181338638286,tree,0.753462578577821,0.1552717577894744,0.9180073038812222,0.0964166472233553,0.9377907709883424,0.06258061265501784,0.056051069582386995,505.54617475673746,1149.2259144195368,37.39376809137429,29.33016631441334,2.063736032142983,30.89,31.52
500,8,20,23.24008018018018,77.40279398762078,tree,0.7311887230634848,0.196419466773639,1.9082063661890323,0.0,0.9809179363381096,0.062365144454822746,0.012636884770107314,496.8677852507863,1631.5024891396893,39.23883183376083,26.667900707016248,2.7006381487616937,32.97,31.81
501,8,21,23.24008018018018,77.4037745888587,road,-0.013988774883831205,0.06815692819069995,1.989290563464636,0.0,0.9801070943653536,0.8836028461020717,0.9863307075995986,501.2697780044999,1208.6692662432524,39.52391920734065,26.03808278213328,2.1204588079997193,47.38,46.12
502,8,22,23.24008018018018,77.40475519009662,built_up,0.05345434551322267,0.09846781605172944,10.45576569925034,0.507919890145577,0.6160864034274293,0.7863798571040979,0.3622821162818261,496.30033649572465,1054.6358379725268,37.799568246341344,23.520324544472306,2.2368524937460985,45.33,45.41
503,8,23,23.24008018018018,77.40573579133455,built_up,0.08930888769358585,0.15160398663273583,14.754103970425081,0.5085164623102718,0.5727749060250996,0.8591984633316915,0.35944032513680696,480.5688775272531,1276.2559816223252,38.51914255907961,24.85130032357456,1.9367556145887805,46.52,47.14
504,8,24,23.24008018018018,77.40671639257246,built_up,0.08899653177321508,0.15692146595730713,10.363071892652261,0.5135952238042669,0.6138919079811305,0.7954235271717209,0.379784055048515,488.7590676634521,480.65322890272347,39.048517041117385,35.276353933666904,2.546568842734724,44.89,44.64
505,8,25,23.24008018018018,77.40769699381039,built_up,0.11205884769631887,0.12111876403168258,11.32321573483766,0.5778632756953725,0.5689430410191685,0.8973855878295933,0.37888284770163994,506.78967739152233,822.3326058727246,38.86741329507748,26.93769287853715,2.084162619252081,46.87,47.44
506,8,26,23.24008018018018,77.40867759504832,built_up,0.06772442152180308,0.12055756164399194,14.116404620308968,0.5087296314516061,0.5790346564985269,0.8283466897036511,0.373996017359316,509.47631396411504,1131.5856591687234,39.17048380827018,28.757005929444357,2.5932467350369044,45.93,46.21
507,8,27,23.24008018018018,77.40965819628623,built_up,0.18765895191455406,0.11883453283901757,9.143611173883356,0.572892222564172,0.5934731658508717,0.8114083223676634,0.3390523103289854,485.841627919031,478.4076150513901,38.648777322444744,22.034887988043064,1.4113732127928942,43.98,42.14
508,8,28,23.24008018018018,77.41063879752416,built_up,-0.010133644994754165,0.1269709020973909,12.78196817394899,0.5431221991274998,0.5734631087403852,0.9119861482177587,0.3770762505959127,487.02264291031616,1228.8276918789606,37.686882660803455,38.25284373272571,1.7234014911476527,47.72,49.81
509,8,29,23.24008018018018,77.41161939876207,built_up,0.08670528184648758,0.13706520703891706,13.729550880928562,0.5497334105270265,0.5603511154008497,0.8154056604493217,0.34270596569901435,509.47151299113466,570.9435678831306,39.02185179150127,24.554140043654705,1.8123501454928712,44.19,43.06
510,8,30,23.24008018018018,77.4126,built_up,0.018206721429494276,0.1381487795637845,10.965880161963621,0.4536611088487089,0.6408275885135738,0.8327766411462592,0.4079448753825569,499.69116723298487,1011.5425146682685,38.754190280793,23.2997027445331,1.4452056977815766,45.67,44.82
511,8,31,23.24008018018018,77.41358060123792,built_up,-0.04780890148906751,0.1531437647732284,14.019714359046105,0.5062600477207461,0.5813598301631285,0.8590025235701186,0.3568048646863184,491.5240965731365,1088.8233234858521,39.08653741482254,27.755269701640504,1.3285227033933749,46.69,47.72
512,8,32,23.24008018018018,77.41456120247584,built_up,0.15182812535162926,0.13316175573579453,11.599361402563595,0.529745175060003,0.5926465396913625,0.8927306597532214,0.3009472464281091,504.6284660702735,585.8127448122918,37.88640400074031,24.430083122301752,2.0334377855662287,44.42,44.44
513,8,33,23.24008018018018,77.41554180371377,built_up,0.09452378488278425,0.12307006174863311,12.3210053842026,0.6133155738964468,0.5394663805149282,0.7795456704733253,0.36941464710182176,513.8505952873703,1270.7737019607148,38.013604128206026,29.459925200310032,2.1203510333814797,45.62,44.93
514,8,34,23.24008018018018,77.41652240495168,built_up,0.00013417885764908932,0.10155258473253785,11.818018259403022,0.5430199433938923,0.583158848539329,0.8612971347044526,0.2991321378280123,493.01794033242425,526.7142885436658,38.506582502687124,21.953425882142945,1.8894929402982215,46.15,45.73
515,8,35,23.24008018018018,77.4175030061896,built_up,0.06915519151310644,0.19954086371873225,11.311224712751688,0.483679412561574,0.6208640759636174,0.7933429852428078,0.37542178284968925,499.6692672291592,490.0089712567735,39.03323758969011,32.54819652752661,2.4054103109600455,44.33,43.54
516,8,36,23.24008018018018,77.41848360742753,built_up,0.05823226497330008,0.11625469097126898,14.31990908424353,0.6636027129022033,0.4918194170613529,0.8775432202846118,0.34628045939570545,494.6801961000964,273.2805789214591,39.14463566156645,23.759436877349717,1.2253752778954605,46.07,45.35
517,8,37,23.24008018018018,77.41946420866545,built_up,0.12402138388418213,0.16038062535098963,12.340145160475569,0.586378190996365,0.5540905433472436,0.8510553469442542,0.3809904294158054,502.3695760162641,864.4251687537611,38.20970160903473,27.525277313959776,1.6148138240415428,44.6,45.31
518,8,38,23.24008018018018,77.42044480990337,built_up,0.02270692332155079,0.13563390222911986,15.525360405531627,0.4961225795221698,0.5718789772074903,0.8719870697801589,0.3066905647190398,506.2404666890429,1118.5884825348548,38.337424520004966,21.377921090781967,1.2365690311563342,46.49,46.04
519,8,39,23.24008018018018,77.4214254111413,built_up,0.00787335446980994,0.13327956429435164,15.653714049413189,0.45390654054452595,0.5938142622063788,0.7964524880687532,0.3472201218085402,517.0666458434575,636.0204105391155,39.648784412639756,24.75098694339118,1.9126001481412012,46.89,45.93
520,8,40,23.24008018018018,77.42240601237921,built_up,0.10971643997512973,0.14780406222804054,11.746677452832385,0.5197765302609343,0.5966561338281623,0.8276082668952522,0.3356878083953395,486.70982477781496,971.3021821922416,38.27888828104144,28.250102424356957,2.0905511038511744,45.87,45.19
521,8,41,23.24008018018018,77.42338661361714,road,0.08394561039735304,0.11172277324339057,2.7262694020560745,0.02901637229725086,0.9567783012159513,0.977022934683489,0.9248829778797272,496.1098902771088,260.4458482684827,38.77013903311247,15.157955688771626,2.9531505959590776,44.81,44.67
522,8,42,23.24008018018018,77.42436721485505,water,-0.11602473340589957,0.08437996275692461,4.288552744498083,0.026416016163943835,0.94258566366485,0.0,0.0,498.34758330236343,0.0,38.31926260086636,15.808707521468797,1.4593431332552425,36.14,35.47
523,8,43,23.24008018018018,77.42534781609298,bare_soil,0.10676301979833672,0.2962595252501679,0.0,0.03585002173577996,0.980282488045321,0.12013709886471695,0.07416728480584402,491.1001324142103,1419.6386048485947,38.68990377047635,32.19719638621751,2.404339425294987,38.17,37.89
524,8,44,23.24008018018018,77.42632841733091,road,0.013668960319862693,0.10652516298899298,0.0,0.01278022925257466,0.992970873911084,1.0,0.9923344604729227,511.26359106077905,1203.474329971782,38.15346674371308,28.619668135100863,3.0530592682342546,44.85,45.16
525,8,45,23.24008018018018,77.42730901856882,bare_soil,0.22282045435009823,0.28278917628467437,2.69360090563231,0.02143598364530737,0.9612741999387578,0.17253976842873173,0.017249366175193747,504.025375020073,1037.0277496492056,38.164865673183,28.4933229458832,1.5742177036064389,35.97,35.54
526,8,46,23.24008018018018,77.42828961980675,bare_soil,0.14477139107985337,0.30596088877980687,0.0,0.0,1.0,0.28391350757466854,0.0,493.41375823334164,507.36021464044495,38.35168681361358,30.109837703671204,1.4582518002017935,36.25,35.48
527,8,47,23.24008018018018,77.42927022104467,road,0.00981324585998131,0.09311756506049054,0.0,0.0,1.0,1.0,1.0,506.5645727841192,1647.683222430785,38.281913082006724,27.344708585023064,1.3153198331917244,46.31,45.68
528,8,48,23.24008018018018,77.43025082228259,bare_soil,0.09735539811319566,0.2831399609665174,1.0662060105757172,0.0,0.9893379398942428,0.17871349647254414,0.04418207833332307,508.72234204080087,1137.6951844473,38.37835332451308,27.761976780263897,2.5637058540228455,37.54,38.79
529,8,49,23.24008018018018,77.43123142352052,bare_soil,0.048290569153276425,0.2711322405034703,0.0,0.0037601204917363457,0.997931933729545,0.21277015556357096,0.0,501.9336897790656,1330.6428111856983,38.710340570534825,29.823942377980682,1.7632536940264287,38.9,40.86
530,8,50,23.24008018018018,77.43221202475843,water,-0.08458827742557258,0.04395409123109211,0.0,0.0204921489133134,0.9887293180976776,0.07893558856529999,0.0,504.40672160358486,0.0,39.25615138668685,23.235932331331295,2.475620782778681,37.05,37.09
531,8,51,23.24008018018018,77.43319262599636,bare_soil,0.10820233809764643,0.3144522324246202,3.0054345785772414,0.06901923670305952,0.9319850740275449,0.2229216084492766,0.10440548998630143,495.0777350978853,2222.271319793733,38.2637979834168,29.99241211995837,2.0139825660946244,38.19,38.84
532,8,52,23.24008018018018,77.43417322723428,bare_soil,0.16609796931950596,0.32021161999080155,0.0,0.04222373514818814,0.9767769456684965,0.27134870818321816,0.0,498.6933897454766,109.37365588440616,38.10461365813275,25.841552470160096,3.250068098249102,34.39,33.54
533,8,53,23.24008018018018,77.4351538284722,water,-0.1106999786109494,0.05551975419619742,0.0,0.14618216788023297,0.9195998076658719,0.08589017533985993,0.0,504.44590641279524,0.0,38.503803707139554,20.09852146639344,2.586761971864103,36.17,35.64
534,8,54,23.24008018018018,77.43613442971012,grass,0.4297261747977246,0.2253492280947565,0.6899555185374955,0.0,0.993100444814625,0.0484335322956926,0.03689186873763961,500.79522022385413,866.5877969490725,38.15946141577925,22.611313628539875,1.7129738061238993,33.4,33.8
535,8,55,23.24008018018018,77.43711503094804,grass,0.40233743160876934,0.21730662250986382,2.2153773824581826,0.0,0.9778462261754182,0.18113654153178246,0.002167178093497559,501.5448784116386,1064.7652325933263,37.84594668431255,32.35308224780682,2.0008561856922307,34.67,32.54
536,8,56,23.24008018018018,77.43809563218596,grass,0.4852776567847866,0.19655236353324412,4.818494384984389,0.0,0.9518150561501562,0.1857740119840123,0.03359953876435331,504.4193966539753,1930.5900178493625,38.92570641160823,27.01965523423385,2.6212070489853465,36.89,37.59
537,8,57,23.24008018018018,77.43907623342389,grass,0.5014596897099641,0.19809919336620815,1.5002238881565046,0.09337369863173084,0.933642226870983,0.055635414391958876,0.11473714044775911,503.0856198877485,1068.4749425218515,38.53220253541604,24.925239897096937,1.5174409746283204,35.06,34.55
538,8,58,23.24008018018018,77.4400568346618,bare_soil,0.06640263692350475,0.2733013877677518,0.0,0.0,1.0,0.18685363780721942,0.0,505.98276155923486,1197.7911210664402,38.571397378540915,30.849397693617092,2.909299648989047,37.34,36.37
539,8,59,23.24008018018018,77.44103743589973,bare_soil,0.08185232732313433,0.27023998194794374,0.8877686832896172,0.003661060523349711,0.9891087298792616,0.16495124559562113,0.015026138961617762,499.59459233946995,759.8309025242937,37.72913431224916,29.483086787175864,2.0409377511066253,35.11,35.46
540,9,0,23.24098108108108,77.38318196286234,tree,0.7026897183895643,0.19738014811262664,1.4303456497412705,0.0,0.9856965435025873,0.08383863973929884,0.0,492.4080972944534,1210.1331084510837,38.26609510629623,22.885008778719175,2.66998204130239,31.45,32.75
541,9,1,23.24098108108108,77.38416256410027,tree,0.8098539681652281,0.18489754879614617,0.0,0.07720690006033235,0.9575362049668172,0.03565307823982308,0.10938932949143977,495.90973501103406,806.8547474681225,37.93364929270943,30.682521136063183,2.0469606632221873,29.87,29.59
542,9,2,23.24098108108108,77.38514316533819,grass,0.4400182815088875,0.2125274721748895,0.0,0.13009870390792186,0.9284457128506429,0.1159313283902625,0.04856998294686334,496.3049658629046,1001.1148012886017,38.49181204113895,35.49726749331963,1.8317223352996657,34.66,34.92
543,9,3,23.24098108108108,77.3861237665761,grass,0.5115335013430621,0.16972474682230718,0.0,0.0,1.0,0.16755236528171558,0.015019321081221048,503.3292124581936,1281.335269489872,38.55372996755727,29.29447189608213,1.7875089738908043,34.7,35.11
544,9,4,23.24098108108108,77.38710436781403,grass,0.5277755047762085,0.17245830945361237,1.8399080093069426,0.0,0.9816009199069305,0.1462442096959704,0.0,500.1951445589027,1194.050828391376,38.55343971309403,26.97526504771845,3.2155847265298876,33.84,34.06
545,9,5,23.24098108108108,77.38808496905196,road,-0.030146128279224756,0.07158760961159108,0.0,0.006496556449749974,0.9964268939526375,0.9421543887847753,0.9367970574788872,484.9136211641314,1038.1467502073506,38.233221622115906,21.322977935121443,2.0200379408681366,47.06,46.16
546,9,6,23.24098108108108,77.38906557028987,road,0.0914151987975004,0.1311554097791025,0.0,0.012182636250708163,0.9932995500621105,0.9385869802202921,1.0,516.5421000521112,1284.4095980553614,38.1588117279008,36.20487313629655,4.03751339219636,45.19,45.39
547,9,7,23.24098108108108,77.3900461715278,built_up,0.23544115016368955,0.11959452885393974,8.250488096157396,0.3857690272936314,0.7053221540269288,0.8390254867462504,0.44248266204811854,497.75072698075235,751.0807154197988,38.422713447669466,25.932159150635478,2.0210458634895367,44.69,44.86
548,9,8,23.24098108108108,77.39102677276571,built_up,0.026092468425353794,0.1742006633612984,14.064417454866138,0.4064528492761991,0.635806758349429,0.7562107941961422,0.3048562582116286,513.7699506999963,1504.636468978998,38.642804966460794,22.36804601670653,1.4434006332060993,44.31,41.85
549,9,9,23.24098108108108,77.39200737400364,built_up,0.08392768253349832,0.19606499519453174,16.65581568202879,0.4382030199019351,0.5924301822336477,0.8491214119734166,0.3267181327155169,497.72317370011893,396.83751209993943,38.26831414736283,28.443379669262914,1.0452438446836856,44.97,45.74
550,9,10,23.24098108108108,77.39298797524157,built_up,-0.00942318257104359,0.08832023393282297,14.655233099652257,0.3709847835235241,0.6494060380655392,0.9474981149353077,0.3207848843520238,513.8987992542603,937.7166947436579,38.125037415028444,32.03299587309739,2.52741768847545,46.91,45.56
551,9,11,23.24098108108108,77.39396857647948,built_up,-0.013971206255228616,0.1785133669419641,15.628669895136102,0.4125727360874684,0.6167982962005313,0.8334173866701274,0.3137681625375608,499.03578644433827,1154.9139495004588,38.142114911844054,32.94365909848046,1.7643611855407442,45.55,45.67
552,9,12,23.24098108108108,77.39494917771741,built_up,0.05891701645307429,0.08543325813827443,10.846295018447977,0.5016198058915564,0.6156461565751641,0.8395550228702042,0.3369023748975317,492.55378763975386,777.2786040255096,38.236628279767544,25.31112154332766,2.279490519911317,45.34,46.71
553,9,13,23.24098108108108,77.39592977895532,built_up,0.1645368863949176,0.10580668229593679,14.269534423217095,0.47709491951189165,0.5949024500362885,0.8622405331560701,0.32070574875941527,497.18578107161665,1061.3388368957333,38.318940234385565,27.60589706284665,3.011100174721015,44.8,44.58
554,9,14,23.24098108108108,77.39691038019325,built_up,0.04875998212344823,0.1499429631210965,13.774153118005742,0.5913858283000974,0.536996263254889,0.8639095014681185,0.27351029377924646,509.30415264670944,944.7908672856825,38.0607274655749,28.001651184756362,2.1195366300112757,45.48,44.54
555,9,15,23.24098108108108,77.39789098143117,built_up,0.20071552177621124,0.18412773357515927,11.52413750678708,0.5265432000271567,0.595159864917193,0.8203022426126056,0.3501076330565877,505.4078785148316,1586.4316066590413,38.321795578756564,31.90623190403592,2.013347538207661,44.83,45.33
556,9,16,23.24098108108108,77.39887158266909,built_up,0.1337123497331744,0.14224968895738485,19.14584091910847,0.4795618942181086,0.5447825489889555,0.7696399684150351,0.293412028191627,511.79206184097876,975.5362719795876,38.99445369445835,30.37133651932197,2.401215485476584,44.16,45.42
557,9,17,23.24098108108108,77.39985218390702,road,0.03954344988324552,0.09372428360226989,0.0,0.0,1.0,1.0,0.946104803298516,503.4800430224272,1168.2891605216607,38.38219750262808,29.08249855037745,2.6824693076735784,46.99,45.99
558,9,18,23.24098108108108,77.40083278514494,tree,0.6944472759820262,0.13623808124091638,0.0,0.15133257958475332,0.9167670812283857,0.1239086722211655,0.07360730267564856,494.60314554410485,988.8601219410428,38.00446011277261,31.65930580665372,1.3943338228310516,32.92,30.8
559,9,19,23.24098108108108,77.40181338638286,tree,0.6710782324570097,0.14063753714502328,0.0,0.06630924817147894,0.9635299135056866,0.09203726834619849,0.0,497.4814715987402,1345.083770537899,37.5966026457848,22.551728778296898,2.9558327123233203,32.24,33.3
560,9,20,23.24098108108108,77.40279398762078,tree,0.6857417162887598,0.1823875873449819,1.0046186176620298,0.019546527592206552,0.9792032236476661,0.06270727138451429,0.0,495.5922032998495,391.05044237562834,39.2345546868899,29.683498261066518,2.15435401343432,32.65,33.42
561,9,21,23.24098108108108,77.4037745888587,road,-0.06368019561013634,0.10655753774929314,2.040649036467979,0.0,0.9795935096353202,0.9936486622062128,0.9813852485353357,485.3061298494292,810.9292267880311,38.9557279616088,28.88638533187936,3.0993071574627686,47.32,47.67
562,9,22,23.24098108108108,77.40475519009662,built_up,0.1787726120275024,0.15655823053272122,8.99149765670455,0.566595749115951,0.5984573614191815,0.8126131602885835,0.37765227720371036,494.4793458671938,909.0937210768456,38.61384186255462,27.79997325565042,2.102006039218814,43.95,42.33
563,9,23,23.24098108108108,77.40573579133455,built_up,0.04774743388622304,0.1400947316821552,12.338208584023022,0.5268610308098032,0.586844347214378,0.7912197495844661,0.36962638381655966,501.4022816691514,117.83294664786547,38.965081291821285,19.00130237205624,2.433202365474189,43.4,43.94
564,9,24,23.24098108108108,77.40671639257246,built_up,0.1395749996121156,0.13471136121036512,14.238853111637054,0.5800982547243168,0.5385574287852553,0.8664121121179992,0.39660812633843595,497.6536358223567,1434.9525015727397,38.71103828922044,28.536598455499984,1.6840376203422593,46.91,47.84
565,9,25,23.24098108108108,77.40769699381039,road,0.03737547706843925,0.12522900273520074,1.0090729319947607,0.062036516265476294,0.9557891867340405,1.0,0.932282180787606,494.8698636480012,885.6964271015336,38.469731928677035,25.719247621531252,1.2668101116706394,45.0,46.94
566,9,26,23.24098108108108,77.40867759504832,built_up,0.03439391353524517,0.1084342339602096,8.636481349164667,0.47040622704833,0.6549117616317718,0.9492703180555762,0.3237399900148089,515.2276823985692,1106.2259588910288,38.00392464504536,38.90916700714183,2.187862730077431,46.17,45.92
567,9,27,23.24098108108108,77.40965819628623,built_up,0.0770145187018337,0.09498184649536301,14.011672238940122,0.6446091883484115,0.5053482240189725,0.927881837200837,0.36096954610790316,490.81065307275986,421.41732737542384,39.2634534088931,33.43589692040475,2.2348492152240746,45.82,45.96
568,9,28,23.24098108108108,77.41063879752416,built_up,0.028844489396452386,0.17834464782088102,18.11049910460608,0.5613266870951472,0.5101653310516082,0.8348459782238423,0.4119484198664393,492.17141167308034,922.5690194072348,38.32518357622685,32.37163986498682,1.5002593374913176,46.09,44.15
569,9,29,23.24098108108108,77.41161939876207,built_up,0.10777795997276783,0.11411598178470803,12.46021544752282,0.5167685273397806,0.5911751554878923,0.9208363427994043,0.4265746910822835,500.9183402418925,760.5334563713465,38.347043944591725,25.881290694315563,1.738198859597617,45.68,46.55
570,9,30,23.24098108108108,77.4126,built_up,0.04400953550040223,0.1400523894035099,12.680728456905491,0.5479123771254183,0.5718409080119651,0.8706616411501962,0.33378748228838523,498.4832954990872,801.2424536605474,38.51498271376624,24.17122885719731,0.7221517792583764,45.13,45.98
571,9,31,23.24098108108108,77.41358060123792,built_up,0.06094619391643167,0.12675656368951368,15.955492508343104,0.46391860485033865,0.5852898422488827,0.9287139929500632,0.3554211785281199,504.88014060789214,1257.181641467178,38.52184854143764,27.152191273175603,1.757333530883297,46.4,46.76
572,9,32,23.24098108108108,77.41456120247584,built_up,0.03751645039816573,0.11256924331462276,11.450524802699615,0.5391786438553385,0.5889464978525676,0.8849602345775515,0.326649518991167,504.86345312142646,287.3032538235475,38.72988280583253,20.456638586083663,1.21136224814533,45.3,46.37
573,9,33,23.24098108108108,77.41554180371377,built_up,0.05686596788148503,0.17501412102834688,13.57257177741766,0.5085428181916917,0.5845757322203929,0.8171578388931201,0.22887909747727142,491.9055842367046,1428.6206862562913,38.683835023943374,22.20643986328439,2.09319257520093,45.96,45.26
574,9,34,23.24098108108108,77.41652240495168,built_up,0.045043833986226106,0.12606366913996325,8.12708205481875,0.4663274752841374,0.662249068045537,0.9095024589299876,0.3746917632264624,489.62048774848455,589.3624625266289,38.26925454020414,29.919907245767952,2.0765838918539514,44.16,43.96
575,9,35,23.24098108108108,77.4175030061896,built_up,0.07824965942007302,0.10411616803529733,8.890954282825799,0.5371932927160096,0.6156341461779367,0.878630428108662,0.3736742927891981,507.0018990843372,133.79487000903805,38.510354670703514,24.328598446575995,1.8694760610075662,43.6,43.44
576,9,36,23.24098108108108,77.41848360742753,built_up,0.08347411458961633,0.13194645907312635,13.616395407304298,0.5312810894411506,0.5716314467343242,0.8169775909696242,0.2292883818313758,509.29463216456537,1082.7328911967645,38.71723137640546,19.057290420707574,2.4806457562475406,45.79,46.78
577,9,37,23.24098108108108,77.41946420866545,built_up,-0.00905738725219045,0.15419394958978266,12.638147001296876,0.5170893270666406,0.5892194001003789,0.8115792699255483,0.3714772189060906,493.6014114278704,377.681690654641,38.23520367058068,24.398527532056303,1.9593358592334758,45.26,46.27
578,9,38,23.24098108108108,77.42044480990337,built_up,0.14790468863635975,0.13463355770699825,13.29892455437975,0.5683019820092038,0.5544446643511404,0.8166206649576911,0.33127387309412454,502.4457221577827,164.92114205094526,39.078661943309676,24.91133627340735,1.903297102432649,44.29,44.58
579,9,39,23.24098108108108,77.4214254111413,built_up,0.09326594280609288,0.117328656224559,15.707296897147227,0.5561491019500978,0.537045024955974,0.8707274178487515,0.2857216540578177,499.17283683860944,357.5864966490018,38.49189922740709,29.495861252145893,1.9498376164353517,44.71,44.95
580,9,40,23.24098108108108,77.42240601237921,built_up,0.07778816582137843,0.07054160969330785,9.607749226459777,0.5829254700463697,0.583313499209899,0.868452658800328,0.3358473661008133,492.73005341851024,415.74840934239444,39.139390321064596,24.53470850392941,1.5419133416529256,46.36,46.86
581,9,41,23.24098108108108,77.42338661361714,road,0.04200934530531154,0.09969103071222962,3.866617958293191,0.0,0.961333820417068,0.9829360246122266,0.8944598612777851,497.11440619858286,1059.0178871036014,37.94314576797023,30.94144744933454,2.7516040421118433,45.44,45.14
582,9,42,23.24098108108108,77.42436721485505,grass,0.4276328573272088,0.20543114399277304,0.8172740640383076,0.07574116407804948,0.9501696191166897,0.10724846851539137,0.07576745133892551,504.97281902015027,1526.281942393408,38.76185156166622,25.623141222452986,1.6172903566859487,33.32,34.55
583,9,43,23.24098108108108,77.42534781609298,bare_soil,0.08341680459920173,0.273792175150468,0.0,0.027313861828198796,0.9849773759944906,0.23962064111059322,0.015002247644475646,507.0136526190069,716.9042293722327,38.143852134421564,27.055513788791597,2.4389082878878603,38.02,37.61
584,9,44,23.24098108108108,77.42632841733091,bare_soil,0.17312265317394748,0.3104742832655761,1.6937408648116588,0.00670848917406065,0.9793729223061501,0.23566616662024834,0.0,501.58689811488165,1164.117970315551,38.246211356136314,23.444490620603474,2.9070244137141033,37.18,37.57
585,9,45,23.24098108108108,77.42730901856882,bare_soil,0.0402290602109109,0.29423752758818567,0.0,0.0,1.0,0.20198804796381492,0.0,500.6604323089625,1063.2099988538962,38.86194044781643,28.06765891669259,1.5841155921314494,38.22,37.68
586,9,46,23.24098108108108,77.42828961980675,bare_soil,0.07078910163846955,0.29703923376472996,0.0,0.11439871873673474,0.9370807046947959,0.19452605883346977,0.0,492.1252658702898,1620.5164204529292,38.40860909615694,32.072761065103826,1.3594702038689994,37.78,38.63
587,9,47,23.24098108108108,77.42927022104467,bare_soil,0.09545090101689276,0.239087085765101,2.134281867819417,0.0,0.9786571813218058,0.23267097555596758,0.047422641026245084,502.1957083104684,2262.1526248243786,39.53896473657304,26.089981502120025,1.5600897589944915,39.74,39.65
588,9,48,23.24098108108108,77.43025082228259,bare_soil,0.016515450424006567,0.2554614977418458,0.0,0.11305867643040608,0.9378177279632767,0.28990012350511063,0.06154763469575665,493.6470084740327,743.546918739103,38.707211154259156,30.58182888406171,3.2083958059911075,38.92,40.78
589,9,49,23.24098108108108,77.43123142352052,bare_soil,0.07028639789157275,0.25649719335877713,3.731761518189936,0.0,0.9626823848181006,0.1944250917678029,0.04097547147693726,486.6917762077282,1127.322286414601,38.22168972722719,27.800360484021798,1.8070333398382379,37.53,37.42
590,9,50,23.24098108108108,77.43221202475843,water,-0.16581230372037525,0.07116755238325045,0.0,0.0,1.0,0.01127909033531824,0.008848536095700455,498.24143528612814,0.0,38.70792027039548,24.316028461720606,1.4797250765125067,36.23,37.07
591,9,51,23.24098108108108,77.43319262599636,bare_soil,0.06788312754878705,0.30044757607118283,0.0,0.0,1.0,0.16026205941485094,0.0003441015813327314,514.9651140547674,1108.343114948705,38.405120006920065,26.14785014445345,2.4198132730302677,37.11,36.54
592,9,52,23.24098108108108,77.43417322723428,bare_soil,0.051335787831393656,0.3075645720035514,0.0,0.014187950217623528,0.992196627380307,0.1697169724786711,0.06123093264572679,495.2739219468323,1859.1615159930307,38.832820468871,34.22007932970567,0.5639477330172121,37.48,37.2
593,9,53,23.24098108108108,77.4351538284722,grass,0.3870443649282728,0.21121280842853563,3.499989464766953,0.00840871123906694,0.9603753141708437,0.21357329709028164,0.01923438203047931,502.0563428236854,2133.4832578462183,38.38152532733819,30.726355350626346,1.6014540314961774,35.62,35.58
594,9,54,23.24098108108108,77.43613442971012,tree,0.6291646069954638,0.13086749900455386,0.0,0.04066863447366629,0.9776322510394836,0.0,0.0438819622624808,504.21365355591115,2209.192899303353,38.662670617114955,28.976052003827732,3.021170223094466,33.29,33.61
595,9,55,23.24098108108108,77.43711503094804,tree,0.7827290955307423,0.19092150712493328,3.3978323378824005,0.026945197055743338,0.9512018182405172,0.026996497268639896,0.0,495.44507517045537,1203.4347731756568,38.57937297722738,29.12202957172863,1.5950257888118282,32.26,31.59
596,9,56,23.24098108108108,77.43809563218596,tree,0.7305011043209761,0.11594413205739723,0.0,0.001429088477472239,0.9992140013373902,0.07737687224399203,0.08507203530025402,501.48522828356215,790.5227457238589,38.53137153241559,26.140054192003518,2.042882937750653,31.77,31.26
597,9,57,23.24098108108108,77.43907623342389,grass,0.3409152369839117,0.24061032874337146,0.0,0.043341848858067356,0.9761619831280629,0.16987100760812845,0.0,504.4311404700717,1913.7821349654982,38.91671930371234,25.88264604479498,2.3538109298997583,36.0,36.08
598,9,58,23.24098108108108,77.4400568346618,grass,0.511142359516817,0.15710861689268635,0.0,0.0,1.0,0.12617363775735255,0.046533064939419895,478.416864976475,1139.5336829972457,37.7786989824328,29.048769653855302,2.376803621650157,32.67,33.03
599,9,59,23.24098108108108,77.44103743589973,water,-0.051956810179533595,0.08443927973672366,0.3656672987496532,0.0,0.9963433270125035,0.0,0.0,500.416747609881,0.0,38.53900421965341,15.20506624360985,1.877736999863071,34.66,34.63
600,10,0,23.24188198198198,77.38318196286234,road,0.07178999545772771,0.11257584257489724,2.737270911462079,0.0,0.9726272908853792,0.9077987715060133,0.9690821467767282,501.011036435114,1568.2696605584886,38.21953033669617,25.593232405816725,2.50015271430314,44.38,44.22
601,10,1,23.24188198198198,77.38416256410027,road,-0.045867080896975665,0.16372388265833135,1.7762560341591036,0.0,0.9822374396584089,0.9332273427017677,0.9930861364172899,491.18584174348916,2427.0759089625267,37.96053963452292,24.25097934732482,3.045938200143422,46.38,45.19
602,10,2,23.24188198198198,77.38514316533819,tree,0.6832077036060401,0.23161515643816832,0.0,0.0790373354410154,0.9565294655074416,0.013256574658674199,0.020753455141867997,506.4379946413645,1604.2805731956264,38.16487700038064,30.287284598653365,1.5358344387270448,30.61,31.06
603,10,3,23.24188198198198,77.3861237665761,tree,0.786045710019473,0.16537583655595306,0.21202093212452738,0.062419428799903566,0.9635491048388078,0.014737224914052431,0.04290164244473607,498.246718081778,1353.3054029326404,38.2520984354011,30.34810926205259,1.8814989348513596,31.54,32.3
604,10,4,23.24188198198198,77.38710436781403,tree,0.7250730129848669,0.15635150547645107,0.0,0.007246612603835297,0.9960143630678906,0.04486380006439356,0.08290943799176957,508.07964445453086,1372.7833296262045,38.405865073945726,33.07128888683528,2.1335033942444928,31.98,32.85
605,10,5,23.24188198198198,77.38808496905196,tree,0.6742112290368298,0.15527930724306138,4.934527588201027,0.0,0.9506547241179897,0.055692980907526196,0.03443794857394718,497.50941078813355,704.436631525062,38.63493173983431,26.661387337363056,2.568202091319453,32.93,33.07
606,10,6,23.24188198198198,77.38906557028987,built_up,0.032906201659610786,0.12360484993087917,9.5790649344224,0.48638944902884707,0.6366951536899101,0.8495437003263685,0.3290479559540955,500.8556643509376,1517.6068340224379,38.7169173053157,24.7689276466345,1.897273167787392,47.04,46.5
607,10,7,23.24188198198198,77.3900461715278,built_up,0.05932281763654521,0.16705943885527746,8.375955227534408,0.4884403771311951,0.6475982403024987,0.8495523830113889,0.34807950592993087,494.45588540428116,548.1654172333855,38.336372697747514,22.12281429011331,1.824342335108085,44.44,44.15
608,10,8,23.24188198198198,77.39102677276571,road,-0.07000031614892345,0.08711669993150642,1.469183051505881,0.0,0.9853081694849412,0.9025775907137845,0.9136373875664885,496.92133345996547,968.201230333969,39.133849321982055,29.083800740008055,1.2629126268500985,47.44,47.58
609,10,9,23.24188198198198,77.39200737400364,built_up,0.07226642550543413,0.17097819038155637,15.067526677582368,0.5493280199386184,0.5471943222579362,0.7687546341650715,0.31576464318654657,505.58788125647806,893.2282584138826,38.35146799029366,33.58717697053564,1.2448298833486944,45.61,45.59
610,10,10,23.24188198198198,77.39298797524157,built_up,0.13164718819095392,0.1462134029034448,16.08134385842533,0.5104691390299677,0.5584285349492644,0.903050831327949,0.33352513565225217,499.22031323225383,947.373271216322,37.7214173625273,27.70155033650786,1.9066040046643233,45.86,45.1
611,10,11,23.24188198198198,77.39396857647948,built_up,-0.010353528618994412,0.184153077664866,14.181075502939063,0.45013114173854857,0.6106171170144076,0.9152296253729987,0.32478529413011376,485.2949242523578,1583.9412445720536,38.36216345392315,28.10652488704755,1.5970586835130023,46.44,44.93
612,10,12,23.24188198198198,77.39494917771741,built_up,0.0032863860130401684,0.1341267360312805,13.012156501528302,0.49545781141219664,0.5973766387080087,0.8924200528101898,0.37323405705070045,504.3991402124962,665.6760125893722,38.51886413712086,27.975143511014217,1.6734906063952324,45.01,44.51
613,10,13,23.24188198198198,77.39592977895532,built_up,0.09765461343605944,0.09483350089849683,16.576012067311055,0.4145920535991281,0.606214249847369,0.8326780080621827,0.29724503043892864,494.1586697130748,1049.142655446849,37.19081338123808,29.01604140877088,1.8221919674437344,44.4,44.15
614,10,14,23.24188198198198,77.39691038019325,built_up,0.04827451408903989,0.17432738774436868,13.405898303431053,0.4698237251401985,0.6075379681385803,0.8433209035012976,0.3987880182822374,507.2709670662757,455.0453640432877,38.98293436605194,31.988196715299388,3.039077793032949,45.32,45.6
615,10,15,23.24188198198198,77.39789098143117,built_up,0.03916089715162371,0.15424369456053116,13.883753173993156,0.44839031488622766,0.6145477950726432,0.8874563294653312,0.31436503439254415,510.43061419085075,1271.8313593113583,38.46036933379353,35.67675463015394,1.6083346957104265,45.16,44.79
616,10,16,23.24188198198198,77.39887158266909,built_up,0.012084532961256722,0.12412769895609765,11.789115903069135,0.5165114335351954,0.5980275525249511,0.8398011550993755,0.3041804434647286,488.8459268302194,1265.0187272642133,38.039041665229874,29.99322384985946,2.544631427917656,45.83,45.6
617,10,17,23.24188198198198,77.39985218390702,built_up,0.0971742118738498,0.14316612671615098,13.979768604519498,0.48482336641081,0.5935494624288595,0.8591996178887572,0.45154022259937066,509.39653696597713,830.4808862574014,38.11594819735213,30.25708363159398,2.502461601613013,43.48,43.58
618,10,18,23.24188198198198,77.40083278514494,tree,0.6885976951739256,0.09418681807525299,2.671735382461745,0.03933026768874064,0.9516509989465751,0.02280860153617538,0.0,490.75786045448217,1181.8958313385372,38.80468999975562,27.042940504504518,2.6303823888887052,34.02,35.43
619,10,19,23.24188198198198,77.40181338638286,tree,0.7146395559802491,0.20074776052821844,0.2161078459204584,0.04833794160582422,0.9712530536575922,0.06847875701961235,0.05315181520642724,483.2825327126245,328.427710414029,38.853568471383205,27.568751150993364,1.6720837865858857,31.52,31.37
620,10,20,23.24188198198198,77.40279398762078,tree,0.6981388998067424,0.21238706354700726,4.70132431516935,0.0,0.9529867568483065,0.019420996805591003,0.0,506.9085101125853,657.3602444364375,38.24049361335039,27.514765618974344,2.23938899438622,30.74,29.35
621,10,21,23.24188198198198,77.4037745888587,road,0.2075000801614893,0.0878178823989646,5.263187742151661,0.03741836917937335,0.926788019529828,0.9285867800339317,0.9592857515457435,506.17104421240373,807.6964005125413,37.957883352907395,26.53541205503742,1.9081404506510569,43.94,43.32
622,10,22,23.24188198198198,77.40475519009662,built_up,0.13027896263313793,0.1644787147804598,15.404402332440277,0.5449313177159482,0.5462437519318256,0.7912529955346936,0.34692858498099066,501.40851730972673,28.76358704979964,38.55235221645138,20.510104378641895,2.789971231897353,42.68,44.31
623,10,23,23.24188198198198,77.40573579133455,road,0.04015411895948062,0.1070959620556957,0.0,0.0,1.0,0.964407682658285,1.0,501.7609467694189,1417.3555882081673,38.625763905322664,30.499497856464174,2.446391983735838,46.37,47.66
624,10,24,23.24188198198198,77.40671639257246,built_up,0.07293108173056108,0.08378250449494751,15.768654012900255,0.5214022407496772,0.555542227458675,0.8332199935006045,0.30788115003538113,500.58214291137085,1423.182103220562,38.72610773174299,28.254226507973872,1.7037083415332381,46.61,47.46
625,10,25,23.24188198198198,77.40769699381039,built_up,0.13596428650847758,0.18758568523355496,18.477676876363,0.4554543266400127,0.5647233515843629,0.7903189719535434,0.2776723368669379,505.05544328311674,536.5542975849537,38.27474905721903,26.877919231803794,2.7014445011262427,44.38,45.01
626,10,26,23.24188198198198,77.40867759504832,built_up,0.050649180089364226,0.13350207704217634,15.172136815533989,0.48632685406565135,0.5807988621085519,0.7870568268682956,0.35005184826124425,509.58996748923573,864.1895024486959,38.4511604570198,28.503994927140734,1.6550655578017914,44.48,45.12
627,10,27,23.24188198198198,77.40965819628623,built_up,0.032500417617078066,0.07555373958987092,16.642891761449334,0.526030340685766,0.5442543950083354,0.792628154212414,0.28138699094164876,488.4871935108643,391.4068756160773,38.508057113949,24.160574316247924,2.069574743847521,45.05,44.83
628,10,28,23.24188198198198,77.41063879752416,built_up,0.06566907582835094,0.1037377488571803,14.758206476543055,0.5521119889389768,0.5487563413181321,0.9610996144592263,0.2818222753442935,501.29183544249906,955.5093106625542,38.88672472115403,31.21336112531299,2.148282989249722,48.52,49.3
629,10,29,23.24188198198198,77.41161939876207,road,-0.03183344423538892,0.11285757192342383,1.9239859160167891,0.004824574127891626,0.9781066250694918,1.0,0.8628924952761864,493.26213269757824,1603.920113955724,39.03172144655788,26.347363644920208,2.387336085260324,47.32,48.14
630,10,30,23.24188198198198,77.4126,built_up,0.134721579995831,0.15621535133798864,17.40330788343909,0.46989961962984406,0.5675221303691949,0.889780533136141,0.3925748064967769,494.7303986705941,2180.303983894851,39.140276198673575,23.380124978420113,1.7666200629989184,47.0,47.76
631,10,31,23.24188198198198,77.41358060123792,built_up,0.09178093784372346,0.0742169287247438,15.266853818325368,0.5294106237612479,0.55615561874806,0.9082497636964759,0.3719177613356519,495.2166234217905,1617.6180494717,39.02099220617849,29.846979935052477,2.222714815533821,46.91,46.37
632,10,32,23.24188198198198,77.41456120247584,built_up,0.13636707835875864,0.11516240036953697,13.913823681271843,0.590280215473086,0.5362076446770843,0.8317868368613689,0.3366240238461098,500.2938002261159,335.6075241233809,39.22538446970783,30.04553123113635,1.4840135758964712,46.2,45.91
633,10,33,23.24188198198198,77.41554180371377,built_up,-0.05396592031461807,0.14717404586996113,9.288952925560672,0.513174987998054,0.6248642273454637,0.7614208820525714,0.28406222208954784,503.41084139295435,760.8599033129669,38.90526442924624,24.56027191109168,2.437829051899912,45.82,45.24
634,10,34,23.24188198198198,77.41652240495168,built_up,0.0644959726719126,0.10052294649127974,12.576087373210706,0.5794156644264835,0.5555605108333269,0.847395636734675,0.3829069624416794,507.7207360970073,750.7782749451328,38.2642588472853,30.4942758463611,1.6700619017551432,44.71,45.61
635,10,35,23.24188198198198,77.4175030061896,built_up,-0.03113495715522953,0.11730065302801353,13.913555029295992,0.5189236855527182,0.575456422653045,0.7972687894333124,0.3527900913689394,519.4424248218662,639.0011584663424,39.113403433778664,30.535598659024476,2.492770191093133,46.98,47.25
636,10,36,23.24188198198198,77.41848360742753,built_up,0.07983164885049351,0.10063892368307036,17.19630202844998,0.5980487293966255,0.49911017854735606,0.8902867069732958,0.4043918324521898,496.5812691624415,739.3840124865251,37.949431820773796,35.89952284771522,2.2612103785143116,45.1,45.45
637,10,37,23.24188198198198,77.41946420866545,built_up,0.18259271191319898,0.15898184308833677,8.458171129498163,0.5730467742793693,0.6002425628513652,0.8209150969615202,0.38592687298626627,503.2655237553614,29.061580539468423,39.44578593099031,19.059899532869604,2.1251012430311143,43.29,43.81
638,10,38,23.24188198198198,77.42044480990337,built_up,0.09612981022972865,0.14631883181754823,14.822212297116916,0.5745314287139889,0.5357855912361369,0.9247982979910866,0.3665555595845719,500.1831876837957,1483.245625563225,38.10990586591482,27.78249370467835,1.7474204997436962,46.87,45.6
639,10,39,23.24188198198198,77.4214254111413,built_up,0.21456444341538605,0.1674521226250427,14.325838680492451,0.5623120498018143,0.5474699858040776,0.8628021879699129,0.3507407366109331,517.3213666520511,545.7958096126167,38.85505923950542,25.572812483252747,2.3436195568403093,45.64,46.43
640,10,40,23.24188198198198,77.42240601237921,built_up,0.14929434969456196,0.13622429171898282,9.996033775672215,0.5257086606385732,0.6108998988920624,0.8226612083123043,0.37310309273670633,500.73040178126854,421.44210020969155,39.07770151633505,29.974701354085916,2.146917530826868,44.47,43.98
641,10,41,23.24188198198198,77.42338661361714,road,0.11826047480938291,0.14270402013427175,3.9651388302410036,0.011848233203405816,0.9538320834357168,0.9782133465859655,0.9781424193047448,495.3801998326328,1010.630273022677,38.6837159768631,27.981582496078804,0.3,45.51,45.11
642,10,42,23.24188198198198,77.42436721485505,grass,0.4394593260407181,0.17616897048430238,0.3186387620976808,0.0,0.9968136123790232,0.0878723917990848,0.04455139782599818,510.180265071893,535.3118548248365,37.67985939033761,31.951716064072816,1.7071938682884837,31.69,30.94
643,10,43,23.24188198198198,77.42534781609298,bare_soil,0.09980650709223858,0.2570475191092057,0.0,0.0,1.0,0.19017748585924027,0.033434866275100165,502.5635661182787,446.2566121956952,38.12082242750979,26.264198459431036,2.3012435103389244,35.84,35.91
644,10,44,23.24188198198198,77.42632841733091,bare_soil,0.19764961943502918,0.3083323691943112,0.0,0.061205544595978024,0.9663369504722121,0.2163469206298138,0.0037417878829901444,502.8646403558345,977.6216622525218,38.64272543077333,29.88742330582444,2.3359525236198686,36.31,36.25
645,10,45,23.24188198198198,77.42730901856882,road,0.06270471926888438,0.11561946569393501,0.0,0.0,1.0,1.0,0.9350537888645306,506.223572877162,1247.9443123244077,38.75424834469452,27.048621030898644,2.6242945216249804,46.11,44.86
646,10,46,23.24188198198198,77.42828961980675,bare_soil,0.09914014733063944,0.31068964573232005,0.5121041545914274,0.008182142368904362,0.9903787801511883,0.1930944656618429,0.07734222848959191,494.29386616723474,863.0935423214657,38.42848335576506,20.63007977267341,3.1172648554310816,36.58,34.97
647,10,47,23.24188198198198,77.42927022104467,bare_soil,0.04575989129520021,0.3018019323197352,0.0,0.0,1.0,0.17415316839214096,0.012508876642495515,489.99392332272686,79.19418532030727,38.52973413880802,22.512162740617246,2.551992525008178,35.79,35.61
648,10,48,23.24188198198198,77.43025082228259,bare_soil,0.1474622422435663,0.21659326881388874,2.1353444599434477,0.07792638747675738,0.935787042288349,0.19178880980324836,0.06197971786881959,499.80594864365423,1860.672483156553,37.912439244409065,21.00780071434013,0.9250080566046149,37.0,37.73
649,10,49,23.24188198198198,77.43123142352052,bare_soil,0.09262692887320735,0.20905354571706636,0.0,0.08539815967053693,0.9530310121812047,0.22674841529702092,0.0,502.63120935427787,1565.8187873515226,39.209740920366116,27.362062925154756,2.2750268131502502,39.46,40.11
650,10,50,23.24188198198198,77.43221202475843,bare_soil,0.11486301366513174,0.35879170256027143,0.0,0.05012553610223741,0.9724309551437694,0.23809686182408998,0.0,496.60447786121864,1609.0493237396824,38.34882653410239,27.42453024232832,2.89717695530879,37.26,38.16
651,10,51,23.24188198198198,77.43319262599636,bare_soil,0.12868727325625448,0.2901421518018182,0.0,0.032799932758105076,0.9819600369830422,0.2143648422041284,0.00744359909435386,502.8871349044726,915.6350126142703,38.815503490585726,27.96652234425143,2.2505944462820398,37.05,36.87
652,10,52,23.24188198198198,77.43417322723428,water,-0.13551415023300845,0.0727434340508267,0.0,0.10902647805216002,0.940035437071312,0.045593536442179484,0.0,516.2903680180867,0.0,39.0614248323047,20.189243091459797,2.2663723989480418,36.74,36.42
653,10,53,23.24188198198198,77.4351538284722,tree,0.7217673220478571,0.20692251584793958,0.0,0.0,1.0,0.021333307451641623,0.028203203181765394,502.96039746612354,1123.4607998239164,38.03798266872059,28.14987042835772,1.903450066995049,31.25,31.15
654,10,54,23.24188198198198,77.43613442971012,tree,0.7125811621092607,0.21195394117906335,0.7537148258350954,0.0020712505025971464,0.9913236639652206,0.05739352957300696,0.09343555990120875,501.38139181587286,926.404628892128,38.5512061387314,29.452290673773835,2.759921800719908,32.69,33.41
655,10,55,23.24188198198198,77.43711503094804,tree,0.6054600546833364,0.13698187877895138,0.0,0.0,1.0,0.022218927019488063,0.03404575908183237,495.45193564393355,748.2938787460266,38.61119669212147,27.565076469184802,1.9880940483668899,32.15,33.6
656,10,56,23.24188198198198,77.43809563218596,tree,0.7567586301214447,0.2210818349063404,0.0,0.012185793185390592,0.9932978137480352,0.0,0.0,495.28987337618264,1795.2482965680529,38.39677974887276,38.46278972529301,2.5488623225054705,31.29,30.88
657,10,57,23.24188198198198,77.43907623342389,tree,0.6732776382176715,0.15551698575703352,0.0902182047361243,0.001854180557492535,0.9980780186460179,0.010743426362266509,0.09944886269052954,497.87709301507704,1307.1608408503778,38.870942069025645,26.63042907674603,2.4552375773678197,32.94,32.7
658,10,58,23.24188198198198,77.4400568346618,tree,0.6958932277373735,0.19319914686453538,3.0873938992602925,0.08318318484772863,0.9233753093411463,0.01188671623680599,0.06403180705204849,504.39744655640817,1760.510309577754,38.23310228720752,23.10956342683997,2.1641053187105026,32.1,32.13
659,10,59,23.24188198198198,77.44103743589973,tree,0.7144872436384321,0.17438877680153458,2.3392866142849837,0.04773462530281436,0.9503530899406022,0.12828602819309431,0.027941902218019572,499.14468297892194,66.46670656938977,38.521991031838965,14.359947840218055,2.440998845105787,29.75,29.51
660,11,0,23.24278288288288,77.38318196286234,road,-0.06667563227972007,0.09817245184449822,0.0,0.040706528271662316,0.9776114094505858,0.9144989519210522,0.9299478268659884,496.3037880548921,1906.7619040589004,38.351642045111994,30.63302737883533,2.300217897505263,46.7,46.18
661,11,1,23.24278288288288,77.38416256410027,road,-0.006494324941178652,0.12357236354143965,0.48926531880679197,0.04516442427236398,0.9702669134621318,1.0,0.9486623954852181,486.42964389914255,1164.741610447686,39.430217183631534,21.633459130835135,2.9311064588740203,46.49,46.38
662,11,2,23.24278288288288,77.38514316533819,tree,0.7188026613280708,0.18858027699458332,0.0,0.05704505592043066,0.9686252192437631,0.050680970915749635,0.0,496.3341772900666,2221.350216103847,38.234880130621264,23.161009831472004,2.5733262062740923,31.26,30.55
663,11,3,23.24278288288288,77.3861237665761,road,0.0698626735767899,0.1414536966669321,0.0,0.0,1.0,0.9459288847059377,0.9573757495035449,498.6079853513155,989.0621967657897,38.7979783672324,22.584963789148716,2.8238335039447713,44.58,45.23
664,11,4,23.24278288288288,77.38710436781403,road,0.008155824449792758,0.08617894439974791,0.0,0.055660779191687375,0.969386571444572,0.9043430324225122,0.9638591773454092,511.040741559037,1119.2302536560724,39.21865622282493,29.82856846693238,1.7203237913548861,46.28,47.61
665,11,5,23.24278288288288,77.38808496905196,road,-0.001732561748753754,0.13772694457851767,0.0,0.0,1.0,0.9280077949807136,0.8751959611990288,498.7841258816416,556.4466008134889,38.13265389598724,33.32282953209208,1.7040285719052322,43.91,43.65
666,11,6,23.24278288288288,77.38906557028987,built_up,0.07929976920024989,0.1734508887314212,16.15489047651807,0.4328540157954155,0.6003813865473407,0.90096079159878,0.3659585060042653,496.9350910889995,203.40625591108721,38.53813317966828,16.224214082774363,1.8799485577848891,43.62,45.12
667,11,7,23.24278288288288,77.3900461715278,built_up,0.17758953962492713,0.10852693432156633,15.181451984245603,0.4650982911180812,0.5923814200425992,0.801199360737632,0.3624799344727581,517.0632884902826,1911.627214821045,38.10543482837729,29.68816575985082,2.2176516599293272,45.01,44.91
668,11,8,23.24278288288288,77.39102677276571,built_up,0.049237216631933076,0.11864057725445955,12.176726304614911,0.43988622571477637,0.6362953128107238,0.9099868692821365,0.37958356545687216,486.4620671877726,1351.5298193557344,37.694831952594704,17.45221694636456,2.1524304691876606,45.81,45.18
669,11,9,23.24278288288288,77.39200737400364,built_up,0.06925454234795791,0.141113244080842,12.746363361704686,0.5178117363646491,0.587739911382396,0.898889648177301,0.32001029037250817,499.5311042584826,876.7386793514255,38.18599302045824,25.021019629450567,1.4607828113111871,46.13,46.75
670,11,10,23.24278288288288,77.39298797524157,built_up,-0.02091075813439587,0.1367188847719673,16.929493299728772,0.3817803282551081,0.6207258864624028,0.8487969103169967,0.347754474183613,502.3018837741146,598.8938894282811,38.271854669094886,30.409899647860165,2.263524799592545,45.31,44.48
671,11,11,23.24278288288288,77.39396857647948,built_up,-0.0055066354479972185,0.09864207029616123,15.834001062495362,0.42753236794857385,0.6065171870033307,0.8250218904173413,0.43418530394451893,494.12595474578836,1231.199798975463,38.295628673900985,26.750781387176062,1.5363216602792633,46.33,46.89
672,11,12,23.24278288288288,77.39494917771741,built_up,0.1438287005975304,0.1704716056093773,9.361870378684014,0.45004185968735977,0.658858273385112,0.8651181988125992,0.42716069829533165,493.90791473087046,793.4637288773313,38.38014273263789,31.976115432505125,2.2489348863733025,44.9,45.13
673,11,13,23.24278288288288,77.39592977895532,built_up,0.10517446528406027,0.15858974682045132,14.570272629890729,0.45217333984072766,0.6056019367886925,0.8233975931532798,0.3586200479920787,510.0984905010263,901.8682140335842,38.502450963088094,19.067238966757888,1.9977379235010362,44.23,43.87
674,11,14,23.24278288288288,77.39691038019325,built_up,0.07866188599497084,0.10922214688581773,17.700777666837162,0.5107033994024968,0.5421053536602551,0.903887738977837,0.351195888322704,500.6821365219473,252.41227738398152,38.021279355600996,17.060095492136398,1.6867196371282525,44.35,43.89
675,11,15,23.24278288288288,77.39789098143117,built_up,-0.04904571218155403,0.1775571563550788,13.40470823536987,0.5215052887245633,0.5791250088477915,0.7875473123899794,0.31387743288825504,508.4984160090799,1854.761596165666,38.640648086331936,29.810985995449837,1.5621825183963056,47.0,46.21
676,11,16,23.24278288288288,77.39887158266909,built_up,0.04272355917364689,0.16014449865089167,13.844756471546656,0.5130210330776721,0.5793908670918138,0.942597951008916,0.3318719341590899,509.9257010961399,1158.2444292521698,38.98533284207188,29.76078012345441,1.8963282265918673,47.3,48.23
677,11,17,23.24278288288288,77.39985218390702,built_up,0.07898664065811087,0.18116051519099236,14.247909890180347,0.521733579242558,0.5705674325147896,0.9189721086491016,0.39997049015087566,509.615706569231,992.749346965844,39.032258088514126,30.067741006779276,1.8633686072562003,46.53,46.33
678,11,18,23.24278288288288,77.40083278514494,road,0.056410597544304636,0.1163635157920991,0.0,0.030488981698633923,0.9832310600657513,0.9930278436252263,0.9771122966930872,497.85630553796005,1684.7002583710744,38.3959302893731,28.83004650105531,1.5615167601018658,46.04,46.32
679,11,19,23.24278288288288,77.40181338638286,road,0.07673665150636956,0.1262757977154452,1.2342630842671594,0.05786406537467819,0.9558321332012554,1.0,0.9454891178581485,507.92248304658636,1007.9931078714233,38.85755516085915,23.423502008060616,2.5159942134786886,46.85,46.84
680,11,20,23.24278288288288,77.40279398762078,road,0.1450156074900197,0.14293183433140896,0.0,0.11653553447251329,0.9359054560401177,0.8748980082005084,0.9754941896267616,494.4300213644377,1848.379204864069,38.22759993060235,24.883540660216898,2.819814325821721,44.13,43.94
681,11,21,23.24278288288288,77.4037745888587,built_up,0.09516836391771721,0.11618613604738638,13.38376422045213,0.5167588333658812,0.581944999444244,0.8347111510714961,0.3368540953644198,493.99075305039156,1029.6746556840521,38.36265452274178,37.265539319214,2.2621133543759706,45.46,45.75
682,11,22,23.24278288288288,77.40475519009662,built_up,0.10347344980440394,0.110110808261721,10.012106323867727,0.5732958607604024,0.5845662133431013,0.8765960275559767,0.3792086704784493,504.40939505275304,1669.453577353025,38.65940989869255,22.962490945775187,1.9920290239278422,46.25,46.71
683,11,23,23.24278288288288,77.40573579133455,built_up,0.1398240732158758,0.22039484589246727,22.006298128459193,0.4746014844576979,0.5189062022636742,0.7401430684382077,0.3497043480861314,504.0338594390426,834.7703380281928,38.366115193903994,22.33771599033475,1.5586263875899244,43.0,43.12
684,11,24,23.24278288288288,77.40671639257246,built_up,0.12221482676346561,0.13189273773804877,12.605228711452021,0.5395570722746827,0.5771913231344042,0.8399915815467898,0.38374049376240593,496.10607442667333,719.0757606858621,37.99443747428704,30.719565495039006,1.8922093814175796,44.72,44.55
685,11,25,23.24278288288288,77.40769699381039,built_up,0.1142130106426612,0.13403610807364433,17.20526395388555,0.5243298819150006,0.5395659254078942,0.7931818121767257,0.3621851613607337,503.23430769811836,423.21801253628564,38.83330206286213,23.762921554300547,1.7304680864658415,44.12,43.14
686,11,26,23.24278288288288,77.40867759504832,built_up,0.16061572407964553,0.1977481042931068,12.904673186606377,0.6476569796445499,0.5147419293294337,0.7308933913999638,0.393044490668721,493.13789783097263,1337.2175496959092,38.168558445393046,35.168854427651866,1.833077254198562,42.89,42.35
687,11,27,23.24278288288288,77.40965819628623,built_up,0.022323440842600066,0.13794537396119616,12.49682868538417,0.5649456724507462,0.5643115932982479,0.9414962014465222,0.34568248813626373,516.8824129914067,651.1525398029994,38.29200950302811,38.93778588177282,2.280540741737175,45.21,44.93
688,11,28,23.24278288288288,77.41063879752416,built_up,0.16950588222840812,0.09122922180461593,13.840271756074838,0.5505248058217835,0.5588086392372706,0.926885280039857,0.35740995144144294,483.29533464282,185.30541608247051,38.923289075643716,19.03624161467673,1.7583775488864846,43.89,43.9
689,11,29,23.24278288288288,77.41161939876207,built_up,0.019240265037235964,0.16802150882336508,16.58983239823317,0.5633302541555928,0.5242700362320922,0.8225745103191213,0.37865552963400206,490.9638152605443,1066.9794508581247,38.714850122870985,29.23780858245752,0.8887369346212112,44.88,43.31
690,11,30,23.24278288288288,77.4126,road,0.05235107981221397,0.10176231220799706,0.9941949126142888,0.0051047176537342195,0.9872504561643033,1.0,0.8966359076607961,504.9160158442296,1350.701818452912,38.570444454575345,20.701370728796206,2.666062168875773,45.71,46.27
691,11,31,23.24278288288288,77.41358060123792,built_up,0.0992570852338667,0.158036475529745,14.302515395568076,0.622916854116801,0.5143705762800785,0.8532623563989927,0.30408234870181555,506.5617292390661,21.07183812906203,37.912277049170235,24.126420925822643,1.9646752629987718,42.43,42.72
692,11,32,23.24278288288288,77.41456120247584,built_up,0.09696678465730299,0.12847331449859062,13.436230020258536,0.5859297425843617,0.5433763413760158,0.8145355904591003,0.37048824056511326,500.454373060976,531.7232677381528,38.03467988042818,19.04545287698167,1.8716906341698574,44.85,44.33
693,11,33,23.24278288288288,77.41554180371377,road,0.11029077420277911,0.11614347830898494,1.577002333561203,0.07082943647472109,0.9452737866032913,1.0,0.9731914181542475,497.57873439192156,129.2069265808119,38.658929713492185,14.641854320109008,1.4626399071958438,43.94,43.12
694,11,34,23.24278288288288,77.41652240495168,built_up,0.09240144202878477,0.17283752947452158,15.360095767191378,0.4010627435195955,0.6258145333923086,0.8935031077413234,0.38725996619102965,497.5902224501895,1343.3620463366005,38.752012685083805,28.474369035085232,1.446072229679579,46.41,45.79
695,11,35,23.24278288288288,77.4175030061896,built_up,0.11767792486360258,0.11943479623153913,17.591740367816286,0.506931347371448,0.5452703552675408,0.8471377664480532,0.34371990748911657,493.39649478248975,1007.5946934024746,38.601207744051926,30.190628931542065,1.44867942772493,46.62,45.43
696,11,36,23.24278288288288,77.41848360742753,built_up,0.15862213397438346,0.17743225615584166,16.14926615684212,0.4819054899232202,0.5734593189738076,0.783202384956144,0.35664676479035073,499.7261196713317,614.5201983950572,38.31050405873503,22.064408184603487,1.5341762475506648,41.98,41.67
697,11,37,23.24278288288288,77.41946420866545,built_up,0.1943193918472899,0.14317580459513424,15.610711989353877,0.6119013078873559,0.5073471607684156,0.852747922483623,0.45364248671649476,492.47702158051436,569.6770475839929,38.29735784225843,25.82986551926262,1.530346064845187,44.5,44.34
698,11,38,23.24278288288288,77.42044480990337,built_up,0.023430456903049603,0.1868797485928191,16.16299291702434,0.5305404425169942,0.5465728274454098,0.8068061812522609,0.4053956200241041,502.8935017227109,1588.3041737926992,38.586332422792125,21.35370920640628,1.2205510602781502,46.24,47.07
699,11,39,23.24278288288288,77.4214254111413,built_up,0.07639103895310662,0.155346059673008,14.800570139111096,0.5212498395804573,0.5653068868396376,0.8427927920595495,0.3026278662280662,503.95285458981795,1275.2671230661701,37.99929116263054,26.73189172543895,2.8839876230365964,45.82,46.25
700,11,40,23.24278288288288,77.42240601237921,built_up,0.13940967200631918,0.1599963467951302,13.61144345048522,0.6242577139912181,0.5205438227999779,0.8946154243864772,0.4055418520662842,511.6102936357628,844.4892303741137,38.536675606880756,24.79698299910134,2.506489094890826,44.41,45.53
701,11,41,23.24278288288288,77.42338661361714,built_up,0.10327276741359422,0.16323695550492434,10.931453644560197,0.4840414719496263,0.6244626539821035,0.7850344177002462,0.3456759964592044,497.33346352630724,203.13167370278177,37.94449186952649,17.457210794805032,2.0108452326148636,42.07,42.17
702,11,42,23.24278288288288,77.42436721485505,grass,0.4589614936619207,0.21713143249850222,2.955600425192482,0.1006489539566229,0.9150870710719325,0.12282251702071165,0.002134779145350589,505.17379501877656,940.2614049430646,38.07894862158894,30.6048651294242,2.1057680974766155,33.57,32.75
703,11,43,23.24278288288288,77.42534781609298,water,-0.11440751522688991,0.05415196636460565,0.0,0.0,1.0,0.040204819608272435,0.020441023216314653,514.604609143428,0.0,38.571285640449375,21.12627675488257,3.295918572976317,35.69,37.26
704,11,44,23.24278288288288,77.42632841733091,bare_soil,0.14545769547374163,0.2708130890358228,0.0,0.0,1.0,0.16500806686190364,0.0,491.93094573940664,1768.637651414132,38.73329280489109,30.244747810302982,3.174259004853285,38.73,38.44
705,11,45,23.24278288288288,77.42730901856882,road,0.05211601277753959,0.0987042843396471,0.9961995553500522,0.0,0.9900380044464995,0.9941048858231212,1.0,499.03107242328497,98.69494762066347,38.636719919905445,19.483197265792704,1.7490520543659611,43.79,42.4
706,11,46,23.24278288288288,77.42828961980675,water,-0.12483643208660183,0.11837785984949359,0.6465741422441726,0.0,0.9935342585775583,0.11838145895919355,0.0,498.05660334709427,0.0,38.0541873660319,22.867729849228557,2.342531675984005,36.95,37.15
707,11,47,23.24278288288288,77.42927022104467,water,-0.16216012089481607,0.06643546652794531,1.5903753996151937,0.06452657226098009,0.948606631260309,0.0,0.0,503.82911453327847,0.0,37.75159283554622,19.859615175297748,2.0475809656026893,36.17,34.74
708,11,48,23.24278288288288,77.43025082228259,road,0.04442258013320702,0.11827219438720198,0.0,0.0049075427277940654,0.9973008514997133,0.9709174435688215,0.9928097490814849,517.827676005647,1130.096796786466,38.49667390425873,26.034457746626565,2.0361878311509987,44.88,44.8
709,11,49,23.24278288288288,77.43123142352052,bare_soil,0.11960566512171834,0.2876758409707021,0.0,0.03824891855524102,0.9789630947946174,0.22205882045405645,0.0,507.21653455233985,1069.4948841726937,37.740248556676505,30.282280993467158,2.083040236136131,36.34,35.91
710,11,50,23.24278288288288,77.43221202475843,road,-0.028203398308462524,0.1205481333626888,0.5924812584983157,0.04802090730553124,0.9676636883969747,1.0,0.9456309467748495,496.22330450869174,1081.128243154146,38.87777033031423,26.306313273238548,2.1208082452477743,47.0,47.47
711,11,51,23.24278288288288,77.43319262599636,bare_soil,0.14179853278011936,0.2945126313329515,0.7535305203402947,0.0,0.992464694796597,0.2498408510011612,0.0,519.8352276172386,1482.534565856911,38.067465885996526,26.682043541968135,2.319429651233051,37.52,38.38
712,11,52,23.24278288288288,77.43417322723428,grass,0.3823508758097994,0.22555687992809248,1.9317087950803282,0.0,0.9806829120491967,0.02524279762116466,0.0,504.33674355476444,244.88395535959285,39.39367561811198,24.27307915720983,2.311838191254749,33.74,33.45
713,11,53,23.24278288288288,77.4351538284722,tree,0.6330393256892386,0.19610504240801777,0.0,0.0,1.0,0.02526339263387334,0.0,503.8756274436396,740.5291468804368,38.11520332730058,31.89635083929427,3.062908316904024,32.6,32.24
714,11,54,23.24278288288288,77.43613442971012,tree,0.6878548689249677,0.19040355409761534,0.0,0.0,1.0,0.0,0.03469703383471259,500.6319437408672,907.1007040348479,38.68518144271763,26.8114478215061,1.715866210846919,32.27,32.95
715,11,55,23.24278288288288,77.43711503094804,tree,0.6577560536719892,0.18038287435960573,1.201179401314421,0.004887944066215198,0.9852998367504374,0.13190327602460766,0.04819098010420114,499.14173528260767,1557.2835104952626,38.205356984118374,31.49142835375001,2.763804257011032,33.64,32.95
716,11,56,23.24278288288288,77.43809563218596,tree,0.7229197367034647,0.1813557826356796,3.2409094932775555,0.0,0.9675909050672244,0.051165482402747924,0.06758840010598419,502.4719244653991,1026.297310254467,38.432730455499886,22.887311353528588,1.534834723547463,32.65,32.71
717,11,57,23.24278288288288,77.43907623342389,tree,0.6176304140775498,0.11188959173418872,5.19045297440187,0.015425591062540581,0.939611395171584,0.020796343045686894,0.03397827556519364,492.4186068935732,1068.2087636961671,38.573589420254095,26.83464525888447,2.2855324339325724,34.14,34.63
718,11,58,23.24278288288288,77.4400568346618,tree,0.663543576420422,0.13760179246306486,0.0,0.0,1.0,0.10106438819687301,0.0,504.27913689442306,1735.4025840430388,38.844116981223756,24.992796534227917,2.8260098901861843,33.41,32.7
719,11,59,23.24278288288288,77.44103743589973,tree,0.7209947811124474,0.17104298363036788,0.33255730131915934,0.0,0.9966744269868084,0.11019546310283151,0.0950613549657797,511.59849464296764,204.83043638371691,38.90780611204354,19.992997984500217,2.5380370524570037,30.41,30.14
720,12,0,23.243683783783784,77.38318196286234,tree,0.6937783944683932,0.18012477416343467,1.157644901056358,0.0,0.9884235509894365,0.0,0.07227158998501569,495.52704545112175,545.8421809216223,38.79092766562604,30.938343953559347,2.0008684988630443,31.02,31.11
721,12,1,23.243683783783784,77.38416256410027,tree,0.6537815515366223,0.19171423929936643,0.0,0.012081282109202502,0.9933552948399387,0.001063631862674816,0.0,511.3950413057706,1464.4964265362614,38.91505246196085,30.22270859344397,2.36457605455062,31.8,33.0
722,12,2,23.243683783783784,77.38514316533819,tree,0.6999749483257129,0.1643591483495517,3.662250922688087,0.029576502276436257,0.9471104145210791,0.10734065158178796,0.0,500.4053323214366,1442.5876416734516,38.25355440375177,29.678519557618237,3.123857306667941,32.41,31.32
723,12,3,23.243683783783784,77.3861237665761,road,-0.003004146558830474,0.1071340367298908,0.0,0.01995295987511086,0.989025872068689,0.913930291807471,0.9728788007698823,502.4857056139433,1116.1692481930402,38.759518364335484,28.549966629927518,1.8368810946914327,45.98,45.85
724,12,4,23.243683783783784,77.38710436781403,road,0.05697102873912502,0.09905178608801068,0.0,0.02718630773943391,0.9850475307433113,1.0,0.9297091904476386,495.25558166205553,1102.9404491196876,38.36364236106787,27.362524753177563,2.524740591172946,45.56,46.78
725,12,5,23.243683783783784,77.38808496905196,road,-0.003120339168841052,0.15575357329646805,0.7911892854855165,0.0007300116773607453,0.9916866007225964,0.9333637513155485,0.9795595778814655,495.10716080044466,844.9471808911585,38.89449101528806,32.804749266941855,2.7698109020495765,46.09,46.96
726,12,6,23.243683783783784,77.38906557028987,built_up,0.12635687978459514,0.15161968162975695,5.421785027871775,0.4282027321591835,0.7102706470337313,0.856275981027381,0.33641615376875356,501.28290932551846,243.6841359693517,38.54622967656354,13.813889516909455,1.73920471425176,43.43,43.18
727,12,7,23.243683783783784,77.3900461715278,built_up,-0.0898612359604435,0.11073595284889189,12.595583937940878,0.28513445405946014,0.7172202108878881,0.8078226966380246,0.2730895612320245,498.0590066197492,2105.0246861004603,38.74810499945087,25.332920195698044,2.8746016281118716,47.35,47.29
728,12,8,23.243683783783784,77.39102677276571,road,0.0169694403201539,0.10677491464007396,2.09807735197058,0.0010653278905286762,0.9784332961405033,0.969250411490533,0.9870658369658001,503.77509720409444,1248.3029304728975,38.616590232838895,29.64512827969072,3.4142258393060034,45.59,46.0
729,12,9,23.243683783783784,77.39200737400364,road,0.021673190845952074,0.0996180588581881,2.292927213079156,0.0,0.9770707278692085,1.0,0.9081141453484287,511.4702716360462,1318.324330168527,38.804151296294684,34.111526019002966,2.830219933168117,46.34,46.77
730,12,10,23.243683783783784,77.39298797524157,road,-0.028112095383120372,0.1252693590365692,0.0,0.0016714027173737743,0.9990807285054444,0.9556686431427375,0.9446835134346768,507.5314463504789,1320.3077296909612,38.17693911608733,26.616651640160992,2.856641585009957,44.76,46.0
731,12,11,23.243683783783784,77.39396857647948,road,-0.03752192350614471,0.07795710675024684,0.6769390256633334,0.017159356344788837,0.9837929637537328,0.946277751030645,1.0,506.50795949815677,727.4820382404727,37.87123420281233,26.956282607999878,1.1552405002075332,45.72,46.74
732,12,12,23.243683783783784,77.39494917771741,built_up,0.036664681051040426,0.1331656035886026,12.050363972314601,0.5578078746865889,0.5727020291992301,0.8992261486497444,0.3514027805400556,505.4232444871137,1431.4876131722745,38.89558712286021,22.840325491517397,1.166886236268599,48.25,47.01
733,12,13,23.243683783783784,77.39592977895532,built_up,0.08349564369599206,0.1520785603810727,14.549469429226377,0.5284160271822317,0.5638764907575088,0.8110598085762104,0.3228916097061575,497.6912427065116,646.9535164770195,39.037997735624515,25.833925937698083,1.7743834614571128,45.49,44.05
734,12,14,23.243683783783784,77.39691038019325,built_up,-0.008386034358139158,0.16027855882847122,14.10838274055998,0.445826254476722,0.6137117326322031,0.8379541644136231,0.3426285673098949,501.4555554280795,440.2142303132266,38.453640829854855,30.832922665486045,1.526394120604265,45.29,44.8
735,12,15,23.243683783783784,77.39789098143117,built_up,-0.0012396541596647465,0.15559173488101732,9.579692799703578,0.5096193973746173,0.6239124034469247,0.8336961407120886,0.3450686272709286,502.0217409694228,1762.0069699369387,38.82444032673578,34.31717459798104,2.1880772727936715,46.16,44.49
736,12,16,23.243683783783784,77.39887158266909,built_up,-0.01596953203545401,0.1662974474819825,7.2997861159419735,0.5990694400032525,0.5975139468387913,0.7478565329731421,0.44745578552139165,496.88185736418274,1590.1721502504015,37.848275768525745,26.82685742815003,0.4124604734110379,44.53,45.71
737,12,17,23.243683783783784,77.39985218390702,built_up,0.14504936140465186,0.12690532726086776,12.839174726437498,0.49530287992808053,0.5991916687751807,0.8893685083222145,0.33306127583126127,493.4481317755941,1196.6507447023794,38.251384109771166,24.804102850279097,2.1593496804516525,46.21,44.86
738,12,18,23.243683783783784,77.40083278514494,built_up,0.026169413515655063,0.13013053124743992,14.156862806956566,0.5124324522893334,0.5765935231713009,0.8254225659540032,0.41139932804557827,498.3661183977188,732.068861739328,38.53278185638321,28.279004991162434,1.7398160711395383,45.71,45.44
739,12,19,23.243683783783784,77.40181338638286,road,0.019492491715876678,0.12363364965497202,0.0,0.021360770022919317,0.9882515764873944,0.9927910095029621,0.8784537846370353,514.3540448272701,1627.064135988655,37.80589311694558,21.541279732854363,1.8661106583214968,46.06,45.28
740,12,20,23.243683783783784,77.40279398762078,built_up,0.03196622403530976,0.10632720386908151,14.734313358566984,0.4867694730014832,0.5849336562635143,0.9182141476851128,0.33126185056990426,512.9744554264705,470.2071059493081,37.88820472234774,32.94232786669534,2.78877137394448,46.25,44.82
741,12,21,23.243683783783784,77.4037745888587,road,0.02326787486599678,0.14801637819732097,0.0,0.013604587158787039,0.9925174770626671,1.0,0.9277581019666333,489.90608727561846,139.85468067651925,38.563180698562995,15.077068161249908,2.009128602513473,44.8,45.86
742,12,22,23.243683783783784,77.40475519009662,built_up,0.11500596496627248,0.15166335160992855,17.054226309220656,0.5559439789691617,0.5236885484747545,0.7784631371199728,0.25588990774873693,522.9437002748136,1120.597040356116,38.257727368544955,29.25516903352345,0.9956078945311713,44.85,44.33
743,12,23,23.243683783783784,77.40573579133455,built_up,0.08820750536493764,0.1483591928094145,10.92322585681978,0.5348872285831405,0.5965797657110748,0.9371665063995621,0.37633389143408874,493.89121873897653,232.8523473082871,38.361329695614515,21.195976555379833,2.074923473383745,44.63,46.35
744,12,24,23.243683783783784,77.40671639257246,built_up,0.049058353463326015,0.13053708058331367,19.71407282001723,0.5696191536767254,0.48956873727762873,0.7905224107933494,0.3476559054555966,502.114707747024,196.38302580626373,38.33747903768628,22.51096177010924,1.9333064308680574,43.91,45.17
745,12,25,23.243683783783784,77.40769699381039,built_up,0.10412993206715686,0.17626747856814712,15.015002811041024,0.5429662541577627,0.5512185321028202,0.8235564781214925,0.28364656093352547,498.9293181271797,983.7837709598729,37.986568373978116,29.022368445084048,1.7194441993344118,44.93,44.93
746,12,26,23.243683783783784,77.40867759504832,built_up,0.026202044908071313,0.19819100453082886,16.71302760940989,0.4963237115284809,0.5598916825652365,0.7613868720746221,0.31063904789184726,512.5854832540742,1266.9970476923932,38.41299086458925,28.010851160185446,2.975122412210156,44.98,43.09
747,12,27,23.243683783783784,77.40965819628623,built_up,0.1774227317334972,0.14030627859688266,14.258974530550432,0.5260605808532965,0.5680769352251827,0.8674841962458397,0.34215327332331913,498.1226224761451,1625.1649365489766,38.494518470379674,29.71439454839547,1.9241879489744438,45.72,45.41
748,12,28,23.243683783783784,77.41063879752416,built_up,0.07241926382812637,0.17992944332143054,10.84881391652694,0.7246243896039417,0.4929684465525626,0.8313364769122316,0.378287360930961,506.9301832955721,563.5715738069101,38.26691585845603,31.3387581325045,2.239199412255219,45.13,47.19
749,12,29,23.243683783783784,77.41161939876207,built_up,0.12914180540354323,0.16613009529743716,13.058053868032314,0.5562299277512361,0.5634930010564969,0.8522653411742371,0.34538024209258655,511.1450407667963,1161.2360438318178,38.29940985461205,35.18582588625819,1.9758693821527187,44.09,44.48
750,12,30,23.243683783783784,77.4126,built_up,0.07577458583221454,0.15818233876123022,9.731609735934672,0.5608892135268523,0.5941948352008845,0.8643910504159443,0.39461462007569803,501.5981546772463,1538.2363824431425,38.41841069073287,23.58992088485434,2.481486771667786,44.63,44.48
751,12,31,23.243683783783784,77.41358060123792,built_up,0.13207639148151584,0.1253501172778597,14.49083850576231,0.6117160232722594,0.5186478021426342,0.8275682223571817,0.4112516071166637,491.1301909256617,967.9551765714714,38.82790448336789,20.64380647958351,1.6161082619165532,45.6,45.05
752,12,32,23.243683783783784,77.41456120247584,built_up,0.12412680881630342,0.13059659031616694,13.472002237760352,0.5864147131382956,0.5427518853963339,0.8905999256392587,0.3300060800988858,491.44863050472566,1387.542327491141,38.46221517235302,21.812427780519986,1.2762697453075802,46.46,47.26
753,12,33,23.243683783783784,77.41554180371377,built_up,0.10395778837613526,0.17023572291468553,16.681027178624728,0.6974305205704261,0.44960294190001837,0.9057486017803272,0.3210368175250071,503.7621437378527,537.3951555007849,37.7294688421441,20.746900600724967,2.073943512359429,44.96,45.29
754,12,34,23.243683783783784,77.41652240495168,built_up,0.05275243016972998,0.09762498798154105,14.017045916115675,0.6132142929026381,0.5225616797423922,0.8466989147433129,0.3060252638700523,487.8158453402535,1877.4591601564953,38.02245725723547,23.201271139437797,1.9251247534171836,45.46,45.72
755,12,35,23.243683783783784,77.4175030061896,built_up,0.09950964518248998,0.11527792491200342,15.822783252171305,0.692278815640551,0.46101881887598384,0.8810231179822947,0.23851728523885868,521.2183335038956,96.22944760027247,38.87272558899124,14.693547550814092,2.099963593808036,45.22,46.24
756,12,36,23.243683783783784,77.41848360742753,built_up,0.06763928327739008,0.1059978709990145,12.741202455467436,0.5932530067241552,0.5462988217470403,0.7464488245600696,0.34639017658041643,509.1787393819309,415.0361523061741,38.2257579916061,26.33453236907658,1.4978689163335486,44.99,45.96
757,12,37,23.243683783783784,77.41946420866545,built_up,-0.0034171035965293306,0.13582084693532775,13.655719502272433,0.5448694446145694,0.5637646104392625,0.7905826961941192,0.37076738324744485,504.76210809153383,313.43664412166277,38.464605318101896,31.42049011120671,2.053952394965476,44.05,44.44
758,12,38,23.243683783783784,77.42044480990337,built_up,0.024364781323774405,0.14409475982017178,11.987639231298761,0.5785793140531307,0.5619049849577905,0.9234023264308031,0.34760709275086743,490.29106906048605,1053.1872797482388,39.26995641678179,30.505941503237487,1.0255380024954328,47.06,45.63
759,12,39,23.243683783783784,77.4214254111413,built_up,0.06934071622882304,0.1354952888752606,15.475680713114096,0.5986639631750249,0.5159780131225953,0.8517751082736652,0.34757278733162866,516.5083319237872,1469.4869782839573,38.75272632756727,25.51107432396646,1.541923642913378,46.58,45.7
760,12,40,23.243683783783784,77.42240601237921,built_up,0.1300127670839101,0.1439361783764059,11.649826526266443,0.6144319566897474,0.5455641585579745,0.857214707335901,0.3269132394470746,498.05487637129846,399.3175080233675,37.6406698910006,25.856564235322715,1.4541554152118863,43.39,42.84
761,12,41,23.243683783783784,77.42338661361714,built_up,0.1434397425791517,0.16049111249365358,14.485279168155062,0.5493927666655044,0.5529811866524219,0.8159665561375078,0.26479709424965914,488.69658482671946,525.334685847407,39.07796314105305,36.04310530252015,2.050990750912825,45.47,45.44
762,12,42,23.243683783783784,77.42436721485505,tree,0.6664220170791688,0.18868081873848194,2.0287343549333023,0.0,0.979712656450667,0.12044584675607174,0.0,498.9157029860138,886.3887519923362,38.55985868792465,30.379139918375294,1.8939745625276774,33.14,34.49
763,12,43,23.243683783783784,77.42534781609298,grass,0.5155311797300651,0.22317661246246534,0.3339222863953214,0.0,0.9966607771360468,0.05500466453946226,0.0738380909479033,483.3972618912225,1599.509064939617,38.64772012672201,28.690828724647364,1.3744653952196384,33.58,35.43
764,12,44,23.243683783783784,77.42632841733091,bare_soil,0.14997986933725382,0.25757436014908736,0.0,0.09479776499241536,0.9478612292541715,0.27057029032397106,0.0052223691382600945,501.07673383561905,621.8899394087478,38.621668053048865,28.48600709855725,1.8202831282183363,37.07,37.42
765,12,45,23.243683783783784,77.42730901856882,bare_soil,0.1280870386695663,0.25978288934292115,0.0,0.09051646898823709,0.9502159420564696,0.1952192976724787,0.0,489.0690236161202,1026.2805397134755,38.86534252474194,26.843011806119875,2.508132349725331,36.74,37.24
766,12,46,23.243683783783784,77.42828961980675,water,-0.14565370926956742,0.08739809425947609,0.0,0.0345125067287941,0.9810181212991632,0.0,0.0018518903710935592,497.2935742604802,0.0,38.468103425331755,28.012551989924965,2.261348759216215,36.9,35.54
767,12,47,23.243683783783784,77.42927022104467,water,-0.08971064959422836,0.13836415844343783,1.4018560001560494,0.07127029611562395,0.9467827771348463,0.0,0.013820121979612895,509.7491487121516,0.0,37.90737262652133,19.24061276557859,1.715635247422845,35.3,34.92
768,12,48,23.243683783783784,77.43025082228259,water,-0.06814040330892587,0.07016195501636815,0.0,0.05688309758016783,0.9687142963309077,0.067295562436607,0.0,494.04992820516026,0.0,38.62941036037906,20.597182983332218,2.669695595010841,36.33,35.83
769,12,49,23.243683783783784,77.43123142352052,bare_soil,0.16978203694380933,0.2521157493381245,2.0440085150543688,0.02728451715605065,0.9645534304136284,0.172745407781711,0.07255437255405066,488.3019287351902,1870.0365208121498,37.94727306348724,21.404731774354673,3.094734019759301,36.82,36.25
770,12,50,23.243683783783784,77.43221202475843,bare_soil,0.13913315185472977,0.2177960093002393,3.9796990895540336,0.04861062521099944,0.93346716523841,0.17858941582934812,0.0,487.4474660492929,2268.7749845228136,39.22663524712545,25.45453671124684,2.6722358242029,38.68,39.2
771,12,51,23.243683783783784,77.43319262599636,water,-0.15540291244971063,0.04209234313997223,0.6697978108753744,0.0,0.9933020218912463,0.0,0.03979876776641874,503.713684758555,0.0,38.35514361828385,17.797128982235144,0.8133182913661867,35.26,34.85
772,12,52,23.243683783783784,77.43417322723428,grass,0.4510984003758828,0.2067258840939999,0.0,0.0,1.0,0.07098803402362863,0.005572874498182685,494.19311318515395,1625.945547897912,38.479303792607666,29.945174550377367,2.342292980005297,33.44,31.73
773,12,53,23.243683783783784,77.4351538284722,grass,0.4962070435207832,0.19202910194827152,0.0,0.0,1.0,0.20776437991447733,0.0,498.7102048823677,1170.4352639813665,38.229589701094056,24.899123675710328,2.1148994184483514,34.68,35.44
774,12,54,23.243683783783784,77.43613442971012,water,-0.106518530442709,0.06625370377341534,2.8876999304963853,0.02272293114717271,0.9586253885640911,0.042290266187253775,0.023575197986653227,507.1515865744479,0.0,38.63566694512399,20.193248279724894,0.9623595659593951,36.51,37.59
775,12,55,23.243683783783784,77.43711503094804,water,-0.020137361992699943,0.14974411878787744,3.0433532035179796,0.0,0.9695664679648202,0.04236560209029144,0.028417407159383814,515.3623592418575,0.0,38.68174619346573,17.574580529332554,1.408394925083824,35.52,35.78
776,12,56,23.243683783783784,77.43809563218596,grass,0.4834770648835762,0.19956788965699127,1.281362760250337,0.0,0.9871863723974966,0.12397344020954443,0.0,506.3458118524472,1297.4569485929658,38.22851889811356,23.59743466752193,2.6657061439800813,35.28,35.13
777,12,57,23.243683783783784,77.43907623342389,grass,0.4591315729063143,0.2785068489954199,0.0,0.01711327123859908,0.9905877008187705,0.10501353495196276,0.037921566409629306,517.7744312371423,1249.7270586535756,38.68122553247684,23.434828900693145,2.3026999334327103,33.99,33.18
778,12,58,23.243683783783784,77.4400568346618,grass,0.41596321203070424,0.27612708386341667,0.0,0.0,1.0,0.06295781467855745,0.0,485.60027626948437,1059.9806814911185,38.52709048872105,27.306411443483864,2.248381222964623,33.35,32.6
779,12,59,23.243683783783784,77.44103743589973,grass,0.4457870420835941,0.2554158374538672,1.5735040301551628,0.029191715406433335,0.96820951622491,0.05533949974011402,0.06539733047856461,511.1298626911899,1462.686916664854,38.46165241820646,28.412252327012784,1.7869286576107497,34.0,34.96
780,13,0,23.244584684684682,77.38318196286234,tree,0.7453510521778755,0.14205923100900064,2.6360895190133187,0.08904152743807096,0.9246662647189278,0.06614761995234186,0.0,498.70404115209726,1065.084469712635,38.19938498516918,27.225099793735552,2.763509397425749,31.29,30.62
781,13,1,23.244584684684682,77.38416256410027,tree,0.6983730208103823,0.19943949191082178,0.6986602791758552,0.050196830298568446,0.9654051405440288,0.06854512723891104,0.0,495.9944638092049,969.3686095264486,39.425755317853124,24.66854801848093,1.4418858290064507,33.21,35.02
782,13,2,23.244584684684682,77.38514316533819,tree,0.7088117954028929,0.23384141074243764,4.887248979119071,0.041830060022329286,0.9281209771965282,0.055938189841680905,0.0,501.76006644584066,831.4951375335106,38.973116746217585,27.448975054388292,1.6193075552097793,31.96,32.81
783,13,3,23.244584684684682,77.3861237665761,road,0.12783131379395518,0.06181682930628532,0.9612108333252933,0.0,0.990387891666747,0.9795242407258263,0.9766427276124422,508.17574951025676,1172.0960333484875,38.791345193647516,26.709153294862034,2.001620275459298,46.05,46.36
784,13,4,23.244584684684682,77.38710436781403,road,0.07567299301089173,0.09012589704163693,0.6138459619330509,0.05011037072189324,0.9663008364836283,0.9966049739069994,0.9288262521450678,497.7676610594925,1686.4633367335214,38.95059357207417,23.832530703777987,1.2672430185530588,46.62,49.06
785,13,5,23.244584684684682,77.38808496905196,built_up,0.014489322984310563,0.11167054597977644,13.123016790994745,0.4111209176216577,0.6426533273981407,0.7773470901825155,0.4040327466816764,491.20319769696073,1055.3873263974588,38.61996337354445,28.33233703467419,1.4321526590982034,45.61,46.76
786,13,6,23.244584684684682,77.38906557028987,built_up,0.04282876137877412,0.1310694954337934,9.624374534453093,0.47944233226144045,0.6400629719116767,0.8555411762153455,0.38934614380843563,495.12665430766623,2198.376258698022,38.36026712040899,35.24130771730604,2.4284941969821365,46.45,46.06
787,13,7,23.244584684684682,77.3900461715278,built_up,-0.034278927130236655,0.0924459527623312,16.432512710592576,0.4779333624094467,0.5728115235688785,0.8670693041528037,0.3672510122927204,504.5696581612036,1258.8337968632427,37.44277391782055,27.401667758201434,1.4040626217059007,46.7,45.78
788,13,8,23.244584684684682,77.39102677276571,road,-0.02795426949750634,0.13454572715218374,1.6516955288455804,0.07142155733699151,0.9442011881761989,1.0,0.9632190431857305,490.1796078589425,1972.6455956545683,38.012405311859226,22.155677638026013,2.6089654937279882,47.72,47.34
789,13,9,23.244584684684682,77.39200737400364,tree,0.6589110038998235,0.19013892581017142,0.0,0.0,1.0,0.0882150060765759,0.029778383970718626,504.10593193014506,656.3557819000268,39.366010197563426,33.87417902466512,2.58097056526641,33.49,33.4
790,13,10,23.244584684684682,77.39298797524157,road,0.019555502077520374,0.086913950604779,0.0,0.0,1.0,1.0,0.9396244594212503,482.99521340375486,1739.9742163912165,38.96408043399578,33.02848603337734,2.0989384729950897,46.98,46.3
791,13,11,23.244584684684682,77.39396857647948,road,0.0569555624415614,0.10606968696339832,0.0,0.0,1.0,1.0,0.9520737955464014,486.0979908521482,1184.9802717354187,38.58092746776653,33.73010951737102,1.3486395304250727,45.72,44.71
792,13,12,23.244584684684682,77.39494917771741,built_up,0.15237030212209046,0.14469304005060493,10.810016863507387,0.4544820266985546,0.6419347166807211,0.8041340536140382,0.41086631988187805,499.4266875581054,160.92344866114877,37.86898539146599,19.83113057079911,1.9175015338723085,42.27,42.48
793,13,13,23.244584684684682,77.39592977895532,built_up,0.10304803555066785,0.1442311035672066,12.131094666125005,0.4623129955288929,0.6244169057978588,0.7968052550113562,0.3934653526186535,501.9801028464408,1219.321832330892,38.75391027043175,24.865781979410222,0.7932687762125854,46.13,46.93
794,13,14,23.244584684684682,77.39691038019325,built_up,0.0946855285748072,0.14983066114735466,12.26618570758757,0.512069675256943,0.5956998215328055,0.9082455902712521,0.4065836067127645,490.22326409792197,856.1735442148757,38.38878230131697,24.427896753639004,1.5781950378217782,46.17,47.84
795,13,15,23.244584684684682,77.39789098143117,built_up,0.13035712153961987,0.19646239196647192,18.06991032435782,0.4913064176515161,0.5490823670480879,0.9137523059102912,0.35234545208428064,508.3553331110059,1335.3881220858993,38.77918316571014,32.564896971469025,1.9228209984499465,45.9,45.97
796,13,16,23.244584684684682,77.39887158266909,built_up,0.004162157446114215,0.15649921869881528,16.300541183694847,0.5384980263713222,0.5408206736588242,0.8376841786346689,0.28713344352907644,505.46894013240745,1027.2706440028528,38.055232949284544,34.423515850370435,2.221821171964797,46.09,46.63
797,13,17,23.244584684684682,77.39985218390702,built_up,0.024668965117394866,0.13022480009370802,14.336699634662052,0.5196345347896381,0.5708340095190786,0.8501338563754945,0.280002694111862,510.79537357481564,913.2644805000045,38.304020332880036,24.318507618984214,1.7469146367600943,46.04,44.37
798,13,18,23.244584684684682,77.40083278514494,built_up,0.014038789610581373,0.06620873454836954,16.679633470613606,0.5831490298608759,0.5124716988703821,0.8605342856734526,0.38454592005058413,506.8871871703737,985.7765938092527,38.85404514954349,17.91957349763875,1.4773307532714026,47.95,48.72
799,13,19,23.244584684684682,77.40181338638286,built_up,0.06474714696453099,0.12748575204154228,15.307035196139829,0.6323581825839011,0.499132647617456,0.8448548414342014,0.40905909623666886,502.9852197876193,1063.0583267893846,39.27112502054125,27.928856103019733,1.4291303675738751,47.06,46.15
800,13,20,23.244584684684682,77.40279398762078,built_up,0.22430656803943838,0.18958034648655298,18.589894856737498,0.529436679596999,0.5229108776542755,0.9596091251078145,0.34671132823520173,498.18007056197195,221.77117946736553,38.23662397238024,16.382965754568144,1.5528023864536733,44.02,44.29
801,13,21,23.244584684684682,77.4037745888587,built_up,0.09957744947322937,0.10749938125692082,15.542752248106245,0.5175614506779657,0.5599136796460564,0.9398849918897402,0.37206295851506915,518.2389726059967,332.5468046031612,38.10015518786962,25.170935158008174,2.121282510186513,44.39,44.35
802,13,22,23.244584684684682,77.40475519009662,built_up,0.17295075468247853,0.08591862748901521,15.160332062433474,0.5498544559838181,0.5459767285845654,0.8276021732374821,0.3293401432836468,492.68227051718935,201.5690568981106,38.90915442165299,19.047123686615855,1.9723665160284005,44.54,44.32
803,13,23,23.244584684684682,77.40573579133455,built_up,0.053454391584111825,0.14348085191860616,17.655902558231713,0.6014341864977194,0.4926521718439371,0.9083270100647193,0.290872925121716,496.5362447543301,1175.5024595682123,37.99603259074147,29.639494228350824,1.743004177177135,45.55,44.21
804,13,24,23.244584684684682,77.40671639257246,built_up,0.10059144534748149,0.11416474656022468,17.17608735106149,0.5647312798627068,0.5176369225648965,0.811131821930314,0.3694779104198723,500.0493549226739,548.4457838449733,38.024789450993445,24.87614543153435,2.0806045733717164,44.56,43.88
805,13,25,23.244584684684682,77.40769699381039,built_up,0.04658788848517371,0.10790609600579906,13.932776126026614,0.6502844635284413,0.5030157837990912,0.8622275231494082,0.38834376323109376,504.1285483013976,495.0754599597569,38.606374217018306,28.544306133753544,1.762910562627525,45.42,44.56
806,13,26,23.244584684684682,77.40867759504832,road,-0.06894847648705459,0.08219436905888614,0.0,0.0,1.0,1.0,0.9888235386739881,517.6950371222132,412.102975812946,39.33427417825996,27.495383297196977,1.3990943942964913,46.48,45.95
807,13,27,23.244584684684682,77.40965819628623,built_up,0.1758468983638649,0.18773801616992392,14.462226508362258,0.6248909168918939,0.5116877306258356,0.9120366624570605,0.34764301509350953,498.9088657822829,474.5935140706221,38.16048544622096,18.778607058934956,1.234215060983105,44.61,45.67
808,13,28,23.244584684684682,77.41063879752416,built_up,-0.061602311119781775,0.1421141484946544,13.306605131586625,0.5493310641424717,0.5648018634057743,0.8711095825072157,0.29194751036715605,506.44863913024494,1025.9483951066686,38.352097630619305,30.179900559346144,2.115188851090722,46.79,46.47
809,13,29,23.244584684684682,77.41161939876207,built_up,0.05598840729816489,0.13810069241466624,12.128918621865273,0.6417543628904102,0.5257459141916216,0.8593682120525632,0.3604739981835817,504.015123037385,460.4560762058298,38.54452147196627,26.19598033186631,1.1146542150232621,43.76,43.15
810,13,30,23.244584684684682,77.4126,built_up,-0.011143496495256033,0.16871955124737895,16.834024996100396,0.5778504463666461,0.5138420045373407,0.870455509956502,0.400318937548718,509.10960642467154,498.5531929908545,38.310913195186004,22.944549648355263,1.5880473168906732,45.6,46.18
811,13,31,23.244584684684682,77.41358060123792,built_up,-0.009325662726055076,0.10048354581209741,14.3251563248631,0.6773532893864993,0.4842041275887944,0.8135777293929316,0.32614688587962576,495.0647112150535,515.7983850073581,37.79326619569076,25.09600812705104,1.6917384357066918,44.83,45.12
812,13,32,23.244584684684682,77.41456120247584,built_up,0.07932638935480237,0.10159849476344734,17.79217834103757,0.5958574414228307,0.49435662380706735,0.9739567287362667,0.3030571600579994,512.7189293745993,1479.8214364696514,38.82078286940321,28.81186281089329,1.2604209387415637,48.78,50.61
813,13,33,23.244584684684682,77.41554180371377,built_up,0.05529895946926107,0.12814818159464397,12.739641363134677,0.5557220757829044,0.5669564446880557,0.849969702511257,0.3508278393698544,487.18115786447066,1935.01488629228,38.574530013721215,28.18493245973786,0.9916061816997951,45.68,46.59
814,13,34,23.244584684684682,77.41652240495168,built_up,0.06442898857021627,0.14196836831651566,13.424079843314434,0.5852495573995531,0.5438719449971015,0.8321060944377896,0.34988278296698955,499.8832807165751,1196.3967356796738,38.646746178658745,30.577730288093726,1.2223484226793644,47.13,45.34
815,13,35,23.244584684684682,77.4175030061896,built_up,0.09363319622592657,0.16112849061198511,14.89761968666019,0.6068466195093641,0.5172581624032477,0.8379347158658365,0.3901244693735059,502.5809794361274,722.1611361892163,38.44331845510111,29.746334334106248,0.8990211651137735,45.64,46.36
816,13,36,23.244584684684682,77.41848360742753,built_up,0.06872539192692076,0.1367228197625901,14.917024929839314,0.5884768838993848,0.5271674645569452,0.822057917239432,0.3805960222107304,506.6246079403854,1701.8303703096517,39.10527009714686,23.313586240676628,2.0814784007553144,46.52,47.14
817,13,37,23.244584684684682,77.41946420866545,built_up,0.04378221736131433,0.15999316175456318,9.97382337595996,0.6281188199177611,0.5547964152856318,0.7771708942496407,0.3106267558571086,502.65780263212656,509.2504822888439,38.29818450974188,16.18276262274433,2.004235334661337,43.86,45.35
818,13,38,23.244584684684682,77.42044480990337,built_up,0.03449878939982538,0.12545551932504964,16.464208351044054,0.5347910921600285,0.5412228158015437,0.8472922567888732,0.33485374861842654,506.5591261706321,1255.3740872648782,38.06917988543546,28.483621435548205,1.4241394735416504,45.67,45.49
819,13,39,23.244584684684682,77.4214254111413,built_up,-0.030116907846166746,0.17135328256292945,12.995227910591739,0.587454317269684,0.5469478463957564,0.8030545629808351,0.3648453841083913,520.4107916289688,907.6416009919342,39.16548277035207,30.52380483194342,1.129577958154933,46.68,47.67
820,13,40,23.244584684684682,77.42240601237921,built_up,0.05240913694121859,0.13303516295973378,10.72079685267191,0.6417655268235648,0.5398209917203203,0.8656441553798305,0.3080440837480861,491.86945367897,865.4942168136672,37.62055220595566,27.19022276568167,2.3660096030505824,44.49,44.17
821,13,41,23.244584684684682,77.42338661361714,built_up,0.13591972360030924,0.10547030273789088,17.038203491044758,0.5579249362420884,0.5227592501564038,0.8034878307496451,0.33129238293708085,513.9884310170377,178.6061742583853,38.43848076183184,22.64241789528463,1.9937995849591648,43.53,43.79
822,13,42,23.244584684684682,77.42436721485505,road,-0.013913577356768798,0.13857750753904763,0.541142608634087,0.0,0.9945885739136592,1.0,0.9904918293267672,502.65112534814466,582.3592649907293,38.46979696407266,23.99342872813518,1.8234219287094484,44.99,44.04
823,13,43,23.244584684684682,77.42534781609298,tree,0.6925017228099385,0.18854028195895195,0.0,0.06638924405665562,0.9634859157688394,0.13501045443379192,0.01056180600638917,502.8488359394465,1498.2108594415251,38.45417907357978,26.615923749114266,2.8697376723428754,33.6,32.36
824,13,44,23.244584684684682,77.42632841733091,water,0.01733365031406131,0.12670944006472096,0.0,0.0,1.0,0.025034412574160954,0.0,514.2621339603229,0.0,37.87951527310271,16.317693514686106,2.2825627425244073,34.32,35.1
825,13,45,23.244584684684682,77.42730901856882,bare_soil,0.0710441915244762,0.27512799940282834,0.0,0.0,1.0,0.18872838253333085,0.04817031658987434,492.8922826901293,367.1260208026258,38.02598201430099,30.78919167773512,2.390808657550301,35.63,35.63
826,13,46,23.244584684684682,77.42828961980675,water,-0.1962725849340892,0.04915095161879811,0.0,0.009358720030760664,0.9948527039830817,0.0,0.0,492.5644206587831,0.0,38.88319614729813,16.35839681816034,1.5715733567478214,36.93,35.78
827,13,47,23.244584684684682,77.42927022104467,water,-0.13326962465773873,0.06208137812314804,1.7226420424345268,0.0,0.9827735795756547,0.0,0.0,506.47107980830054,0.0,39.0541360788993,28.239396944362426,1.2813663593012128,36.39,37.12
828,13,48,23.244584684684682,77.43025082228259,water,-0.03695819659604835,0.045428894719855735,0.0,0.0,1.0,0.0,0.0,513.8634220658818,0.0,38.33307593367182,17.992023524722786,1.2579586420185522,35.53,33.07
829,13,49,23.244584684684682,77.43123142352052,water,-0.10764729891026599,0.04063305141222347,0.0,0.0,1.0,0.0,0.0,498.1917998793662,0.0,38.127734512469296,23.19272300156325,3.4498199854200227,34.94,34.21
830,13,50,23.244584684684682,77.43221202475843,bare_soil,0.08244322730958166,0.2950527542021103,0.0,0.0,1.0,0.2146421879969034,0.0,502.7321951692868,281.86530803830783,37.78608358331929,18.043417373146248,1.7034561334354303,35.99,34.5
831,13,51,23.244584684684682,77.43319262599636,bare_soil,0.17330697437593232,0.2909740219928109,0.139163508773668,0.05624090131529204,0.9676758691888527,0.18353254703816926,0.0,510.98035427277796,1984.5818280991093,38.876227906401525,33.35048601190537,2.210153248169085,37.55,38.63
832,13,52,23.244584684684682,77.43417322723428,bare_soil,0.07839373763293422,0.2765877028867656,2.6126063581536356,0.0,0.9738739364184636,0.2297294254368992,0.041216143899535304,495.50156339554763,1296.0214617536296,38.89985871840261,33.19803657245902,2.4498949495174562,38.29,37.9
833,13,53,23.244584684684682,77.4351538284722,bare_soil,0.11962843832940377,0.24349394219818715,0.0,0.0,1.0,0.24642599254013023,0.048454326492533104,505.99930334657296,1329.0052882790762,37.37568314357931,26.704936117712684,2.187506116741795,37.26,37.33
834,13,54,23.244584684684682,77.43613442971012,bare_soil,0.14476957842938637,0.2883268134866449,1.0189926385540855,0.023768129183210123,0.9767376025636936,0.12977889171363094,0.0,491.76862700414364,1685.437877550421,37.53043528307201,29.098797622682145,2.087839956380755,36.03,36.3
835,13,55,23.244584684684682,77.43711503094804,bare_soil,0.21924600621501675,0.2149285623876348,3.912036529679152,0.004336068676576478,0.9584947969310914,0.2506359909579351,0.030258686183395854,511.5231604287994,1259.9735497360261,38.55472702569039,33.095830581081664,2.0593047009632794,37.16,37.89
836,13,56,23.244584684684682,77.43809563218596,water,-0.18180726752877502,0.07682975348680371,1.2891401152670146,0.0,0.9871085988473298,0.03288658610763353,0.0,495.23592544708106,0.0,38.606472417455215,21.217319581500547,2.475138333391984,37.68,38.31
837,13,57,23.244584684684682,77.43907623342389,grass,0.4264910770479993,0.22613714949100983,0.0,0.0,1.0,0.00016539776128007833,0.005317005840878408,509.5785178742978,609.3829429498603,38.3090688866134,24.31709732580185,1.5761181769273316,31.17,31.89
838,13,58,23.244584684684682,77.4400568346618,grass,0.4921895847516798,0.3054647538193696,3.6338453281433742,0.0066756690195605905,0.959989928757808,0.14292172278982412,0.0,487.4126827727156,1240.8478402917342,38.486820378574755,28.28026391271135,1.9046990988186887,34.79,34.55
839,13,59,23.244584684684682,77.44103743589973,grass,0.47391663380810467,0.2528321285274772,0.0,0.009669774218082293,0.9946816241800548,0.10795557782764872,0.024744235776941317,499.420200990928,823.4368946005967,38.40110437014152,25.007109922434807,0.8160181013058364,33.45,34.22
840,14,0,23.245485585585584,77.38318196286234,grass,0.4667824445030978,0.22585149940585234,0.0,0.03328871330117837,0.9816912076843519,0.1513915794216148,0.0570950518390185,491.6604534395142,1311.4881058447004,38.5105712479506,28.60397916243192,1.0742466381128253,35.31,34.72
841,14,1,23.245485585585584,77.38416256410027,grass,0.39531410622819285,0.222896642388995,0.0,0.06385816686773929,0.9648780082227434,0.13916657345099212,0.07611957221369556,508.413776721564,1101.503218503597,38.139636207856846,24.850109362443263,1.4012047528947786,35.55,35.19
842,14,2,23.245485585585584,77.38514316533819,grass,0.42446341538835447,0.2722517148610046,0.0,0.0,1.0,0.15037333668329125,0.03575102673054883,512.0475529918318,1333.6251790697347,38.49509937312242,29.49122254402418,2.712248086205757,34.45,33.07
843,14,3,23.245485585585584,77.3861237665761,tree,0.7187999107591971,0.2257836242632407,0.0,0.0,1.0,0.005631851407239596,0.0,506.98541142413285,908.9844338554162,38.230253244552365,20.844832781143054,2.0363785329731416,30.65,32.16
844,14,4,23.245485585585584,77.38710436781403,road,0.08432208249879448,0.12167259473703812,1.5178561665692105,0.0,0.9848214383343079,0.9417875928007475,0.9535904350087888,507.3533454664653,1138.290323055045,38.19691564714561,23.512077515876523,2.6025467779431812,45.16,44.27
845,14,5,23.245485585585584,77.38808496905196,road,-0.012116179357937552,0.07402945725804924,0.5104075383095675,0.0,0.9948959246169043,0.976412970630513,0.9404488487100536,496.44455220252365,1286.4254548523704,37.75324295295315,24.82710539849385,2.425968221504887,45.19,46.46
846,14,6,23.245485585585584,77.38906557028987,built_up,0.11327024504864641,0.19895836833952352,13.880383479746056,0.5307560188102362,0.5692803548569096,0.8090699814299132,0.285962209170919,499.88455795423874,1544.8567442493952,38.429783606228504,27.359143644217855,1.9501374963065743,44.8,45.28
847,14,7,23.245485585585584,77.3900461715278,built_up,0.12206970308956577,0.17634144716979727,5.862301173570978,0.5244359442146297,0.6529372189462439,0.866773131321482,0.28823946619499946,505.78823077383043,1177.2057986628397,38.82118942671651,21.951672550152296,1.4067702178833106,44.96,45.14
848,14,8,23.245485585585584,77.39102677276571,road,0.052873757914683045,0.13997327450946084,1.0756884210767894,0.0,0.9892431157892321,0.9728486865108545,0.8852941931659642,505.1924950444711,1768.4004832588735,38.369766042555035,24.46617410557075,2.235302934809609,45.1,45.43
849,14,9,23.245485585585584,77.39200737400364,road,-0.04448711775313954,0.0898560871840277,0.0,0.0,1.0,1.0,0.9322772351159536,505.2202413815922,1579.4160731417662,38.35860674447849,31.112484110402512,2.3526880655125453,46.66,45.7
850,14,10,23.245485585585584,77.39298797524157,road,0.09610555567975662,0.07645456713891058,3.4648223611818074,0.07330361424381195,0.9250347885540854,1.0,0.9436874072112921,493.9852602135178,532.310215310951,39.00228765343027,31.588660196092032,3.4148442094076525,46.36,47.81
851,14,11,23.245485585585584,77.39396857647948,built_up,0.013893206805510858,0.14035071219994608,15.162340228332617,0.5683181740947785,0.5358016019645456,0.8257221441818824,0.3484524693167884,499.16649957278844,684.9265978774424,38.90999296178209,17.865500970156656,1.6224465492004994,46.53,46.2
852,14,12,23.245485585585584,77.39494917771741,built_up,0.12414497178563716,0.15088544739869678,13.596920361186491,0.5307098552511456,0.572140376000005,0.8807725623978742,0.3742174807652155,493.29208035102516,1429.339729008529,39.19383308832677,25.65301746051974,2.187626294866214,46.44,47.35
853,14,13,23.245485585585584,77.39592977895532,built_up,0.09532196706083357,0.12696151415059206,14.022746594773597,0.5395850168172345,0.5630007748027851,0.9040891833582062,0.30815377486059276,510.59987482923356,971.8861389236808,39.40283408993021,33.099344652910034,1.7541055127335674,47.08,46.59
854,14,14,23.245485585585584,77.39691038019325,built_up,0.04963080495508408,0.12389725700428597,11.123247270810218,0.44462092247882956,0.6442260199285414,0.8838699940179602,0.42923545601687857,487.0590772093135,464.7860420348208,38.523794872117996,29.544154237556974,1.5255305796331065,45.07,43.78
855,14,15,23.245485585585584,77.39789098143117,built_up,0.12509499134871999,0.13863089273985732,15.896371469160098,0.5355994961559265,0.5464565624226394,0.8209686250366811,0.3409663155730747,480.9432846219523,348.5803239466005,38.03713297324134,29.62939529209932,2.227953454048775,42.62,44.41
856,14,16,23.245485585585584,77.39887158266909,built_up,0.1368967624531221,0.17575699532536534,17.502984489804906,0.5714330337188983,0.5106819865565568,0.7371965562856865,0.3245997388325143,510.59724541238904,1712.8589744766932,38.29154459622519,30.256588548558643,2.6822100410986645,43.92,43.38
857,14,17,23.245485585585584,77.39985218390702,built_up,0.1617588645804346,0.13291242605690604,10.891338565041307,0.5557164586549997,0.585442562089337,0.8507403509115131,0.4126225928036581,501.8223304009777,891.4357789249157,38.72920082047466,24.164278360791634,1.9663246005378219,45.65,46.07
858,14,18,23.245485585585584,77.40083278514494,built_up,0.08440970888860752,0.1519957648928806,15.886369582294364,0.5295006418640328,0.5499109511518383,0.7971189802687215,0.4048223408561879,486.87166964451455,1684.5591545516243,39.0760420982469,28.856122099406278,1.467883566581935,46.94,44.22
859,14,19,23.245485585585584,77.40181338638286,built_up,-0.034640721835221974,0.12246376601506938,16.903943645166784,0.573309040461904,0.515640591294285,0.7841761598119079,0.3670571261650398,500.53603473440387,741.1570644888504,38.08045492003024,29.88693529238151,1.9999143430179418,45.09,45.03
860,14,20,23.245485585585584,77.40279398762078,road,-0.0074353374469744715,0.108961820014082,0.0,0.12172663344245793,0.9330503516066482,0.9679991424091613,0.9350497218472356,495.6669108360977,1722.1419839841499,38.60211129382347,28.42832024889005,2.3042496415493816,47.35,47.89
861,14,21,23.245485585585584,77.4037745888587,road,-0.068344012673734,0.12078297265698253,0.0,0.0,1.0,0.9390461836068442,0.9626781597562333,493.0848542427513,949.0121635399082,38.182855290609325,26.425468246573246,3.5299025253269,45.08,45.21
862,14,22,23.245485585585584,77.40475519009662,road,0.1337491937211811,0.11511802031652006,0.0,0.0,1.0,0.9657297130627369,0.9359105952402136,501.21611076092734,962.185896665974,38.441338289777455,27.807655207080195,2.6453017185377234,44.53,44.44
863,14,23,23.245485585585584,77.40573579133455,road,0.13383167730713152,0.10988841004736319,0.0,0.057690306512428347,0.9682703314181644,1.0,0.9592977237602387,498.0288448383283,1105.2367626836694,38.43535463896207,23.439421575762637,1.6190357563071711,45.29,45.1
864,14,24,23.245485585585584,77.40671639257246,built_up,0.0673352111792282,0.07832873213667549,16.497681877289192,0.6480900643328285,0.4785736458440524,0.9220543615189665,0.3207696622818974,501.8093225268902,907.2216178702744,38.652474471622405,30.456626659894862,2.3464427286716787,47.02,47.8
865,14,25,23.245485585585584,77.40769699381039,built_up,0.08512295358222888,0.14344568114858647,15.267619391087328,0.6182775275750964,0.5072711659228236,0.8870340516997677,0.3988115009833726,493.9493406344509,687.9801062510968,39.31293023430417,22.258661391326257,2.139924493845935,46.18,45.02
866,14,26,23.245485585585584,77.40867759504832,built_up,0.05464351280674057,0.12302982928399826,11.206144046917109,0.6124095533149871,0.551113305207586,0.8739660184772644,0.3437960099240451,499.9283368288233,975.6946155421897,38.69003531060139,24.734963015974444,2.265444589375076,46.35,46.14
867,14,27,23.245485585585584,77.40965819628623,built_up,0.1646671817098179,0.12740706411430894,12.373580325762642,0.6094454780412616,0.5410691838196796,0.9441780631684973,0.30356397766286447,505.20108556464226,1339.3911919714105,38.328066639151345,30.72714010723067,2.0140741903622357,46.51,47.8
868,14,28,23.245485585585584,77.41063879752416,built_up,-0.06193205316365562,0.15230667570825457,16.851871672312623,0.602601078662832,0.5000506900123162,0.8176780719455141,0.32637350589904074,497.371452032995,605.0221541957667,38.262051625372045,29.16102560612567,2.2440410642429,45.05,43.72
869,14,29,23.245485585585584,77.41161939876207,built_up,0.05055337743459396,0.12966574241952664,18.344953514748173,0.5564558534937416,0.5104997454309603,0.7625470788364205,0.3982714042893726,498.46385792527536,559.3152157089175,38.423663044838726,26.063398979944623,1.9818493403277455,44.92,44.82
870,14,30,23.245485585585584,77.4126,built_up,0.07332697257603986,0.14627830102337383,14.066087425916443,0.6428785672343112,0.5057559137619644,0.8018868713095552,0.33792695288603253,482.282429957722,1338.666907391278,38.15132418732459,21.150150597462268,1.6426126363659657,45.89,44.9
871,14,31,23.245485585585584,77.41358060123792,built_up,0.06943473820642224,0.16010312275211477,16.559410415797228,0.6446679814580645,0.47983850604009226,0.8496112235712826,0.365529095709567,492.30972469910444,167.84208383531916,38.55585953757214,19.815469253793474,1.8060333968953948,44.07,44.34
872,14,32,23.245485585585584,77.41456120247584,road,0.02393364398968471,0.08960670858812703,3.563660433123566,0.018757221465355505,0.9540469238628189,0.944175930493973,0.9391383824597768,501.0640526559048,722.0686919651968,37.53550584787502,25.479295023779933,2.091269269301746,44.36,44.39
873,14,33,23.245485585585584,77.41554180371377,built_up,0.09630476197605589,0.14205963633386925,11.825968740422166,0.5064222570157467,0.6032080712371176,0.8313195477554004,0.3724197082039343,497.1010477234914,1378.7166340314661,38.41552248469206,29.9216691303467,2.0231446023634247,44.9,44.05
874,14,34,23.245485585585584,77.41652240495168,road,0.027186798042066078,0.15071588192755936,2.879758598160764,0.05256434325872335,0.9422920252260946,0.91982441828965,0.950685626718928,509.7821878998585,902.6485139666432,38.44719653974044,25.933503371373938,2.195782145017609,46.41,46.43
875,14,35,23.245485585585584,77.4175030061896,built_up,0.11326159429993807,0.09836338084653137,19.971754179165078,0.5681213373676847,0.4878157226561226,0.7502787429124902,0.3359549704869973,480.4201291878315,231.5682112496046,38.035739660223655,12.997332539929719,1.5991985007716538,44.23,44.29
876,14,36,23.245485585585584,77.41848360742753,built_up,0.23351070998626672,0.1285987766749034,11.51952824990855,0.6047423848124055,0.5521964058540915,0.8051098127484012,0.3845807679869572,492.88364176491166,918.6886940113624,38.34714288392852,22.46507282578906,1.716486231914931,43.72,43.17
877,14,37,23.245485585585584,77.41946420866545,built_up,0.011176457787652458,0.2179708443437166,16.248732726916327,0.5913247444800214,0.512284063266825,0.8353520874684357,0.3278560006700254,493.91269216153984,399.7651983185456,38.9479662064687,26.29202187105319,1.7690717311522264,46.03,45.66
878,14,38,23.245485585585584,77.42044480990337,built_up,0.18069973102771708,0.12342158126836286,9.554118094219167,0.5348012522103242,0.61031813034213,0.8963862309999568,0.3399070377363465,498.92734719890905,1390.871651336487,38.97681974177464,28.435067530503368,0.9550053602659562,45.59,45.01
879,14,39,23.245485585585584,77.4214254111413,built_up,0.03337000464966181,0.15897253166392714,13.084143597518743,0.6158133237655853,0.5304612359537406,0.830443237461517,0.34033803300577237,506.5610692600902,1193.2426032711364,38.28674464611988,23.34445187214193,2.2860221859074716,45.65,43.6
880,14,40,23.245485585585584,77.42240601237921,built_up,0.07007432087572492,0.12585128990015645,18.61698104393031,0.6098693660659157,0.4784020382244433,0.8304429095671058,0.3238766254684098,508.1991800555371,891.366605591633,38.70939413406598,24.966059308530536,1.9061962700549677,45.56,46.39
881,14,41,23.245485585585584,77.42338661361714,built_up,0.07018682029243482,0.14344925526687782,15.318800905300645,0.5704574886364518,0.533060372196945,0.9101843433421497,0.40037353904847944,504.2551049536144,1536.540703957653,37.90059916411835,31.16989396062374,1.4907265991889371,45.07,46.15
882,14,42,23.245485585585584,77.42436721485505,road,0.03050980608829332,0.13070993015013846,2.511140797179854,0.0509519140008305,0.9468650393277447,1.0,0.9752475677632674,515.6570249251047,595.8375323164925,38.38153653885125,32.43857779332386,2.50041881213383,45.14,43.56
883,14,43,23.245485585585584,77.42534781609298,tree,0.7106867527463874,0.17356468570049596,0.0,0.0,1.0,0.11874324028541239,0.0,501.3585192699688,172.16460064708667,38.59232226339554,21.107659061473907,1.8951341828536683,30.78,31.87
884,14,44,23.245485585585584,77.42632841733091,grass,0.48724294384318434,0.19643811892179405,0.0,0.009717173224085314,0.994655554726753,0.06496327097586857,0.007033636156545082,501.37431692159697,1301.326581952125,39.110771085152464,26.859852258489802,1.8910644766933546,34.79,35.15
885,14,45,23.245485585585584,77.42730901856882,water,-0.1491040292723027,0.05026422578025501,0.05870916670568723,0.026962629012904117,0.9845834623758459,0.07313775959303125,0.0,497.45626318983693,0.0,38.97712123192015,17.514342367012283,2.409829276530903,37.88,36.89
886,14,46,23.245485585585584,77.42828961980675,road,0.1483856721683231,0.08020727002073738,0.0,0.019055004730492986,0.9895197473982289,0.9511128428903456,0.9196307298196018,501.95576485095125,1714.7099768698886,38.583571818565964,30.15689727917314,3.0455530757991283,45.32,45.13
887,14,47,23.245485585585584,77.42927022104467,water,-0.17856893770596316,0.12495002323338539,0.0,0.017289596062909928,0.9904907221653996,0.07954253605509304,0.013012943692084477,497.62007161440647,0.0,38.13539130406096,18.73452530356018,2.3589181064919287,35.87,35.23
888,14,48,23.245485585585584,77.43025082228259,water,-0.11038997213994643,0.09564053148783844,0.0,0.04305764484945193,0.9763182953328015,0.0,0.0,488.72857260105644,0.0,39.04340628322095,23.680509960775723,1.7180441205826789,35.95,36.78
889,14,49,23.245485585585584,77.43123142352052,bare_soil,0.02822770687141378,0.2592450527479955,0.0,0.0739838114769412,0.9593089036876823,0.15046598239120806,0.0,501.98670827012614,1845.9773000908422,38.363884715900454,31.890736717255074,1.9565396942024706,38.85,38.02
890,14,50,23.245485585585584,77.43221202475843,bare_soil,0.1130359752452589,0.2788384208056881,3.22689365269619,0.04391146691082231,0.9435797566720858,0.22127074923059464,0.0,503.6476632502929,344.03876337464976,38.67939567629867,29.640308838843932,2.648281733599295,37.11,39.02
891,14,51,23.245485585585584,77.43319262599636,bare_soil,0.08257946703644412,0.3229438795286575,3.254981711852804,0.021874234966768796,0.9554193536497492,0.10353231393116709,0.0,494.56422057108745,960.8766724344201,38.450989001074944,26.009516870316357,2.3990113955051076,37.33,38.37
892,14,52,23.245485585585584,77.43417322723428,bare_soil,0.04497533096964222,0.2726105882925331,4.418238095388389,0.020041793842933642,0.9447946324325026,0.21094133144805183,0.0,486.88812170629996,455.3171496953347,39.296896853816094,26.318460365327375,2.714390046476646,39.22,38.12
893,14,53,23.245485585585584,77.4351538284722,bare_soil,0.01923665111753939,0.2822510578672453,0.959714511018398,0.0,0.990402854889816,0.20739596699545737,0.06875975264929134,515.6615787387778,1477.6696856209674,38.25598249144236,21.42518990598931,2.426722500735545,37.7,39.17
894,14,54,23.245485585585584,77.43613442971012,bare_soil,0.1095095697624994,0.3021431273162877,3.3795249591949035,0.0,0.966204750408051,0.2741034518898208,0.0,495.7202963605001,938.3791358818867,38.86650161140878,27.78937771946206,2.6265072293849263,38.8,39.46
895,14,55,23.245485585585584,77.43711503094804,water,-0.08079495167345468,0.04666237238903701,0.0,0.026263860324894535,0.985554876821308,0.010928562463699637,0.01523258057445877,497.40825030095016,0.0,38.46543810051054,19.66523234436996,3.3881071206749107,35.38,35.24
896,14,56,23.245485585585584,77.43809563218596,water,-0.03661503267982867,0.10989317936488134,1.0690255821078394,0.04694463043618395,0.9634901974390204,0.04355302920573653,0.10706031626736585,509.7445365603897,0.0,38.72764182529349,14.489896166510484,1.368328839994983,36.48,37.09
897,14,57,23.245485585585584,77.43907623342389,grass,0.3952992427591878,0.21216579235722668,0.0,0.02557112838629339,0.9859358793875387,0.06498718774053504,0.07768708686081616,488.8834959528376,371.43107268867766,39.14800488719065,37.456616272864935,3.623784716876999,34.4,35.23
898,14,58,23.245485585585584,77.4400568346618,grass,0.44189303952447906,0.19472322852413465,0.0,0.0,1.0,0.061925708546053865,0.03040537324936876,495.0362336934859,942.573160954274,37.69817089194207,30.22498728030709,2.7618945889032767,31.88,31.2
899,14,59,23.245485585585584,77.44103743589973,grass,0.44970805690672244,0.2504272471220627,3.6768636637219765,0.007388378124203231,0.9591677553944685,0.11127715593852602,0.02267251930816636,503.8499889604726,1431.912754582499,38.473844204275906,24.638217347212837,3.7133268671199255,34.83,35.58
900,15,0,23.246386486486486,77.38318196286234,tree,0.7995508609853047,0.12333886112533712,0.0,0.016959493456382188,0.9906722785989898,0.04868580212289444,0.0,489.6050665660762,1651.8445110649448,38.14237404262514,36.21676785688713,1.6040416175641643,31.16,30.77
901,15,1,23.246386486486486,77.38416256410027,tree,0.6745844489762151,0.12735298525483194,2.1414321500247455,0.022949145022303274,0.9659636487374857,0.044206295127088235,0.0,499.0924684530361,1831.265510708818,38.6782927537452,26.01580382993995,2.39639476985646,33.08,33.81
902,15,2,23.246386486486486,77.38514316533819,tree,0.623118042838272,0.13308067149781216,0.0,0.0,1.0,0.025185405105810976,0.04571266300668078,508.71067155558677,1337.827485112382,38.7765322683967,31.321356151937177,2.295625932256587,32.81,32.69
903,15,3,23.246386486486486,77.3861237665761,tree,0.7536259406253663,0.18816298656071018,0.023770227288295306,0.0,0.999762297727117,0.0,0.0,498.8119616403113,1289.7522023408483,38.31180916617313,28.350530357933593,2.729864499097477,31.73,30.82
904,15,4,23.246386486486486,77.38710436781403,road,-0.05695574308688259,0.11217785141306023,0.0,0.0,1.0,0.9487325291719645,0.9051809400661981,504.8532729436743,1064.9972020471812,38.29117929546188,26.15296580801773,2.481852802786892,45.67,46.24
905,15,5,23.246386486486486,77.38808496905196,built_up,0.12891284341925527,0.12669510943681192,10.889321010804487,0.5407177830257206,0.5937120092278088,0.768846976415983,0.40137924973678796,513.2361923011666,1507.529873254282,38.58152280247723,26.65223377366809,2.0222253470399307,44.12,43.78
906,15,6,23.246386486486486,77.38906557028987,built_up,0.060171771837738544,0.18280706215219225,11.324264724364257,0.42281495895098986,0.6542091253333131,0.8305865827904167,0.32719225043525846,492.42701500064334,1655.5037609020624,37.9907181895942,33.74660682011252,2.2984146432116455,44.5,44.64
907,15,7,23.246386486486486,77.3900461715278,built_up,0.03359309884269299,0.1391105903323588,8.741748149962552,0.47057159037342033,0.6537681437949932,0.792203697788863,0.30278056708299067,499.1256967192313,1605.1456461483715,38.63328709926295,31.504920283676327,1.8401056120713162,45.47,45.84
908,15,8,23.246386486486486,77.39102677276571,built_up,0.10642482126438778,0.15527361158398278,12.246023440114396,0.46303486304015745,0.6228705909267694,0.8895570319247118,0.3274729135071679,506.6754732355816,1671.100284817539,38.172916008982405,27.510380480247,1.605316682014025,45.88,47.2
909,15,9,23.246386486486486,77.39200737400364,built_up,0.029516793021453373,0.11916663513100378,11.423067200029484,0.41709992954592734,0.6563643667494452,0.8265298634183071,0.4020579894887802,491.6353956613172,1692.5295579627605,38.79345929209047,19.798703876835688,2.1321696772523313,47.09,46.7
910,15,10,23.246386486486486,77.39298797524157,built_up,0.053993332522815365,0.2034210691130826,11.295804045636988,0.4937102944650578,0.6155012975878482,0.80449084674038,0.3224919690565669,510.7054333348671,1244.3751237560375,37.97284765743538,29.217711564878595,1.5987380265546878,44.85,44.09
911,15,11,23.246386486486486,77.39396857647948,built_up,0.14172906675064695,0.10053232097029904,14.846633832608608,0.46261171673920887,0.597097217467349,0.7831340743483574,0.35955064555414223,501.8283066672913,1011.3626038945229,38.2730926733921,23.01410022839849,1.7822650044442077,45.0,46.48
912,15,12,23.246386486486486,77.39494917771741,built_up,0.12305350475765993,0.1662069895290103,17.088921178359385,0.46173542211205865,0.5751563060547739,0.9251008122725113,0.425292459587823,497.0701598683837,128.47581949464745,38.199545097362716,22.15437186875401,1.1084109994741687,44.33,44.33
913,15,13,23.246386486486486,77.39592977895532,built_up,-0.0030099347841470725,0.12614445857198867,18.6503653467995,0.531948308409,0.520924776907055,0.8191407941624094,0.3225839096657081,489.41822139995367,1378.536796515451,38.38073677360952,25.14378429167888,1.8055390974736467,47.1,46.61
914,15,14,23.246386486486486,77.39691038019325,built_up,0.07447587531685493,0.202994885292873,15.380846854538351,0.5821823381162318,0.525991245490689,0.8378947584628661,0.3063587864730605,493.01135215736656,235.6990248262921,39.05053602493825,17.56228776483406,1.3313302341533422,45.13,45.46
915,15,15,23.246386486486486,77.39789098143117,built_up,0.13462368318908546,0.12845254438262343,16.381251348980165,0.5567957201153783,0.5299498404467403,0.8353590822114777,0.303215886601258,502.41306186370144,790.6834917766025,38.838387002769636,25.44766168724683,1.770289737992857,47.04,46.73
916,15,16,23.246386486486486,77.39887158266909,built_up,0.13413103567732526,0.11853767972373205,15.723718665751747,0.6410510884544336,0.490184714692544,0.863627795732986,0.38141165810967526,504.57512196942065,1829.3904674006371,38.3081262893552,32.082059613310506,1.2326276195283579,46.51,46.27
917,15,17,23.246386486486486,77.39985218390702,built_up,0.10229362530162972,0.16099876555206533,14.269326892265981,0.5289599776761952,0.5663787433554328,0.7895912157159415,0.400676962625467,491.93312502925966,1234.359003796444,38.30777868814686,20.934929546777898,1.808826017510581,45.05,47.37
918,15,18,23.246386486486486,77.40083278514494,built_up,0.1049609978230257,0.16753356034687195,13.242204266184999,0.5364404129770606,0.5725357302007666,0.8689185919049879,0.33830633307169944,490.15177330714977,1812.5858794584183,38.854125379920056,30.95104758941809,2.2713529189170187,45.97,45.08
919,15,19,23.246386486486486,77.40181338638286,built_up,0.032515510042247286,0.11019101864044958,14.084227242710952,0.6465055770951874,0.5035796601705373,0.7416632478438192,0.39679534458301796,492.7082119883496,958.3804775727634,38.03441721943685,29.369203093830013,1.4766347546655723,45.08,43.79
920,15,20,23.246386486486486,77.40279398762078,road,-0.010560417703428027,0.16975750562006017,0.31155021660587867,0.0,0.9968844978339412,0.9649454339081155,0.9535854829960675,501.4214128620976,1029.2831931199387,38.508952758706506,27.709458466084428,1.6379820785190875,46.43,47.53
921,15,21,23.246386486486486,77.4037745888587,road,0.029915723539061103,0.06868512750173852,0.0,0.030332918742042927,0.9833168946918764,0.9465058596810499,0.9769112511879351,500.2537450636625,685.9025966908744,38.25769464508591,26.207806290811217,2.651173777415478,44.49,44.15
922,15,22,23.246386486486486,77.40475519009662,road,0.10164863355237554,0.05785605666847156,0.0,0.061621435483938794,0.9661082104838337,1.0,1.0,500.4028442427064,1009.7813010146238,38.431324476870756,29.945928025096467,2.7107127626026433,46.59,46.88
923,15,23,23.246386486486486,77.40573579133455,road,0.07904566963414002,0.14825225816474852,0.7827298366869031,0.04630744617230334,0.9667036062383642,1.0,0.970888957676335,492.6530461047994,603.5811367406731,38.82364316849543,26.239912860374865,2.4216641986564533,45.09,45.66
924,15,24,23.246386486486486,77.40671639257246,built_up,0.04863384811533083,0.10433313639264435,11.206154000188924,0.5943848646591351,0.5610267844355864,0.836805883678187,0.35420148304111365,504.4459027267211,851.0075081547456,38.232299417117744,26.20371595329738,1.5834690454892548,45.35,43.78
925,15,25,23.246386486486486,77.40769699381039,built_up,0.06458532934816542,0.11254621052669377,17.618679185753436,0.6149359911980492,0.48559841298353845,0.8283105102496545,0.3425418287034692,494.1380452211623,481.87663379440454,38.88965921697232,28.255014345354283,1.4472538444555447,46.06,47.09
926,15,26,23.246386486486486,77.40867759504832,built_up,0.04625250120258872,0.13137987745998594,17.141214357359868,0.6441060347594457,0.4743295373087062,0.9273368703640392,0.3984691636844803,515.6513741858766,1018.6692078374176,39.379834767292806,34.879022241871766,1.580339100941709,47.63,47.12
927,15,27,23.246386486486486,77.40965819628623,built_up,0.11258631334241184,0.12537752667088595,17.626819815219076,0.5938888333473261,0.4970929435067799,0.7764772237809211,0.4110529356899102,490.0065472429386,952.092047853478,38.741603666806256,21.948514246574028,1.7290843436054388,45.68,47.39
928,15,28,23.246386486486486,77.41063879752416,built_up,0.027180117629998266,0.17380002868375502,18.762533846740638,0.6552836569133597,0.4519686502302458,0.91231823547381,0.3502934830332449,517.8733974466084,1101.1013079271077,38.46636557586931,30.002816745825243,0.9094173709127822,46.29,45.57
929,15,29,23.246386486486486,77.41161939876207,built_up,0.025966906422578408,0.1420882012623242,15.250157164374725,0.6175927905113151,0.5078223935750295,0.7671430386050396,0.3654745817777384,488.9139761684756,537.4978077518059,38.96285406057286,27.427830094442616,1.2931260966795683,45.87,47.28
930,15,30,23.246386486486486,77.4126,road,0.009359181532601745,0.08732319039823287,0.0,0.0,1.0,0.9374578562023476,0.9430543253930919,494.92676847923127,917.9359068385943,38.056461841623836,27.117616782861877,2.950522325796763,45.37,46.94
931,15,31,23.246386486486486,77.41358060123792,built_up,0.16355963890853376,0.15549102320765526,18.197397965167358,0.6855703279156206,0.440962339994735,0.7990569616466643,0.36756458770744777,507.9612588269237,507.2255934851463,39.10842920371538,21.892114782594888,1.8046732466511182,44.88,44.44
932,15,32,23.246386486486486,77.41456120247584,built_up,0.03256240099818253,0.1559121937764933,11.901086702844701,0.5744245373888857,0.565055637407666,0.8166621826208283,0.3680205685252283,501.7513001724453,1244.2041309567198,38.198773311357066,20.97686445371293,2.425356909189528,45.62,45.45
933,15,33,23.246386486486486,77.41554180371377,road,-0.025312203261805118,0.08073581086197476,1.3097799218741608,0.0,0.9869022007812583,0.9498248042252789,0.87572940642993,502.3267680113087,1503.311388963763,39.367237614909186,29.359727797462206,2.794686979443977,47.46,47.18
934,15,34,23.246386486486486,77.41652240495168,built_up,0.018242665021977203,0.1706511083516034,15.353330512839763,0.5354796994119138,0.5519528601950499,0.8052636572185936,0.3117413066878491,497.46777771887497,948.8471122253551,38.21315173668052,22.92263100728408,1.6518448232577092,45.61,46.98
935,15,35,23.246386486486486,77.4175030061896,built_up,0.19093537023448587,0.09706562615244543,14.214062949700423,0.5752280594169837,0.5414839378236547,0.7866010269255351,0.3538179074643826,500.0118399294948,159.68757804147663,38.76468073853248,24.065482970718463,1.650817143702674,43.03,43.19
936,15,36,23.246386486486486,77.41848360742753,built_up,0.08108903167672792,0.10383812021266584,15.364736358553651,0.6790410642490471,0.47288005107748754,0.8731533980537969,0.35710068377628357,495.7698739407729,790.3802117742217,37.876170187205815,23.93656482264033,2.193793501611299,45.35,45.83
937,15,37,23.246386486486486,77.41946420866545,road,0.06379525333484892,0.12392499028425229,0.0,0.010868816196945782,0.9940221510916798,0.914171908997896,0.9206265290088904,505.66047802036786,1189.2044721158888,38.414699395668286,30.203907745566916,2.648840732162301,43.96,43.83
938,15,38,23.246386486486486,77.42044480990337,built_up,0.08561591545036172,0.18436897203095456,16.382277503222795,0.5929620106370395,0.5100481191174003,0.7890123623479721,0.40754933000115656,506.1625396572366,1679.9883226721113,38.06812262647944,25.695789231457386,2.2451828671036584,45.86,46.28
939,15,39,23.246386486486486,77.4214254111413,built_up,0.21001084733023495,0.1013917907965172,11.771287338990255,0.45506919496257536,0.631999069380681,0.8959181068514878,0.3762593074995039,500.7822320010068,181.70605955241876,37.92339297410471,17.503997210523845,1.8692371195904987,42.21,42.69
940,15,40,23.246386486486486,77.42240601237921,built_up,0.07465797865251371,0.1455411648502312,16.797729287844657,0.6049442846835951,0.4993033505455762,0.8831900647495583,0.34503476520343807,509.451855151402,1125.7669900809992,38.982207683462526,24.344580234023063,1.8278014571082806,47.85,47.31
941,15,41,23.246386486486486,77.42338661361714,road,-0.04121598424204946,0.15167661102968724,3.063928806787841,0.02327373685264709,0.9565601566631657,0.9940358852493733,1.0,486.93349706982343,1446.7301195484617,38.00897824935193,29.747266082138957,2.011100889623748,46.18,47.78
942,15,42,23.246386486486486,77.42436721485505,tree,0.6914275980855389,0.21285532339231156,0.3009396179226074,0.0,0.996990603820774,0.025174009498215435,0.06086916292663862,498.318336949441,532.5804009291925,38.20597097095359,30.862287528917147,2.1653092617450986,31.49,31.31
943,15,43,23.246386486486486,77.42534781609298,grass,0.4123096765322988,0.23926742266701373,4.376587575349909,0.0,0.9562341242465009,0.24003422236716437,0.038149849159045256,504.6417930823906,643.2958803310248,38.15935652806125,26.737870971864016,1.7573018790742514,35.7,36.63
944,15,44,23.246386486486486,77.42632841733091,grass,0.4497890925085904,0.22577539036393324,0.0,0.0,1.0,0.1592283770445627,0.0,503.52831282650834,695.0862704572841,38.955865237040896,30.364824066981097,2.155128654311442,35.3,34.16
945,15,45,23.246386486486486,77.42730901856882,grass,0.3923575710314655,0.279157955559082,0.0,0.0,1.0,0.0906513648239732,0.0,500.0510452559564,977.6996483256952,38.90699961151263,28.05043318623949,2.1039945076371724,34.55,35.17
946,15,46,23.246386486486486,77.42828961980675,water,-0.08592051606190441,0.0762832745826931,0.0,0.032170152133966526,0.9823064163263184,0.0,0.0,511.83994959278016,0.0,39.008118034850504,14.663087539025035,1.911133540341689,35.51,36.47
947,15,47,23.246386486486486,77.42927022104467,water,-0.034480803910204555,0.11680515341328172,3.2191820885644824,0.034557890405555035,0.9488013393912998,0.0,0.0,498.0470390521337,0.0,38.185414722377175,21.514132605361638,2.6199125426664627,34.9,35.14
948,15,48,23.246386486486486,77.43025082228259,water,-0.05687159165512827,0.08733396699155238,2.0638106655215687,0.0,0.9793618933447843,0.03324125809767627,0.0,490.6458751259074,0.0,39.03984028910682,18.7978512013746,1.342681243793141,36.2,37.17
949,15,49,23.246386486486486,77.43123142352052,bare_soil,0.11193904825010242,0.25682423236664204,0.0,0.016732618898265394,0.990797059605954,0.17872464029011859,0.0,520.3581341820168,966.1844005009098,38.1820061577132,17.542815584775795,2.3936184249599526,36.77,36.13
950,15,50,23.246386486486486,77.43221202475843,bare_soil,0.05501021682385823,0.25990493617200855,0.0,0.0,1.0,0.2651082136522938,0.0068228016947116926,514.841665374946,790.8953091804947,38.198124838755824,26.436911283941093,1.646985763307303,37.07,37.5
951,15,51,23.246386486486486,77.43319262599636,bare_soil,0.14558616241559352,0.3106594058298349,2.987880761779196,0.06559361087144065,0.9340447064029157,0.18639941295599327,0.009780429589003228,480.1646194674906,931.9264843355058,38.22050902201044,21.225998802866204,1.6466693045495497,36.42,35.05
952,15,52,23.246386486486486,77.43417322723428,bare_soil,0.1854752506757989,0.3069050943956765,0.0,0.08495697214649789,0.9532736653194261,0.18079973578275965,0.0,496.25470611818906,491.89430293245164,38.23507565267826,23.073840990416034,1.7101430526447032,33.65,33.78
953,15,53,23.246386486486486,77.4351538284722,water,-0.0626562980977878,0.08865445434825828,1.5249486159326289,0.0,0.9847505138406737,0.0,0.0,503.00980441048836,0.0,38.4636852392632,19.00419343164753,2.4673604983777984,35.33,34.62
954,15,54,23.246386486486486,77.43613442971012,grass,0.3839683403103921,0.21686027403740207,0.0,0.08821559675037462,0.951481421787294,0.04694365159360978,0.04325704715466809,491.2738531785731,821.5631218124449,38.16452254856035,27.69912461262928,0.8290117173660008,33.82,33.76
955,15,55,23.246386486486486,77.43711503094804,grass,0.46660913722153385,0.21365911027410667,0.0,0.016636105411598486,0.9908501420236209,0.07531552144007211,0.0653658613926176,497.55616205409916,1075.8433943472464,38.592564581920804,24.65978583142806,2.2927979349036387,33.54,34.78
956,15,56,23.246386486486486,77.43809563218596,grass,0.47167867647527134,0.22681000603494506,1.6105698113571318,0.01584822007423526,0.9751777808455993,0.12345153307780873,0.01698509943339433,491.44983121531584,435.17995969521485,37.45624064344069,30.10920167622148,2.2051579372921477,32.18,33.74
957,15,57,23.246386486486486,77.43907623342389,grass,0.34975739114146204,0.27288180153187824,0.0,0.059686174948855114,0.9671726037781296,0.05895654943512635,0.07745763888479218,482.3796797766764,1056.0662357720207,38.591258363137136,27.541913137974486,1.5966579034531563,34.51,33.36
958,15,58,23.246386486486486,77.4400568346618,grass,0.5372414641815161,0.24139628690426745,0.0,0.0,1.0,0.03387557389245341,0.08556588386237515,497.2140703899702,1162.5310461019283,38.064128116087744,26.30408406633546,2.309326605450508,33.07,34.19
959,15,59,23.246386486486486,77.44103743589973,grass,0.46701210628215784,0.18091483260737332,1.0182254496004477,0.0,0.9898177455039955,0.11468513927877705,0.006877963178518635,487.4150715195107,1009.785444543207,38.232237642484584,28.17361837178199,1.466053470962849,34.82,36.08
960,16,0,23.247287387387384,77.38318196286234,road,0.06844665702648012,0.12182180267231107,0.07732716833681705,0.044906592650517135,0.9745281023588475,0.9698202993727887,0.9522510525606086,496.1618649624502,1714.6849812342978,38.241895646906265,32.820235572278015,2.1515932836895972,45.79,46.08
961,16,1,23.247287387387384,77.38416256410027,road,0.04749171286330587,0.09329125669479885,0.0,0.05524806374491634,0.969613564940296,0.942796747440768,0.9528825740995819,518.8207974651566,1611.5785738055106,38.87726889881451,19.398731375520477,1.4317896702283206,46.29,47.51
962,16,2,23.247287387387384,77.38514316533819,road,0.12666897532961946,0.09385625562376554,2.6774409920505176,0.001333449647594553,0.9724921927733178,0.9983008460384291,1.0,497.77083340680235,1195.0649716854143,38.701840426606225,33.198096026430555,3.3924582649623685,46.17,45.8
963,16,3,23.247287387387384,77.3861237665761,tree,0.6658071209095222,0.2066540566772423,0.0,0.05113552079094394,0.9718754635649808,0.0,0.041945522873344285,494.85045355149555,1525.491346369368,38.43378318399706,25.53343003607327,2.686279509597117,33.1,32.64
964,16,4,23.247287387387384,77.38710436781403,road,0.0291864496287463,0.09393983255395126,0.0,0.0,1.0,1.0,0.9080545060229833,497.8633708901376,1307.8443105640808,38.2139062382562,24.884316353766863,2.34787983578577,46.39,45.93
965,16,5,23.247287387387384,77.38808496905196,road,0.12680967152691114,0.10972104197324557,0.0,0.013681743255801399,0.9924750412093092,0.8763267892162785,0.9020541719723711,496.9970680089724,753.947408207866,38.813151120148916,26.391299690332737,1.6219955331574427,44.41,45.05
966,16,6,23.247287387387384,77.38906557028987,built_up,-0.01604999735460473,0.16573335953502757,12.914555614254933,0.47182041278366965,0.6113532168264323,0.8153004424422813,0.35317571858654656,504.1155956755285,953.4272812238994,39.21788399857253,24.453184743196722,1.7183732441969335,47.14,47.05
967,16,7,23.247287387387384,77.3900461715278,built_up,0.10667433435442189,0.11611818554524656,12.73565838366797,0.5330686467942092,0.5794556604265053,0.911600985178802,0.4031035521979865,502.28454732346336,1077.3842880152636,38.48880213508667,23.838499950299017,1.7130431091261573,46.21,45.57
968,16,8,23.247287387387384,77.39102677276571,road,0.0030726650304351427,0.055775457304477506,0.0,0.0,1.0,0.9745855775435784,1.0,510.51839303500503,694.3204858401385,37.8606725022566,31.387302579713,2.3451403645551214,44.82,44.22
969,16,9,23.247287387387384,77.39200737400364,built_up,0.12909954290534112,0.1256879340627827,14.64382202641493,0.5381138009498003,0.5575991892134605,0.9121046406073868,0.3302942658086921,508.1144294974474,77.45571384235382,38.21884156824801,20.638741687555214,2.007500809007462,43.96,43.96
970,16,10,23.247287387387384,77.39298797524157,built_up,0.15777294089233168,0.13924949831544453,13.14594744442645,0.4066457721855562,0.6448853508536796,0.8305667056376309,0.40421917598454205,496.5863848663775,1347.238440552887,38.72368645888678,20.329234547734924,2.00325896501648,45.33,44.57
971,16,11,23.247287387387384,77.39396857647948,built_up,0.08207330766284654,0.17188007418799095,13.848446552852955,0.4724569035266533,0.6016642375318111,0.8528225339924471,0.41404867614804847,503.9811606242896,909.3096170843131,38.32291478068934,30.69644048165883,2.022123948783756,45.05,45.65
972,16,12,23.247287387387384,77.39494917771741,built_up,0.21534462914799846,0.17477647107683664,15.622015669766567,0.5452510058246053,0.5438917900988014,0.8865136917375553,0.3805092829273136,482.5374772355829,1142.4487262786083,38.15652215550549,30.113770100337394,1.7153073994654735,45.04,46.12
973,16,13,23.247287387387384,77.39592977895532,built_up,0.0703516484398605,0.12500671180590275,13.297706505661031,0.4617133547816037,0.6130805898135075,0.7597694949981411,0.39986009669793987,503.6972625576714,283.6096035102422,38.1391267543937,14.061647642501317,2.03318725228314,42.18,43.06
974,16,14,23.247287387387384,77.39691038019325,built_up,0.04541692751589556,0.16641655200189592,13.287533417772536,0.6116398140864148,0.5307227680747465,0.9024875899638317,0.2957315516275714,498.85340720920937,677.2871427305644,38.53667138876734,28.721034632352218,1.4761238944640946,45.63,48.25
975,16,15,23.247287387387384,77.39789098143117,built_up,-0.003354297661126021,0.09637177025434188,12.168395366404837,0.5269623971676748,0.5884867278937305,0.8641614888621681,0.39176853892857677,504.10915964649894,1255.5308452822883,37.886468789245555,30.481836253833574,1.3048035265628215,45.64,46.01
976,16,16,23.247287387387384,77.39887158266909,built_up,0.06400293071177796,0.1580900058983867,14.00239587935768,0.5462597141706942,0.5595331984125413,0.9448550474447812,0.25678096173810006,485.0135656215411,1051.3498770668023,38.48613727732187,21.58281564085975,2.725774419197928,46.16,47.69
977,16,17,23.247287387387384,77.39985218390702,built_up,0.064101059088053,0.09689046949499235,11.920017016610895,0.5311100152449623,0.5886893214491618,0.8946168268565456,0.39849641724257756,513.116500521845,45.86463233958273,38.53538642335081,21.141142425420092,2.046584564876892,44.07,44.24
978,16,18,23.247287387387384,77.40083278514494,built_up,-0.002027411950691907,0.09693120576498433,17.954471385207043,0.6068238011968795,0.48670219548964583,0.854009960823486,0.35918514775389787,499.54577378289,260.9651687129593,38.32019132808668,17.299612498510324,2.60945541466121,44.88,44.63
979,16,19,23.247287387387384,77.40181338638286,built_up,0.11079036738709426,0.13441584483038943,11.899049646483142,0.6229035032143098,0.5384125767672983,0.8287106181863706,0.3590993394736551,499.0001667096158,1249.2765185929711,38.08285553828234,30.168765732187815,1.6593944235190605,46.05,46.16
980,16,20,23.247287387387384,77.40279398762078,built_up,0.0932097784537365,0.11348899475429584,15.86321203622366,0.6196998101127185,0.5005329840757682,0.8755666487019436,0.3914349701892765,495.0721377185826,1120.5888360141237,38.90736143511166,24.265408218218464,2.9179214499696267,47.01,47.16
981,16,21,23.247287387387384,77.4037745888587,built_up,-0.02348903427044828,0.13640045554135083,14.519738764163362,0.6816345522501174,0.47990360862080184,0.8421832285511757,0.3743195511268644,485.90577101701956,594.8651094933018,37.96688791880969,32.168973130892674,1.7801413728543396,45.08,44.97
982,16,22,23.247287387387384,77.40475519009662,built_up,0.02921840795398524,0.21426533369886575,13.676353186826491,0.6196317923648973,0.5224389823310416,0.8563287901137585,0.28642086836253383,495.79171671565507,958.4534263642827,38.56909244573331,27.025860556570073,2.3359784460643307,44.76,43.79
983,16,23,23.247287387387384,77.40573579133455,built_up,0.08514333651447711,0.07098767083976192,14.050478579451815,0.6731282665448737,0.48927466760580124,0.8794111463656468,0.39872133407300814,492.1148213006137,1383.183640063102,38.79110125820957,25.540425245200975,1.766246696193869,46.72,45.84
984,16,24,23.247287387387384,77.40671639257246,built_up,0.0773356371026491,0.18776667502816818,15.587338029215669,0.5251701824360191,0.5552830193680328,0.8924627285653571,0.33225945288101427,496.9901631090521,4.264969035875652,38.56378493701097,17.10991860486849,1.8900000629749285,43.38,44.4
985,16,25,23.247287387387384,77.40769699381039,built_up,0.17733196994036257,0.1243669647859146,19.61314750951062,0.6107197115387615,0.4679726835585749,0.8036127398925361,0.40278116696119254,499.41332200799815,688.6899171549948,38.99247263656657,31.496075436983592,1.6774054599864228,44.86,45.61
986,16,26,23.247287387387384,77.40867759504832,road,-0.0468975564169872,0.09627129935911231,1.0717395590774972,0.0,0.989282604409225,0.9530456152914092,0.9331821425037017,500.531526437712,1451.6050284586117,38.045841648187285,25.107346098039372,1.8961546846116808,47.73,49.33
987,16,27,23.247287387387384,77.40965819628623,road,0.012002812021020957,0.08928498012762313,6.865926580061678,0.0,0.9313407341993832,0.9704670919415401,0.9356861452323586,497.78584719112297,743.8465661343123,38.18363454927498,32.24178349692365,2.7115725587032,44.91,44.56
988,16,28,23.247287387387384,77.41063879752416,road,0.08524778865559647,0.12211963169820217,2.6927389084160525,0.052201433730371664,0.9443618223641351,0.9904276052807938,0.965052478802551,508.86989341014896,144.39503599875866,38.31550646381381,20.853678019161308,2.1458400586637945,43.78,43.34
989,16,29,23.247287387387384,77.41161939876207,built_up,0.22989267213429804,0.1246224460841718,15.017360157705443,0.5824518132212524,0.5294779011512567,0.79089245960228,0.38896136275558946,518.161546221138,413.3686094214102,39.816278725448726,22.45755687950054,2.1904252400125013,44.57,43.54
990,16,30,23.247287387387384,77.4126,built_up,0.10083899168765109,0.1466049978713649,18.404799963040208,0.7544449827213229,0.4010072598728702,0.9260486708990793,0.34045362876077007,504.2301410856771,1010.0087188355799,38.70312149288857,28.103916682638367,2.0852350050771693,46.81,47.76
991,16,31,23.247287387387384,77.41358060123792,built_up,0.07879456212994282,0.1071219159950981,13.89783191522033,0.7004544945014014,0.4757717088720259,0.9125653997911025,0.3416973054064325,502.0884431524807,1295.620575490406,38.77800661517203,28.187438356156562,2.4093375999452173,45.99,45.19
992,16,32,23.247287387387384,77.41456120247584,built_up,-0.0222561323219979,0.12660942707483433,20.911345120373277,0.6566320524768325,0.4297389199340093,0.7935391957648282,0.35469129174294856,508.1714847381462,573.266468664291,38.761339870284075,22.327378312579086,1.8932304621446383,46.32,46.29
993,16,33,23.247287387387384,77.41554180371377,built_up,0.09057714903146556,0.1288275633622254,11.715292760728532,0.6434855093861135,0.5289300422303522,0.8431759884119776,0.3490363899120944,497.2139150380419,194.30035864926174,38.53152809563657,20.03312894139929,1.0497012782527386,44.13,44.41
994,16,34,23.247287387387384,77.41652240495168,built_up,-0.00728817001589481,0.11927930179176127,17.90442836588835,0.647900295434909,0.4646105538519165,0.8465413335276705,0.3084092740371404,497.0086805371663,1080.4039848180862,38.91977510119929,30.168719820183544,1.577878176375206,47.77,46.36
995,16,35,23.247287387387384,77.4175030061896,built_up,0.11028702574912944,0.12568403390681857,9.147052693559814,0.5985394881103251,0.579332754603723,0.8258652741194681,0.3137157624918895,496.69459373488235,1128.7509849301819,37.75187838078044,32.512611128162916,1.8172363832754581,44.73,45.43
996,16,36,23.247287387387384,77.41848360742753,built_up,0.07776221282260914,0.16969088143714828,11.808146729892725,0.6122907541739876,0.5451586179053796,0.7530488944577499,0.33293689880652605,491.6347403576186,1371.4396012849516,38.6107899262625,32.337342195854895,1.805833355412217,45.71,46.62
997,16,37,23.247287387387384,77.41946420866545,built_up,0.10458272035061036,0.1704448848677904,14.394587627530994,0.5711012786166969,0.5419484204855067,0.7974218502730781,0.36061757123083427,514.4812919535474,948.9100184338171,38.671287007694474,37.55613203623276,2.443017489635687,43.83,44.08
998,16,38,23.247287387387384,77.42044480990337,built_up,0.05751393624274502,0.1343368743462025,15.26509425025039,0.7172999667407327,0.45283407579009316,0.9116804282917441,0.3603983601660146,500.87785574244884,905.7468652245932,38.9074594498958,28.0023380078936,2.251021103626685,46.93,46.85
999,16,39,23.247287387387384,77.4214254111413,road,0.0596565401569846,0.09760406141073213,0.0,0.05161101302774327,0.9716139428347412,0.9810991365285991,0.9879491174325987,513.1692699902115,1031.0514588873727,38.03772727746037,30.21520644499813,2.089058933109604,46.86,46.83
1000,16,40,23.247287387387384,77.42240601237921,built_up,0.10151290877420421,0.23600728941551194,15.575754298076875,0.5474380334967479,0.54315153859602,0.8359387383914006,0.41206738846982166,489.6466611977596,410.3912003473674,38.06716473752173,25.575060508697124,2.989585753604498,44.23,45.49
1001,16,41,23.247287387387384,77.42338661361714,road,0.09638560835811104,0.10185138072460898,0.0,0.05366864100653147,0.9704822474464077,0.9441589412173019,0.8912559019391175,488.8889122330997,1094.4773541853779,38.09244854614853,35.536918266002125,1.9671946581671087,43.96,44.01
1002,16,42,23.247287387387384,77.42436721485505,grass,0.4655479256298477,0.1992230046016201,0.0,0.0,1.0,0.15582586431252363,0.0,494.6985278243795,226.27540874302235,38.708928167620364,16.436258771379233,2.0393853656475214,33.42,33.4
1003,16,43,23.247287387387384,77.42534781609298,bare_soil,0.09795522665386971,0.29014236972149743,5.287922892607726,0.010889075640996856,0.9411317794713745,0.19731609473814904,0.04451746423940526,505.56972441464194,551.5398362609103,38.714633918942745,35.356945177232596,1.5081908194770293,36.57,35.95
1004,16,44,23.247287387387384,77.42632841733091,grass,0.5881236044058046,0.2192684994311814,0.5909383008894887,0.027567429364306603,0.9789285308407365,0.11729361838064767,0.09101590675498358,495.28073008696026,1251.6911244263524,38.12007848895315,34.84374971641931,1.253842602023175,32.89,30.37
1005,16,45,23.247287387387384,77.42730901856882,grass,0.45987410672309875,0.2494816958532857,0.0,0.0,1.0,0.1366036743713006,0.044319730283599215,493.4376455813979,1553.1508683490053,39.26571054713213,24.860429898216754,1.4919554508103827,36.52,37.51
1006,16,46,23.247287387387384,77.42828961980675,grass,0.4939505625065076,0.2177738742851184,0.0,0.01820654484367926,0.9899864003359764,0.13302426120133917,0.0,503.00544738018266,1227.6092063416836,38.61454857904367,32.14530833395133,2.796879268290846,35.01,35.01
1007,16,47,23.247287387387384,77.42927022104467,water,-0.2,0.08588568976235869,1.7365228359889482,0.029043915713227293,0.9666606179978354,0.04012241773904126,0.0,491.68074852259633,0.0,38.54968233386589,21.826922026021986,2.609629457584491,36.14,35.35
1008,16,48,23.247287387387384,77.43025082228259,water,-0.03446660556591653,0.10109196481383029,2.9212223270711712,0.0,0.9707877767292883,0.040191821131268186,0.0,493.0440515303215,0.0,38.41694921126293,18.35206100759828,1.6503574833102095,35.18,37.08
1009,16,49,23.247287387387384,77.43123142352052,water,-0.060207542210414765,0.1303703734369107,0.0,0.0,1.0,0.0,0.0,517.7682143718009,0.0,38.872197469808285,19.456764167087684,2.259927511410375,35.54,35.94
1010,16,50,23.247287387387384,77.43221202475843,bare_soil,0.18675191102174754,0.2728304323846032,0.0,0.03496322529792617,0.9807702260861406,0.17471006221095303,0.0,494.60236546988926,766.7607101867252,38.65579769999434,29.061910251520686,2.6632373560860843,36.23,36.04
1011,16,51,23.247287387387384,77.43319262599636,bare_soil,0.12293871675019936,0.2553486962150812,0.7149474478234662,0.014229087277555848,0.9850245275191096,0.19103756785719084,0.0,500.8397043916149,761.4104504270941,39.2559406540674,29.442557860816237,0.9741067743184866,37.93,38.85
1012,16,52,23.247287387387384,77.43417322723428,grass,0.4527956500263621,0.252943824022103,0.0,0.10867431684466876,0.9402291257354322,0.09637382041061297,0.046473570956236825,493.97799927806534,1608.669331354255,38.0144401925853,33.97676750037034,3.185306032635662,33.42,33.75
1013,16,53,23.247287387387384,77.4351538284722,road,0.0224624118329598,0.09817645070602479,0.0,0.0,1.0,1.0,0.956912427625223,499.68112213511785,705.8666016114806,37.88177448693959,30.284902349924465,2.8315222119700145,44.98,45.29
1014,16,54,23.247287387387384,77.43613442971012,road,-0.016150408435498545,0.09617377152260809,1.1506892804017854,0.033112993788520166,0.9702809606122961,1.0,0.9499413242584476,503.0684955273426,1001.6499557340842,38.20397663970938,24.920524212445873,2.654375017610159,45.83,45.28
1015,16,55,23.247287387387384,77.43711503094804,tree,0.6154621205442978,0.17352219631381804,0.0,0.0,1.0,0.02163029121235979,0.0254036565716391,490.9340257145194,755.0392478662877,38.72134018337481,30.97447798386304,2.9212486939398414,32.19,32.82
1016,16,56,23.247287387387384,77.43809563218596,grass,0.5428741209331631,0.17191881022359082,0.0,0.0,1.0,0.062418160108694526,0.022090510815275435,492.09939101896987,1422.1898283960581,38.32876366167998,21.00936977873016,0.9750770547885039,33.93,34.78
1017,16,57,23.247287387387384,77.43907623342389,grass,0.5310690371863448,0.24525034408308194,2.56153279430217,0.0,0.9743846720569783,0.0878464489090433,0.04869684269413728,506.9695273129163,2036.9090230091751,39.008411076720044,26.453656564251343,2.047659019818268,34.6,34.06
1018,16,58,23.247287387387384,77.4400568346618,grass,0.5141423754977368,0.24689465871021654,6.583988951348401,0.004815454080364796,0.9315116107423154,0.08554707808792156,0.03709431614641795,492.6795779545056,1219.2546377310496,38.34257677496529,26.838734056727404,2.8740677289514793,33.43,31.72
1019,16,59,23.247287387387384,77.44103743589973,grass,0.3463888683733511,0.20411442890296583,0.0,0.04748176454265217,0.9738850295015413,0.15555452721931806,0.0,516.6082674717087,1285.0105421586072,38.93276334084485,30.633260727028432,2.17284525101562,36.89,37.75
1020,17,0,23.248188288288286,77.38318196286234,built_up,0.09440269796184618,0.0914691954503502,9.418667601832844,0.4536381631144045,0.656312334268749,0.858488923135655,0.3543125890501149,501.81737736460383,503.16808919272717,38.16769543783444,35.08321603541489,2.28190110998956,45.14,45.71
1021,17,1,23.248188288288286,77.38416256410027,built_up,0.0742034867959107,0.18224991065892868,13.927145834912555,0.4067496018997425,0.637016260606016,0.9281834337180778,0.2996360597292642,492.22641868114994,2130.6993907484225,38.97322120338889,28.870775493219814,2.623319867191413,47.01,47.77
1022,17,2,23.248188288288286,77.38514316533819,built_up,0.11467838709851139,0.13133337973693057,11.312255069146469,0.38447231187301784,0.6754176777783755,0.8638296300903723,0.3578955378524588,500.1590776789015,593.2770905121749,39.04766127803423,26.554535309705514,2.2817294794241336,45.12,45.16
1023,17,3,23.248188288288286,77.3861237665761,road,0.04588536666413465,0.09411465702733904,0.0,0.06333712457686808,0.9651645814827226,1.0,1.0,505.20098211009827,1014.7922644770885,38.27408564323541,25.206878632385123,2.016873836517438,46.94,47.81
1024,17,4,23.248188288288286,77.38710436781403,road,0.025778665043722743,0.12216806790386824,0.0,0.0659405030061198,0.9637327233466341,0.878213625283573,0.9381709778405026,506.4085719365386,699.6123680038681,38.69582468629918,31.34016508011961,2.5084975819067705,45.78,45.19
1025,17,5,23.248188288288286,77.38808496905196,built_up,0.06559106652933001,0.15780930248729608,15.957058798730547,0.3950140070635478,0.6231717081277433,0.781596275612257,0.3121587924864063,487.6997131959347,363.8051261011159,38.60708596537215,27.220654738051685,1.0169142002030624,43.21,43.04
1026,17,6,23.248188288288286,77.38906557028987,built_up,0.02164032813831797,0.17700480644737976,11.61437790366376,0.4727306724381527,0.6238543511223783,0.802226787162291,0.37534148300258324,515.0061122226622,628.1954206050409,38.70668279877838,25.987188674548797,2.1189361502590818,45.7,44.76
1027,17,7,23.248188288288286,77.3900461715278,built_up,0.18348490226448405,0.1509327314950354,12.667716516441201,0.502511260591323,0.5969416415103603,0.8695263249483508,0.4242841767625297,504.1617658545738,1317.8152532612617,39.013774745697354,31.805148847184196,2.2225747988334006,46.7,47.74
1028,17,8,23.248188288288286,77.39102677276571,built_up,0.05471001080224734,0.16517231409393213,10.462006459427947,0.4991794978197811,0.6208312116048409,0.9941641777890414,0.24983240321414832,501.8651759706836,1158.5839004231545,38.88928461845022,32.67710248381111,1.943164886317358,47.68,47.64
1029,17,9,23.248188288288286,77.39200737400364,built_up,0.06631465745076784,0.1338644221679771,13.308538066183129,0.49222193428960215,0.5961925554788875,0.8610989864410502,0.330495571767324,516.1791425499766,872.5630962142434,38.70564510768447,24.162566464470554,2.4289990502329517,45.65,45.86
1030,17,10,23.248188288288286,77.39298797524157,built_up,0.11417668445748297,0.11992891700470351,15.635796533121214,0.5524427131546285,0.5397985424337421,0.8709630118266085,0.3089065857512592,493.9807756754918,1817.7716046104103,38.765220920314775,22.013664408649646,1.9314255188936031,46.38,46.77
1031,17,11,23.248188288288286,77.39396857647948,built_up,0.03419157753735923,0.15922706510637516,11.160895318669521,0.5769741175182606,0.5710552821782615,0.8156801321251307,0.3114724844984,494.30126018642477,674.2515255134765,37.99229261514105,27.60886840068558,1.8955723828910784,45.59,45.38
1032,17,12,23.248188288288286,77.39494917771741,built_up,0.10428040129545318,0.1420815111841335,11.000657572124425,0.5357634773947534,0.5953235117116413,0.7928249296354452,0.37574229460003916,506.61522319097924,916.0390694496224,38.48363203844017,23.43904889224612,2.7653221363197766,45.19,45.93
1033,17,13,23.248188288288286,77.39592977895532,built_up,0.09629920417956568,0.19256372331993232,13.556434030862322,0.5003534267397272,0.5892412749845268,0.8789597617968895,0.3046938493693862,498.3154482938165,605.8148149751037,38.05939839013308,22.891773429193705,1.3582550918246388,44.83,46.32
1034,17,14,23.248188288288286,77.39691038019325,built_up,0.03789081000746779,0.1324973721306647,16.40750654701293,0.6130314775691331,0.49875762186684747,0.8963102931545335,0.36345416356513655,497.9382675088988,295.81730821544875,38.49273621574043,15.837373960432906,2.426715860815324,46.87,47.75
1035,17,15,23.248188288288286,77.39789098143117,built_up,0.10205965959663647,0.0716200482572334,9.55159877237334,0.5595960216709858,0.5967062003572244,0.8632288622315248,0.33195660384682957,512.2842491887517,1092.4775826639811,38.946723549034616,32.186118006127465,2.5057976487078983,45.71,44.16
1036,17,16,23.248188288288286,77.39887158266909,built_up,0.06503552559228454,0.18158929835545387,18.46932776343054,0.6029582397617849,0.4836796904967129,0.8112371170121252,0.3279891827591307,488.4260902960533,819.1618035439951,38.49717843391327,30.601539880495952,2.1480689646252795,45.36,45.46
1037,17,17,23.248188288288286,77.39985218390702,built_up,0.016997513513328066,0.13012775692410447,15.39816742430457,0.4874812345664697,0.577903646745396,0.7868129365739381,0.32972607780658697,499.5797810502146,573.054600130946,37.49776393155912,37.82991489001701,1.626825939871629,44.24,44.38
1038,17,18,23.248188288288286,77.40083278514494,built_up,0.06376892411681738,0.1188143841162333,11.306101887618293,0.5689125344051404,0.5740370872009899,0.8393415737534847,0.33758439585575006,500.8943673503716,1009.8471253654708,38.08128005048959,25.432151885462115,1.995735839885387,45.18,46.3
1039,17,19,23.248188288288286,77.40181338638286,built_up,0.12090357361380019,0.12099347493465828,11.164979347451416,0.6678172510085717,0.5210507184707713,0.8692722957805544,0.3118135059530424,502.2216404519394,1315.6611497857537,38.73243525590761,33.319342679028836,1.3884007285589284,45.0,44.51
1040,17,20,23.248188288288286,77.40279398762078,built_up,0.18375059151436346,0.14751830828473195,17.919475551603856,0.5519006487973052,0.5172598876454436,0.8482048624201661,0.3365994940297472,502.7405588136337,1569.4935079078386,38.284354508367194,29.974225475097516,1.503045712827296,45.9,44.96
1041,17,21,23.248188288288286,77.4037745888587,built_up,0.09499336365675551,0.11186927782199371,12.26740999229069,0.7023161052002163,0.49105204221697407,0.8756896706192616,0.36792325387900227,497.25014889153465,881.1444878338795,38.813537503943095,25.774450258595394,1.8149359211314064,45.8,46.55
1042,17,22,23.248188288288286,77.40475519009662,built_up,0.0207824056323914,0.15161595067110956,12.633245138179323,0.6091544405868189,0.5386326062954563,0.8178553425670297,0.219705294293337,497.22585098773277,282.3074506669937,38.01711613712366,19.413299194910802,1.361666528041503,43.53,43.51
1043,17,23,23.248188288288286,77.40573579133455,built_up,0.06737660696655298,0.14005168401445564,20.12211542746069,0.6488298305278487,0.4419224389350762,0.8667056316491769,0.3698245534087698,506.974468097929,944.751987283681,38.65268743965208,25.755446959828085,1.6001449804463228,46.39,45.83
1044,17,24,23.248188288288286,77.40671639257246,built_up,0.09690278146544715,0.16133740755689432,9.753702024743141,0.7438417257935394,0.4933500305661219,0.9294864922356699,0.3586854300743716,488.6959483967299,1310.144350872804,38.67277732877807,29.03489415765352,1.2269458475021835,46.37,46.14
1045,17,25,23.248188288288286,77.40769699381039,road,-0.011632589943882665,0.12601523049724805,0.0,0.11132034494865613,0.9387738102782391,0.907889161894569,0.95275944281266,483.02250228390807,673.3430859736831,38.81596038424944,31.94680630033302,2.5282814751487264,45.39,44.12
1046,17,26,23.248188288288286,77.40867759504832,tree,0.6944828876917034,0.21411550181717898,0.0,0.056931179142316504,0.9686878514717259,0.0,0.008721535878210243,497.90470321663594,932.5018090498855,38.23791607099986,26.52571454994158,3.141075916311939,31.75,31.9
1047,17,27,23.248188288288286,77.40965819628623,tree,0.7421024655844234,0.20166675464770084,0.6670765082243482,0.033065741330655776,0.9751430771858958,0.005106803565343085,0.03555194667524937,512.8656474195654,162.63713841153435,38.81191727529054,23.393537300396073,3.4831711283839932,30.58,30.31
1048,17,28,23.248188288288286,77.41063879752416,tree,0.7493404772981357,0.2003033933381435,3.6529659436792077,0.036302346664510474,0.9435040498977272,0.05501579710793543,0.03720292782040154,494.1196973235093,478.03746857589255,39.10262360493243,33.084921656364166,1.544185413746575,31.56,32.04
1049,17,29,23.248188288288286,77.41161939876207,built_up,-0.00014217038211968014,0.18461088543032672,17.283430033321103,0.6101693952667331,0.4915725322700858,0.8635678481331291,0.39637390839977327,507.94233860363505,204.96247170851484,37.59092227563088,25.975667712473403,1.342564327330242,43.65,43.47
1050,17,30,23.248188288288286,77.4126,built_up,-0.10803032895277286,0.15186158254689142,13.951001009045708,0.6875892591162313,0.48231589739561576,0.897513519416812,0.3945453244465353,513.9579238878282,1285.8739852556564,38.52068113309405,23.308221099328783,1.7206631379935151,47.8,47.83
1051,17,31,23.248188288288286,77.41358060123792,built_up,0.1849729297270413,0.18137181029705995,19.823580670999405,0.6539316113180752,0.4421018070650645,0.7855336784383811,0.44929081017929645,500.50362348172814,1283.1358102788327,37.777460004586295,27.803394786176806,2.0923454546419875,43.59,43.18
1052,17,32,23.248188288288286,77.41456120247584,built_up,0.04698351013854668,0.1689176732763692,10.015390976355608,0.6339679741040182,0.5511637044792339,0.8450794458303855,0.36850435073220744,508.5761974128089,124.95004393960778,38.155921617135185,22.837731245416663,1.7597357605628543,43.34,43.11
1053,17,33,23.248188288288286,77.41554180371377,built_up,0.11959809133521224,0.17680000929910225,21.94275933425118,0.6873750784375056,0.40251611351686,0.8270247009259388,0.29912941371566953,514.6336183829219,1046.0302130787352,38.18857022541522,23.653060342991104,2.166226153281124,44.87,43.85
1054,17,34,23.248188288288286,77.41652240495168,built_up,0.07868146210518563,0.09140545117334548,13.68143509790955,0.6802416605400428,0.489052735723881,0.867691651206295,0.27214673764134184,505.0609004520146,99.51054287655313,38.47341951918895,14.761695068439877,2.058803831538705,45.58,46.51
1055,17,35,23.248188288288286,77.4175030061896,built_up,0.1612405441161356,0.14625667744714874,14.764539465456206,0.6939453239226052,0.470684677188005,0.8676749644222892,0.40299710434020075,500.64380490711653,763.363995274701,38.65101641521252,27.894356499091103,0.9520021213504959,45.41,45.37
1056,17,36,23.248188288288286,77.41848360742753,built_up,0.06288497404412546,0.1478890142830149,20.065165276294035,0.6142509381265459,0.46151033126745944,0.8823977574665318,0.31478225667968196,483.4661430585724,808.6985048113864,38.86199333832907,26.348142869959975,1.8058918734739933,46.42,44.63
1057,17,37,23.248188288288286,77.41946420866545,built_up,0.10222432540816538,0.1366984619167255,11.962323143076139,0.6488094344020544,0.5235315796481087,0.8633156817069723,0.31444877475629707,489.1720674282158,591.4182965034383,38.605608537227944,27.310622440526746,1.2343187571372762,45.64,44.21
1058,17,38,23.248188288288286,77.42044480990337,built_up,0.1191757548066661,0.15249964195375973,13.368327985029197,0.6339651170893073,0.517635905750589,0.8943563202737783,0.30309337162932737,500.5052429443455,1401.5611529838945,38.76945102350428,26.114609584525635,1.5569546967697643,45.61,46.54
1059,17,39,23.248188288288286,77.4214254111413,built_up,0.00350407068236612,0.17466578873148528,19.473975072806354,0.608916825803975,0.4703559950797502,0.832849569049186,0.39132377676078234,498.51095699976383,429.3497548475882,38.06860045641414,36.639564125062705,1.5928577794519518,44.63,44.59
1060,17,40,23.248188288288286,77.42240601237921,road,0.02407232431862523,0.12411211904583688,1.85020963395617,0.0,0.9814979036604383,0.9665099440263696,0.9890762905660919,499.5200110286933,0.47245679072875646,38.9226635724403,18.153408587580415,2.6927692702386548,44.08,44.06
1061,17,41,23.248188288288286,77.42338661361714,tree,0.7942582805772225,0.17357666932868263,2.7280469429534504,0.0,0.9727195305704655,0.043950662620545755,0.04038944094708939,499.3028411079921,190.16068199119536,37.18167093760581,22.342517406886124,2.2257577660227397,28.67,28.67
1062,17,42,23.248188288288286,77.42436721485505,bare_soil,-0.023208198410610864,0.3256979538851008,0.6200955047533127,0.05834005263955691,0.9617120160007105,0.24643345496802246,0.03387387304478316,497.4293011588235,1045.2833029474364,39.11067684149972,30.07438546499767,1.9578259492151273,39.76,40.2
1063,17,43,23.248188288288286,77.42534781609298,bare_soil,0.20595221678224346,0.28249032784821276,4.754252610997975,0.0,0.9524574738900202,0.11965456943687766,0.04952300858077576,493.450056507833,1841.6684602143896,39.03887999771728,21.244740204338584,3.458341013166341,35.43,36.81
1064,17,44,23.248188288288286,77.42632841733091,grass,0.5302404822739766,0.2676271452027412,2.2110907638781265,0.0,0.9778890923612187,0.0170329199932404,0.08981178676756088,488.00345435190354,1632.813087308012,38.800021632347104,33.864476795488905,1.7161808438985924,33.82,34.22
1065,17,45,23.248188288288286,77.42730901856882,grass,0.4901768856137613,0.21771242038539695,1.1051192108382777,0.02326454677245498,0.976153307166767,0.089879480570646,0.08702748939677256,511.13120688479626,939.2564048151984,39.391586343035605,30.503193731600366,2.416953578984873,34.37,34.65
1066,17,46,23.248188288288286,77.42828961980675,grass,0.41400033679798176,0.2591786213321287,0.0,0.022194630350566142,0.9877929533071886,0.13697875541044607,0.0,507.79028389950116,869.9022588262167,37.778472602676544,28.62780649843991,2.654711411928146,32.97,32.46
1067,17,47,23.248188288288286,77.42927022104467,grass,0.4172579926830529,0.24889670018991017,0.0,0.04345966682819397,0.9760971832444933,0.0008826893090372046,0.041428177869247865,500.35075164970795,635.461954583982,38.81177088900803,32.22973307768248,2.3453129204126655,32.17,30.78
1068,17,48,23.248188288288286,77.43025082228259,grass,0.4733774920733407,0.21761289611896636,2.636739068263867,0.028007549440171753,0.9582284571252668,0.12263471164371764,0.041674448142408185,496.22266834762365,777.1109637364547,38.55404245229543,27.808871889751476,1.6991319232115554,33.86,34.29
1069,17,49,23.248188288288286,77.43123142352052,water,-0.08510704958674666,0.07479921538678592,2.7786320760824896,0.004672509477187646,0.9696437990267219,0.018798330391256557,0.0,507.545842176483,0.0,38.59763422639315,23.527725201765673,1.6767689729056656,37.11,37.61
1070,17,50,23.248188288288286,77.43221202475843,bare_soil,0.05744078506219717,0.32938558027337717,1.744053806081479,0.048854785944588766,0.9556893296696614,0.2227248091453659,0.006273968163851559,497.7631679355499,1364.240204465655,38.03457203011056,20.495106306873744,2.592350917024891,38.08,39.07
1071,17,51,23.248188288288286,77.43319262599636,water,-0.032048857465702435,0.07795448756222463,5.181357161752004,0.0,0.9481864283824799,0.0,0.0,486.4977970569654,0.0,38.6579230015038,23.270105789117533,2.8338646488712627,36.77,38.31
1072,17,52,23.248188288288286,77.43417322723428,grass,0.436078918733233,0.24047798913039675,0.0,0.04216855173170924,0.9768072965475599,0.10224464163114136,0.03054085704507464,495.3798810079324,1734.0666701826126,38.639129359202705,28.734536544907336,2.2144927228271007,34.66,33.62
1073,17,53,23.248188288288286,77.4351538284722,road,-0.06188905779467968,0.11903930872141645,0.0,0.03908772987522504,0.9785017485686263,0.9789585299422076,0.9503457482246359,497.8668830215223,1743.889869756775,38.22416194328793,28.79706451765179,1.4634146434380935,46.73,46.18
1074,17,54,23.248188288288286,77.43613442971012,built_up,0.08014435310361741,0.19908953634840418,13.075187652904493,0.4722499091701887,0.6095106734273512,0.8427336520072781,0.3725698759874071,495.29285301674236,1144.88156214427,38.47252262732281,24.63085663434906,1.9177169097186442,44.3,44.9
1075,17,55,23.248188288288286,77.43711503094804,built_up,0.0804882208464691,0.1497574309779557,13.036461846790445,0.4798106651810557,0.6057395156825148,0.8547452373086646,0.41275773969397495,503.38055052945987,2399.9874979865153,37.9741984523835,27.124684874124082,2.674665134626819,44.6,44.6
1076,17,56,23.248188288288286,77.43809563218596,road,0.03299108451395236,0.13876739877365524,0.0,0.07003946276556518,0.9614782954789391,0.9447858031612765,0.9682351207182438,497.884582387487,1348.19609020222,38.34184047254415,27.007517368022956,1.6372429608417058,45.44,46.74
1077,17,57,23.248188288288286,77.43907623342389,tree,0.7059122257877106,0.1563224131823635,0.0,0.07707900620708232,0.9576065465861048,0.07336381342525738,0.0,508.7630616099205,701.8277138530441,38.88432707025262,23.443505165541396,2.0407258039516925,31.64,31.47
1078,17,58,23.248188288288286,77.4400568346618,tree,0.7646015572834891,0.19659495442787717,1.5407761656283863,0.092659458308409,0.9336295362740912,0.00856795375489923,0.04443179103547315,510.0767088994591,851.484347305287,38.89232272892011,29.433204898139802,2.240182537875001,31.03,32.83
1079,17,59,23.248188288288286,77.44103743589973,tree,0.6752547851691003,0.17138437383682698,0.8118325895551688,0.0,0.9918816741044483,0.07757009954291579,0.0,510.34664660645956,1455.7716162148306,38.80748064932134,34.2927119623945,2.9099321611676885,33.23,33.28
1080,18,0,23.24908918918919,77.38318196286234,built_up,0.19478839232813625,0.16006351281827896,10.308432993629944,0.366198622416602,0.6955064277345694,0.861944552903893,0.348789976460885,509.48911227901823,749.5833645262443,38.884154938444674,22.31484610120193,1.7113616698160943,45.25,46.71
1081,18,1,23.24908918918919,77.38416256410027,built_up,0.20125412002765874,0.17824330825144982,10.806050276452872,0.508031459493725,0.6125221945139225,0.8108435952471363,0.3582235915966091,489.7882315874428,2110.978268997591,38.8893860213915,29.960979524853087,2.1606382593786053,44.84,42.67
1082,18,2,23.24908918918919,77.38514316533819,built_up,-0.018843208784858664,0.09678674911213528,9.971371120359464,0.49620409787727776,0.6273740349639025,0.8977422443039442,0.3548820251291642,508.1514096893384,1103.9195067859462,38.242581293421665,26.31824732619056,2.638843234631274,45.83,46.27
1083,18,3,23.24908918918919,77.3861237665761,built_up,0.10534572675607977,0.1895517822696835,11.183555381766359,0.4036506913388515,0.6661565659459681,0.8735185857163495,0.379610972299662,500.88358189716223,1637.3939534840633,38.6358187118815,25.85635505996636,1.1934526701788861,44.51,44.53
1084,18,4,23.24908918918919,77.38710436781403,built_up,0.06792445182598927,0.14382638028750477,12.977013360050833,0.46814634516106823,0.612749376560904,0.9306635814644424,0.3647822500000133,497.5687829206292,1373.9291199981692,38.93471189070738,28.299054861973275,1.2505532886716242,47.13,45.25
1085,18,5,23.24908918918919,77.38808496905196,built_up,0.14053105041620756,0.16322706324556388,14.076448215486485,0.39060518105362607,0.6444026682656409,0.7253743691579836,0.40101058154482494,503.510859569649,1073.558153737468,37.948175030955994,28.359680722008097,1.895793368319863,42.98,42.97
1086,18,6,23.24908918918919,77.38906557028987,road,0.07165878166680928,0.16781929806997742,3.5338279146160256,0.04811102864009789,0.9382006551017859,0.9356637183583678,0.9197283678812049,480.90876254905834,1375.7033753828712,37.94587222355609,28.73871459708876,2.784041500333822,44.89,43.78
1087,18,7,23.24908918918919,77.3900461715278,road,0.09651763184766995,0.14570534138574537,1.6885761781919395,0.0,0.9831142382180806,0.9517861269044928,0.9169854081563693,498.69260120667843,544.8443261655414,37.923740347102736,23.476537154913593,2.4494250423344948,43.68,43.21
1088,18,8,23.24908918918919,77.39102677276571,road,0.13535724390051523,0.07092885340803198,0.0,0.0,1.0,0.9948277430649032,0.9499046516097147,497.1456771708837,542.410172851747,37.78578394996734,32.3596954932644,2.9082126681705254,44.04,44.31
1089,18,9,23.24908918918919,77.39200737400364,road,0.030147710135256987,0.09366617329957287,0.0,0.09787150009589964,0.9461706749472552,0.9886088607946284,0.9713146883189613,496.284281794556,591.8875002221016,38.079677503871046,28.32455170990498,1.2182536831851276,45.9,45.79
1090,18,10,23.24908918918919,77.39298797524157,road,0.028622537193081127,0.18511778014556673,0.0,0.018071890168241123,0.9900604604074674,0.938580074245473,0.8397891184639299,493.68134934454673,2150.0516637757064,38.289812531575876,30.375303102998384,2.4640343075923057,45.98,46.3
1091,18,11,23.24908918918919,77.39396857647948,built_up,0.11572341768348596,0.18922772603160357,12.79833494203033,0.41583722080753743,0.6433061791355511,0.7945645498268777,0.3658809904417667,501.9009108874916,930.3980449937136,39.10492220677413,32.85839388546495,0.4786157743842345,45.19,45.33
1092,18,12,23.24908918918919,77.39494917771741,built_up,0.04818505925382087,0.16819147060409734,12.635731459773677,0.5599447702605319,0.5656730617589707,0.8597664082516302,0.3352599022655115,492.9496315916835,698.2172982696536,38.32501030002809,20.315517391856993,2.530464736289815,44.72,46.84
1093,18,13,23.24908918918919,77.39592977895532,road,0.14241730696186483,0.14337343589798535,2.550971828204946,0.0,0.9744902817179505,0.9081155363516555,0.9938597686303448,507.23813808359955,957.1820471237626,37.893451885268746,30.521836745320652,2.9492697978160876,43.38,43.61
1094,18,14,23.24908918918919,77.39691038019325,road,0.007767606744992352,0.06608166037294905,2.1685011109462557,0.059306755748295484,0.945696273228975,0.9460453785754402,0.9194960159704151,509.9284954000704,544.7531935024971,38.56647535859862,27.343269931925583,2.0243137041028154,46.09,46.19
1095,18,15,23.24908918918919,77.39789098143117,road,0.13674361247138295,0.1067284472640287,0.0,0.0022554000606698323,0.9987595299666316,0.960668413281799,0.9950484954539073,507.08648111660307,1387.3762546636608,38.42441450303335,32.07550196035137,0.8801192385283286,45.89,46.27
1096,18,16,23.24908918918919,77.39887158266909,built_up,0.09107118444164376,0.12630936505074913,14.709668852212689,0.5646777388973894,0.5423305550843089,0.923329825659148,0.390090948951944,499.26781546514235,358.2987140305765,38.18714722992362,24.79466568268046,1.7490421607318496,44.29,44.27
1097,18,17,23.24908918918919,77.39985218390702,built_up,0.17245038129222903,0.14410052406632903,14.604182841648024,0.6731327092606734,0.48373518149014927,0.8245025593310966,0.3372429239468186,498.1539284129939,142.11525430695167,38.26457473113266,23.74138505283138,2.329839173053346,43.84,42.41
1098,18,18,23.24908918918919,77.40083278514494,built_up,0.09894412192555689,0.11712965765964649,13.693195669222195,0.5697782260299169,0.5496900189913236,0.8206464898348028,0.3164434214393674,501.9777134209598,702.2034537571427,38.926835571916534,23.779977271475055,2.0616681652924362,45.05,45.67
1099,18,19,23.24908918918919,77.40181338638286,built_up,0.08288048829248695,0.21061364229386942,14.913707658849372,0.6442148665027606,0.49654474683498784,0.885937479966799,0.347485735025429,502.1903930523603,770.7836724600663,37.93604613904097,29.608853507911892,2.6958519752520353,45.35,46.51
1100,18,20,23.24908918918919,77.40279398762078,built_up,0.0921535037426887,0.1224044963195559,14.240870279633862,0.623347827349054,0.5147499921616816,0.7514048178074503,0.409842911590613,517.2868641439931,826.9895706498476,37.83369220449138,29.137031225232104,1.6830244531943073,45.78,47.18
1101,18,21,23.24908918918919,77.4037745888587,built_up,0.1199281506350603,0.1724317301015149,12.328527676409662,0.6769595324379207,0.5043869803950469,0.8286780102782887,0.44162896919267375,498.49392344001046,1178.3551802977586,38.68673424176634,27.37830998355017,2.7935494841317903,44.44,45.06
1102,18,22,23.24908918918919,77.40475519009662,built_up,0.06929522417839201,0.2059007826899134,14.511856553920126,0.6962903905346339,0.47192171966675006,0.8813338941225973,0.3661723984665664,501.8320592083582,374.4153022389913,38.25441180215889,23.871658597694523,0.8303146927950614,44.91,44.67
1103,18,23,23.24908918918919,77.40573579133455,built_up,-0.07516337862604462,0.17223176325384845,14.710484119320103,0.7033835823938737,0.4660341884901684,0.8675848883957832,0.3980102712408048,506.4151401608758,539.4099361518304,39.12088363449326,26.525207511106135,1.4237106699504327,46.85,47.09
1104,18,24,23.24908918918919,77.40671639257246,road,0.06689373697487982,0.09968973543156548,2.9125279681704406,0.029560374756839987,0.9546165142020336,1.0,0.93911028817167,492.69915046313764,463.02983973494275,38.43827871818744,31.691465455523037,1.4615619392138266,45.46,47.07
1105,18,25,23.24908918918919,77.40769699381039,tree,0.6120064643081431,0.16228968796360063,0.0,0.0,1.0,0.055823942361310476,0.041361957580158426,499.74565215859826,418.30027754780366,38.45985097211753,33.951094670700535,2.7074642311124766,31.53,31.33
1106,18,26,23.24908918918919,77.40867759504832,grass,0.3931555102656645,0.21048421022905867,0.0,0.0,1.0,0.023923411296054714,0.05805270312822912,495.4637510233945,845.8993265411355,38.81462074829767,35.816640321076584,1.5388123180839002,32.6,31.53
1107,18,27,23.24908918918919,77.40965819628623,grass,0.5032333197378716,0.22983612645793,1.9978169739952065,0.0,0.980021830260048,0.07535716681480568,0.07412306667156335,504.07383630652976,1574.0887464664493,37.83113591750663,30.107181214115037,2.846767224401954,32.83,34.82
1108,18,28,23.24908918918919,77.41063879752416,grass,0.552262828798021,0.22898776403351911,0.0,0.0,1.0,0.07620957172323764,0.013670123660425353,495.2540064609463,184.92413681118182,38.63503440492837,21.005705367636445,2.6773800897803075,31.81,30.89
1109,18,29,23.24908918918919,77.41161939876207,road,0.054094595251322694,0.16089919034426703,2.3331419205756467,0.0,0.9766685807942436,1.0,0.9638660346735552,499.67436519250526,589.026364494826,38.353752720641644,29.795694965893084,2.351580604143987,45.83,44.42
1110,18,30,23.24908918918919,77.4126,built_up,0.06800359172070417,0.15953198368211813,16.781336825975323,0.6330153682601101,0.4840281791971862,0.8111573945449824,0.36223615925126673,503.4292097254662,482.84493281115067,38.910722663643526,35.71407540218285,1.74385323097246,45.52,45.81
1111,18,31,23.24908918918919,77.41358060123792,built_up,0.01207966263522535,0.177528953512554,19.01769273551149,0.5695284665969998,0.49658241601653524,0.9169791461656764,0.34164096810667943,501.51989664021715,1209.6992573448415,38.24128911934678,30.082488287267616,1.3043312025025968,47.78,48.15
1112,18,32,23.24908918918919,77.41456120247584,built_up,0.1791523271977432,0.1700859585513659,16.991041481013816,0.598508669122402,0.5009098171725407,0.748688408800763,0.3851263575609801,510.7362427659558,236.770580262681,38.570728846720165,20.348814253881862,2.1012654255251113,42.47,42.88
1113,18,33,23.24908918918919,77.41554180371377,built_up,0.06381320211567622,0.12328202334843637,14.874916755164122,0.7183968820863526,0.45613254730086483,0.8609186566376821,0.3408328675441732,521.260160164083,67.35333581306213,38.35641431377994,18.898783246178457,1.532460224529351,43.69,44.48
1114,18,34,23.24908918918919,77.41652240495168,built_up,0.11287466488974712,0.10853065144483418,15.86721297361471,0.6684536008731492,0.47367838978362076,0.8922297859817546,0.3395527241935591,497.06441521762525,518.2283274932123,38.66515980547312,27.36083658209782,2.149172696546698,45.98,45.83
1115,18,35,23.24908918918919,77.4175030061896,built_up,0.015202838821929465,0.15896929406275062,16.871511015596063,0.6782313173829587,0.45825766528341205,0.8465228498733459,0.34228488160439624,509.4048027058468,1178.5887612955125,38.399541528283166,29.545596360335434,2.4753399744382896,46.23,46.1
1116,18,36,23.24908918918919,77.41848360742753,built_up,0.16488803517106326,0.15117783054487613,19.439909257249965,0.6302705967047184,0.4589520792399051,0.8399574106929334,0.39780403014727844,506.7473723060819,534.2481157627573,38.60492415488085,24.994246604528097,1.6265977070050628,45.52,45.0
1117,18,37,23.24908918918919,77.41946420866545,built_up,0.01722450583881735,0.13388107379022582,14.220410791988227,0.7311287493342059,0.4556750799463044,0.8880020321759875,0.31936309690452935,491.6400723146799,303.7810171954922,39.20129547299553,25.49424618923519,2.388640777342677,45.41,45.53
1118,18,38,23.24908918918919,77.42044480990337,built_up,0.04647048569201996,0.1349989881860842,18.579098323719606,0.5897101066006143,0.4898684581324661,0.9644768622423274,0.3122679905268538,488.72761815124323,1552.073973749158,38.385605310100914,27.74471590917395,1.8904783751237204,48.15,48.64
1119,18,39,23.24908918918919,77.4214254111413,built_up,0.15927533599021737,0.13452953606731147,16.59353281316665,0.6508740911288002,0.4760839217474933,0.856835621437178,0.29814081846118107,480.14426253867,301.90097755022003,38.66109976922819,26.192339436711123,2.0703000526912114,45.16,45.98
1120,18,40,23.24908918918919,77.42240601237921,road,0.13896926468225684,0.1656624050817997,0.0,0.0,1.0,0.9939060609864689,0.967559247818681,504.8057561543525,521.6999007313083,39.414587170790334,30.385949723096456,1.4678744020210086,45.29,44.48
1121,18,41,23.24908918918919,77.42338661361714,tree,0.9094653710295098,0.21397424004130897,0.0,0.0,1.0,0.09936528470398025,0.03981578460138166,500.7371799042761,989.6018941492592,38.65594180831555,30.695698090289024,1.8490667342771219,31.42,30.3
1122,18,42,23.24908918918919,77.42436721485505,water,-0.10676317625347687,0.09205586797151906,1.815907127383759,0.017165843704101354,0.9723997146889067,0.014546094916095948,0.05571440532844725,487.2231430446524,0.0,37.526328923855914,21.050056477581798,1.8222027621331247,34.66,35.46
1123,18,43,23.24908918918919,77.42534781609298,water,-0.09840635884113864,0.05810397251212278,0.0,0.06438708914450221,0.9645871009705238,0.0,0.0,496.61326616532574,0.0,38.233494803017564,21.95957493794012,3.025191950147809,35.19,34.71
1124,18,44,23.24908918918919,77.42632841733091,grass,0.4523813719473796,0.23668112324039242,1.1859714368886844,0.0,0.9881402856311131,0.04034801208772834,0.012354429934497504,495.0177875470256,678.9842910730838,38.01850035296813,28.470373455646588,2.040768986825336,32.9,32.01
1125,18,45,23.24908918918919,77.42730901856882,grass,0.4914701121154732,0.23212308248691257,2.060014284354214,0.0,0.9793998571564578,0.17541803841423667,0.056913540503868806,500.89787745473564,1144.9964004772296,38.86878524470702,12.830968850816912,2.616339822971729,34.63,32.96
1126,18,46,23.24908918918919,77.42828961980675,tree,0.6794543751221381,0.11673737352118735,0.0,0.03737284786210842,0.9794449336758404,0.05401080198444818,0.014526621092885064,493.2172794337782,112.2274880090298,38.46247225739204,16.49653455079,2.197223358360774,30.89,32.16
1127,18,47,23.24908918918919,77.42927022104467,tree,0.8054907372488874,0.1737631577456518,0.0,0.0,1.0,0.11272612388133146,0.05525403249517538,492.26208428631236,1470.829041304254,38.925407197016604,30.829378817564148,2.04688464280766,32.78,33.03
1128,18,48,23.24908918918919,77.43025082228259,grass,0.441295774864724,0.20168373436038317,0.0,0.0,1.0,0.03395614486256049,0.06104523862034357,498.23436112774823,1220.4871084537695,38.74462271781476,24.644732373157318,1.3777652212005522,34.1,34.59
1129,18,49,23.24908918918919,77.43123142352052,water,-0.08276720013222721,0.09645623334059719,0.0,0.0,1.0,0.02846823777009241,0.0,502.98452067049783,0.0,38.74289619243916,23.421664073285832,1.115526116100248,36.21,36.6
1130,18,50,23.24908918918919,77.43221202475843,water,-0.09901336099031835,0.1282997118180817,1.9365002883290616,0.0,0.9806349971167094,0.042418570215809234,0.07288952906918332,522.3761280812939,0.0,38.01067710935137,23.646514759379745,2.041806536442193,35.88,36.07
1131,18,51,23.24908918918919,77.43319262599636,road,-0.05186519543312129,0.12304033934073288,3.9900839958536616,0.0,0.9600991600414633,1.0,0.9164158800448925,502.9788260250148,260.6845025255809,38.70195784815449,18.938027377666454,2.0592846392039124,45.63,45.61
1132,18,52,23.24908918918919,77.43417322723428,grass,0.3929798770897969,0.21981638058154432,0.0,0.0,1.0,0.07501719009575221,0.043186201938719866,499.3101793031183,1039.2705908022083,39.04663597595737,25.637824566633377,1.7337314561382913,34.64,34.58
1133,18,53,23.24908918918919,77.4351538284722,road,0.07391812818514432,0.0997051189780026,3.3979447076297866,0.0,0.9660205529237021,1.0,0.9945215452197704,497.15201775590225,889.0981009982254,37.92116138751466,28.03836440473243,2.3161362237192122,45.82,44.94
1134,18,54,23.24908918918919,77.43613442971012,built_up,0.09240413549670416,0.15796012789615932,15.252868729306472,0.4101198949807241,0.621905370467537,0.8718721311030624,0.2653394299014914,498.58159611331615,1785.90289033414,38.37314263662592,27.823954261459736,2.9190526711507268,46.11,44.52
1135,18,55,23.24908918918919,77.43711503094804,built_up,-0.0050565419331099065,0.09202286641905014,12.831417036448977,0.5348791464379579,0.5775022990946334,0.8662697725542661,0.27381528412473793,486.5349726956298,1133.2200785098128,38.64176753950971,30.508012908330503,2.623255317907751,47.23,49.25
1136,18,56,23.24908918918919,77.43809563218596,built_up,0.009245454842253961,0.1441005888171697,12.530563936809155,0.4292904177263105,0.6385846308824377,0.9407377146974406,0.37361868819737165,509.6927270303534,1570.2291483884744,38.53920637129838,18.635557489373575,1.9254971833883434,47.55,47.58
1137,18,57,23.24908918918919,77.43907623342389,built_up,0.07099558628300794,0.13416658245981958,11.056052472704966,0.476024435002449,0.6276260360216034,0.8174817411314068,0.4190013176813827,494.03304557062086,1242.9408327795613,39.07463484390937,25.06372238131044,1.9333587601519588,46.1,45.71
1138,18,58,23.24908918918919,77.4400568346618,built_up,0.06625515127724309,0.12647620056840422,16.989021019171503,0.4081351970728465,0.6056354314182194,0.8347639409503786,0.32343465606176436,500.32832492551137,1110.9731854701736,38.7914029610091,23.950414099326153,2.2076176910461176,46.01,45.29
1139,18,59,23.24908918918919,77.44103743589973,built_up,0.012844812157741733,0.1272689040695703,12.839075709055637,0.4694897570829417,0.6133898765138256,0.851200030648274,0.35235979162612835,497.1120394258778,936.4727898679442,38.66243675570906,17.92678974874407,2.0156788632692635,45.88,46.82
1140,19,0,23.249990090090087,77.38318196286234,built_up,0.024825618207061854,0.09330051637283147,9.408697747388056,0.4559747806848756,0.6551268931494378,0.8287791528651411,0.3361592526522383,497.0761184022828,1826.1237151319674,38.827040618369736,26.02074633158256,2.260405764393688,46.5,46.63
1141,19,1,23.249990090090087,77.38416256410027,road,-0.02570295423188025,0.11831160015169981,0.0,0.00339634125473844,0.9981320123098939,0.9922175203558226,0.9522865976107228,506.34417509320735,1162.639823996988,38.80571581685929,22.00160906531025,2.399654603505178,47.08,46.3
1142,19,2,23.249990090090087,77.38514316533819,built_up,0.18466258360554183,0.1413343981690054,7.399768435991137,0.4669279824938381,0.6691919252684776,0.8696048402629891,0.35130180127047694,497.92342947503084,93.572362217413,38.51642764297563,18.450060220313354,1.9890856538717967,42.89,42.62
1143,19,3,23.249990090090087,77.3861237665761,built_up,-0.03681064373594051,0.18942557661492443,10.439779657765234,0.49532967236265824,0.6231708836228855,0.7698483363379769,0.3081256681852693,505.4291275750537,1073.3706072742157,38.35807192180452,26.048160369482247,1.5666902377903256,45.29,45.57
1144,19,4,23.249990090090087,77.38710436781403,built_up,0.11226003031936274,0.13959102302210577,11.628166572984018,0.42501928766717484,0.6499577260532136,0.7902998672035,0.4061080515892999,512.5384728490391,579.1471137349931,38.89612386127174,29.81351925741839,2.103227009867334,44.68,44.33
1145,19,5,23.249990090090087,77.38808496905196,built_up,0.01375525387958311,0.12956680572733725,13.240823248582107,0.4618336111453205,0.6135832813842526,0.874976003262386,0.34803004209554533,499.08295086840616,2279.067685018053,38.20276844021011,26.999335812086347,0.736376367440855,45.9,46.63
1146,19,6,23.249990090090087,77.38906557028987,tree,0.6884878049042815,0.2291984067847364,3.6171576692021596,0.025204675329232446,0.9499658518769005,0.0,0.02124229961451847,495.88244194083563,1056.7715338240155,38.47108855554823,21.23414637806881,2.339340912036355,31.42,33.33
1147,19,7,23.249990090090087,77.3900461715278,tree,0.6562219924567271,0.20268773847150157,2.4624625677776644,0.058501215103347076,0.9431997060153824,0.0308910641807733,0.0,502.81345133176626,1899.1474161671686,38.03730655405312,29.386154117104798,0.9655385639526528,32.69,32.31
1148,19,8,23.249990090090087,77.39102677276571,tree,0.724163378076812,0.193568912583363,0.0,0.0,1.0,0.08291379693022494,0.015757329306445373,503.22818329223463,1249.454513875557,38.79267026040428,37.679558131281254,2.38759893467501,32.07,31.81
1149,19,9,23.249990090090087,77.39200737400364,tree,0.7408510103483344,0.1967356595816322,0.0,0.0,1.0,0.04786891966963718,0.019257547189550094,495.82141738624296,1091.0223327769463,38.993009154502836,32.30031876897814,1.6410327035261607,32.28,31.53
1150,19,10,23.249990090090087,77.39298797524157,road,0.08449304585004239,0.1456253562246046,3.5306546816178903,0.0,0.964693453183821,0.9218500713145787,0.9384141842623341,500.642292328059,826.3914937342645,38.12578072374059,30.71694379237131,2.952713608873131,44.44,44.3
1151,19,11,23.249990090090087,77.39396857647948,tree,0.686841640189047,0.17086745279407883,1.2082845560812576,0.0,0.9879171544391874,0.16716785862935513,0.020839741735371974,508.4067791538298,630.9645403681473,38.438428250926215,27.218180361316886,2.270837166152452,32.73,30.97
1152,19,12,23.249990090090087,77.39494917771741,road,0.06446097555148611,0.11300273218485728,2.142020984720733,0.0,0.9785797901527926,1.0,0.8903177661005182,507.59499064158416,956.0172333735759,38.30797369479101,26.03637225436125,2.2102142511792118,46.09,47.08
1153,19,13,23.249990090090087,77.39592977895532,road,-0.03109960190237661,0.1685619761014133,4.621744316418947,0.0,0.9537825568358105,0.9888392193672912,0.9782265021892295,503.5336384665425,1630.4776466702706,38.93013052377182,25.7588638678415,2.42611621319755,47.31,46.11
1154,19,14,23.249990090090087,77.39691038019325,tree,0.7984579624508769,0.18795562068951543,5.692759031029091,0.04684232613537885,0.9173091303152507,0.03242927524110388,0.0,509.94673202378885,452.70409544461836,39.0667885947321,28.96256867420388,1.6533384393893287,30.56,29.83
1155,19,15,23.249990090090087,77.39789098143117,tree,0.6954157032324914,0.17281284325635454,0.8891334831903766,0.0,0.9911086651680963,0.0,0.06648318951963055,496.76481080971905,1836.085491918382,38.308362602402624,23.456262947324483,2.89117977561936,32.29,32.37
1156,19,16,23.249990090090087,77.39887158266909,road,0.04823940043559036,0.14801622453206478,1.5771537854519815,0.06575281357283132,0.948064414680423,1.0,0.9594067533596722,508.7458727348521,2046.5731897765932,37.26352996800578,28.88139451722347,2.5895640656810364,44.79,46.03
1157,19,17,23.249990090090087,77.39985218390702,built_up,0.06381218368370749,0.16384780963175044,15.091359050975507,0.6295403837467931,0.5028391984295087,0.8521079278788267,0.26369028457158383,498.3985062580946,1281.441319555959,38.961120440737815,25.345463781383813,1.5205150874294258,45.74,44.97
1158,19,18,23.249990090090087,77.40083278514494,built_up,0.034087602603885776,0.1676283932921463,15.761633522573229,0.6043929588482317,0.5099675374077403,0.8952907692641684,0.37724126174257044,503.3643765695843,1268.3846787190605,38.51803796394786,21.14211715943722,1.2809918354662349,47.17,47.0
1159,19,19,23.249990090090087,77.40181338638286,built_up,0.09218589917531485,0.0906600190103293,14.548031150502535,0.53311321219434,0.5613074217880876,0.8828682413104316,0.3858479935717187,507.5336179370643,984.5473496149019,38.51958139135815,25.289029376675416,1.6291506519138639,45.54,45.8
1160,19,20,23.249990090090087,77.40279398762078,built_up,0.13807550776335792,0.09270189985197619,15.406640767743601,0.5615360701779935,0.5370887537246676,0.8320835193597055,0.41465006943731025,508.74589745883753,1051.6186240697837,38.885485517083815,33.00478968482593,1.7400001159781058,45.75,45.15
1161,19,21,23.249990090090087,77.4037745888587,built_up,0.06910278628396141,0.11019215646663257,16.315615644242605,0.6962860718705658,0.4538865040287626,0.8704935744629617,0.28657236843261746,500.83688717692667,254.66907118833842,38.35439289042571,20.553512476224373,1.2107561016395965,45.13,45.02
1162,19,22,23.249990090090087,77.40475519009662,built_up,0.12825102998636045,0.11920976755799856,12.95159147552235,0.6895721792379561,0.49121938666390064,0.8779688918591992,0.3592959584965684,517.5336635772084,1002.2075993614048,38.24788970973843,13.789973886264692,1.53394262584345,45.53,44.1
1163,19,23,23.249990090090087,77.40573579133455,road,-0.008697415795642024,0.12557611602454824,0.0,0.06333794109485011,0.9651641323978324,0.9940488603415214,0.9651969314720179,488.46105271843766,699.4575880431915,38.35771663477809,25.30548835893971,1.8193581857608574,45.38,44.91
1164,19,24,23.249990090090087,77.40671639257246,tree,0.7166240487440845,0.14927359634368345,0.0,0.021787622179203915,0.9880168078014379,0.04978252003279934,0.0,497.8142653344245,420.3885084134499,38.69563456224159,31.613041106375984,2.068690300643087,30.81,31.92
1165,19,25,23.249990090090087,77.40769699381039,grass,0.461610811381871,0.22256597685683266,0.0,0.0,1.0,0.103361129399225,0.06851907019946252,502.2291241816655,1353.294812458058,38.85158690260053,26.80653320582737,2.0834448455886148,34.21,34.94
1166,19,26,23.249990090090087,77.40867759504832,grass,0.5179914587305134,0.26490047488627455,3.4215691295076396,0.07814747583703613,0.9228031969945537,0.0423428594764383,0.05589705111641874,509.74656442291115,1330.5725680732462,39.153261486253044,30.095173964139008,2.415882909865972,33.41,33.01
1167,19,27,23.249990090090087,77.40965819628623,grass,0.40375687121916287,0.23972141574794315,0.1880076623760477,0.0923530116503806,0.9473257669685302,0.030635418780277465,0.0,485.51492940030124,694.7984534484831,38.66135697592992,26.418825072356213,2.171997856948498,33.57,32.66
1168,19,28,23.249990090090087,77.41063879752416,grass,0.5858304161561791,0.21866975144400125,0.25258330631063536,0.027511938531160237,0.9823426007447554,0.09418547574963547,0.04464104076576321,503.1376933546225,193.44943997007448,38.4421496976086,20.735762588308102,2.423997572616263,31.13,30.94
1169,19,29,23.249990090090087,77.41161939876207,road,0.0243571973070199,0.13225798779470738,2.3214402914077383,0.06492508280971375,0.94107680154058,0.9967718033391397,0.9642314284497776,506.001478921717,315.0248802506122,38.85447634829173,28.141182292990774,2.2939377652834745,44.48,43.16
1170,19,30,23.249990090090087,77.4126,built_up,0.04185325688065027,0.13625606427036804,13.508603903041983,0.7027451710457084,0.4784041168944405,0.9024541018084131,0.3215982542064658,503.4811935190822,296.5614582510842,38.11149673393534,17.416450375404036,1.6484483466439595,44.82,44.64
1171,19,31,23.249990090090087,77.41358060123792,built_up,0.019005469880304438,0.20166683131279,14.178590614285076,0.6178461233706524,0.5183987260032903,0.8607357698527656,0.3607408591384306,505.33785712951953,1613.0240137912197,39.06775528988976,30.285923732924868,2.107397034155665,46.54,46.17
1172,19,32,23.249990090090087,77.41456120247584,built_up,0.03337221108832218,0.122646894860783,20.670554593776654,0.7270184621842386,0.39343429986090217,0.8900040668880866,0.32640525217970723,509.007105763298,1017.8191761073558,38.58455077582674,34.12615640038201,0.41927902451537385,47.47,47.07
1173,19,33,23.249990090090087,77.41554180371377,built_up,0.09137223608716194,0.12245216569299525,16.85682932660632,0.7596162857053569,0.4136427495959905,0.795301612369816,0.3180080372774612,494.9775805194347,417.0797319270695,38.40852389275205,29.53857602526036,1.5192243525710938,44.88,44.75
1174,19,34,23.249990090090087,77.41652240495168,built_up,0.07905579880873838,0.1687571308460572,17.66365215269091,0.676306720083742,0.4513947824270327,0.8638496737540172,0.3749596384145272,486.54635243016327,1166.8510030222374,38.112789955607454,28.415842894106287,1.4499683185031482,46.64,47.12
1175,19,35,23.249990090090087,77.4175030061896,built_up,0.030415223426815866,0.1266946888646754,17.26132690600709,0.6645896399356495,0.4618624289753218,0.8743465220546669,0.3556731167382562,497.68534170350705,1406.1392345008421,38.75077598035162,24.62729842928081,1.7826451624143365,47.67,46.74
1176,19,36,23.249990090090087,77.41848360742753,built_up,0.12248393192060811,0.1490635197540686,18.023557841436805,0.6272997781868228,0.4747495435828793,0.9587385870908343,0.30649451195667443,500.90534926634723,511.18776362451683,38.387753394225214,31.752847788486072,1.4371428104243937,45.22,46.08
1177,19,37,23.249990090090087,77.41946420866545,built_up,0.0605351374743771,0.12637229731055724,14.228761733447733,0.7153921285233698,0.4642467119776692,0.7897648602708558,0.3893425559473528,505.18830187776786,478.3362124520424,38.46228708742019,25.955787292055778,1.9872991281848893,43.49,44.5
1178,19,38,23.249990090090087,77.42044480990337,built_up,0.11195643702763118,0.13526302946910276,13.256879128881302,0.5941539633678007,0.5406465288588965,0.8827720758234845,0.37414281294740087,501.9360913145538,488.9494115631736,37.83152243015362,30.24274795654033,2.1510047396119036,43.47,45.45
1179,19,39,23.249990090090087,77.4214254111413,built_up,0.06857410798213871,0.1302334052850792,11.480686096839365,0.6438149427922644,0.5310949204958609,0.876122743060475,0.3527043519511282,514.1531933761536,199.7139524298455,38.32612829023092,23.046793043740887,1.1127141056561656,43.98,44.25
1180,19,40,23.249990090090087,77.42240601237921,road,-0.009666223013623222,0.11399056987051011,0.609417025481079,0.0,0.9939058297451893,1.0,0.9599326735822239,483.04485644933527,662.1212863901119,38.272601106668816,31.95003236823457,2.328408702581495,44.74,46.07
1181,19,41,23.249990090090087,77.42338661361714,tree,0.6714875086836799,0.1664003020705863,0.0,0.02080943393367862,0.9885548113364767,0.1380888190285113,0.030600942966811304,482.7249271858908,882.7980186663993,38.66742512359513,32.024507517345015,1.4249084027994103,32.84,33.72
1182,19,42,23.249990090090087,77.42436721485505,water,-0.11167832753194212,0.04696962395737691,0.884059578477568,0.04398823640636779,0.966965874191722,0.0,0.0,483.90662208365706,0.0,38.39294145644907,23.879835333700235,2.45492463316472,36.08,36.25
1183,19,43,23.249990090090087,77.42534781609298,water,-0.10933020815558858,0.06451983309087563,0.0,0.02839497635640775,0.9843827630039758,0.023141302307296215,0.007983736110407685,506.53190227475284,0.0,37.44045080554476,14.975107503958732,1.9080813511559196,34.77,33.67
1184,19,44,23.249990090090087,77.42632841733091,grass,0.3843264458964859,0.20432998977317884,0.0,0.0,1.0,0.07272156802265146,0.07419402220728902,506.4068274449429,1066.179060958607,38.33399517047045,24.563689384745317,1.7174706705429794,34.54,35.35
1185,19,45,23.249990090090087,77.42730901856882,tree,0.7278970825942187,0.22346695578426093,0.0,0.0,1.0,0.10621476368442666,0.021104195873548347,494.63057354364656,1102.0801708968713,37.91820662643403,22.510101486778083,1.1737310047191807,31.23,31.45
1186,19,46,23.249990090090087,77.42828961980675,tree,0.6936919822987209,0.15487423513581794,0.0,0.01607746805130081,0.9911573925717846,0.060290774831533125,0.08066987066623804,497.67928602718797,695.6064843108832,38.082862031557106,22.240718780401473,2.1371042106172027,31.11,32.72
1187,19,47,23.249990090090087,77.42927022104467,tree,0.806378011831615,0.20956940379832772,0.3622457594068479,0.0,0.9963775424059316,0.009407260885838375,0.0,500.29161421519495,618.5422852602819,38.901553831467226,34.101240834600674,1.5030185540878853,31.66,32.33
1188,19,48,23.249990090090087,77.43025082228259,grass,0.546174293570538,0.17285688358677975,0.0,0.012231439243992588,0.9932727084158041,0.12607180248820848,0.0,486.1167187266781,764.8555090367447,37.824406508073984,24.0562841757196,1.306345776908984,32.98,33.93
1189,19,49,23.249990090090087,77.43123142352052,water,-0.018637382110901962,0.1366328265565091,0.0,0.0,1.0,0.0,0.02532825599544489,512.2282366759514,0.0,38.61793745344682,15.493882454062735,2.3115776596204154,35.01,34.49
1190,19,50,23.249990090090087,77.43221202475843,grass,0.448259963240675,0.19484404884594328,0.0204925107745519,0.06903933522167886,0.9618234405203311,0.07997414508266909,0.0,497.1199259734603,806.0876189185893,38.29711189653758,27.77652492039023,2.7390705619858497,34.29,34.51
1191,19,51,23.249990090090087,77.43319262599636,grass,0.34072211032383015,0.22696111995994958,1.2650116581384947,0.09299463074091552,0.9362028365111116,0.033381152157844374,0.05922085725155056,507.734689209407,1230.3326500372632,38.21998590335413,25.016096530381613,2.374501997184106,34.93,33.2
1192,19,52,23.249990090090087,77.43417322723428,tree,0.6595919020293525,0.14805219957772464,0.2429918807095372,0.004508882992314598,0.9950901955471315,0.02202830876856468,0.07166548054133022,496.7939873400635,48.850713177524995,38.10827046541106,29.047615801132736,1.3387740963755657,29.51,30.01
1193,19,53,23.249990090090087,77.4351538284722,built_up,0.06655660912970976,0.1544082004473712,13.724540499286501,0.511202262439465,0.5815933506654292,0.9246994507178339,0.305408377131915,496.6103332131946,1793.6372740979991,38.62780932486292,26.90629972352494,1.763467820856484,47.52,48.62
1194,19,54,23.249990090090087,77.43613442971012,built_up,-0.03804099321785703,0.13838916658391692,15.70285836579065,0.5434513096658045,0.544073196025901,0.8830058186423176,0.3774175720704677,491.67181501555893,1733.3147300683713,38.67272198884602,29.78069400445798,2.1326537782231862,47.34,48.59
1195,19,55,23.249990090090087,77.43711503094804,built_up,0.007996297322852355,0.10578760941879876,13.35942103933359,0.446273796757294,0.6209552013901525,0.8603348349519879,0.36723068317120905,514.2248779150044,1289.3906094163233,37.80994007319764,24.878114734816936,1.7970137031265803,46.54,46.22
1196,19,56,23.249990090090087,77.43809563218596,built_up,0.04288794175049248,0.16029463874558408,10.06796098279526,0.5046792552947214,0.6217467997599506,0.8532313959784628,0.3660217526462779,485.75476818308255,26.874206483658554,38.960209653814225,13.351859941763948,2.0329042257856327,43.01,41.38
1197,19,57,23.249990090090087,77.43907623342389,built_up,-0.01008545394480595,0.19237312567095402,9.033149108395975,0.4836641410844944,0.6436532313195683,0.8179046100544647,0.34039879603123036,499.64223795944594,1946.5103390292802,38.02549434448669,25.08514702171992,1.661454591766776,45.17,44.69
1198,19,58,23.249990090090087,77.4400568346618,built_up,0.11507033184748547,0.15155099420961055,14.900181722769801,0.4033526213985724,0.6291542410030871,0.9034171488475716,0.38605210380634924,507.11919490594823,1073.373543991552,38.65544363931702,25.128090949504212,1.6770773465656474,46.13,46.06
1199,19,59,23.249990090090087,77.44103743589973,built_up,0.053761106253354285,0.11390529064491756,9.394204866451433,0.3770679521236181,0.6986705776674957,0.8683423880913038,0.3408665474691971,503.45120158144016,1421.2094978048544,38.02761312399358,25.100067619838416,1.5867648437572284,45.76,46.13
1200,20,0,23.25089099099099,77.38318196286234,built_up,0.016414636742700023,0.10730694403672314,10.680361926067503,0.3762981679443495,0.6862323883699327,0.8059793930236857,0.4178274803629948,487.7331618249807,2205.959404638921,38.31637513096087,21.599769480359342,2.2450056201722144,45.38,43.55
1201,20,1,23.25089099099099,77.38416256410027,built_up,0.09733258300154532,0.1695871484905378,13.672854243624938,0.4581794061994311,0.6112727841540635,0.9330915899571592,0.3067033324609287,498.7489729777727,741.2170222889806,37.98847931344036,28.54429292064825,2.1999885094574645,44.24,44.15
1202,20,2,23.25089099099099,77.38514316533819,built_up,-0.02176477186194295,0.1201627664432533,16.432485590018196,0.43089040436592263,0.5986854216985605,0.9491757856666779,0.43343308653772816,523.9610429095686,2093.6983512142983,38.28850375265658,26.652815871266718,1.567211333495313,48.08,47.15
1203,20,3,23.25089099099099,77.3861237665761,built_up,0.22148791192002842,0.14975502623167172,12.570025304189148,0.46648862841655814,0.6177310013290015,0.8500031102305182,0.3559865254067017,506.01746052122735,881.461995211824,38.419610126958275,21.832334442432778,2.2472669370642278,44.09,45.39
1204,20,4,23.25089099099099,77.38710436781403,built_up,-0.0026574542685226382,0.1509085639271758,10.514174088846866,0.43441153906057595,0.6559319126282146,0.8428623384842914,0.335114271218645,508.8803399401335,1004.5378543820165,38.04027254899885,28.42509123346482,1.1588697141502924,45.16,43.06
1205,20,5,23.25089099099099,77.38808496905196,road,0.09962697827260303,0.1161804874682646,0.0,0.007911024314339708,0.9956489366271132,0.9154185067989633,0.9635230875788278,506.7935143705197,1557.002524009503,38.62577653466908,31.04893092836106,2.093675848233287,46.2,47.11
1206,20,6,23.25089099099099,77.38906557028987,grass,0.3688695548773279,0.1744305939327107,0.0,0.06923311789964391,0.9619217851551959,0.11104876967901231,0.0,488.37648426455695,693.3964002072014,38.67817283482834,32.79092185373383,1.3666587556383565,34.82,34.68
1207,20,7,23.25089099099099,77.3900461715278,grass,0.40490693228921537,0.24806853155935768,2.5313606234676107,0.0,0.9746863937653238,0.13765830307908,0.05603027594701712,490.56255348189654,967.4565646247772,39.58241181355906,18.318838635232183,1.5054853203878804,35.56,33.72
1208,20,8,23.25089099099099,77.39102677276571,grass,0.470449199289445,0.22489706256152078,0.0,0.006559122725830932,0.996392482500793,0.13181324457158383,0.09318376675470094,494.6496703988228,710.7937213609564,38.87147832648823,25.076398703374345,1.3786098729864873,33.19,34.7
1209,20,9,23.25089099099099,77.39200737400364,grass,0.4374679940476434,0.2287364776395067,0.24254441905713803,0.030215399398354534,0.9809560861403337,0.043740672889242896,0.045874147571861965,494.0622769581948,886.2084171081517,38.970568143226025,22.51689220772755,1.7928008357946572,33.43,34.65
1210,20,10,23.25089099099099,77.39298797524157,grass,0.5524808176353724,0.17805271573701975,0.0,0.0,1.0,0.10765339872758864,0.0719293166156007,501.35724095075415,874.0976053658444,37.792393829268555,25.39073993094052,2.571850672342509,33.38,34.5
1211,20,11,23.25089099099099,77.39396857647948,tree,0.799704139743123,0.18991507304316432,2.0489151407795263,0.03576286934225674,0.9598412704539635,0.0,0.01693324777516206,491.37540424894917,492.6306109491282,37.71661378091049,33.55421052756617,2.1183986006598308,29.01,29.09
1212,20,12,23.25089099099099,77.39494917771741,road,0.1184751664395176,0.09875583364032224,4.731420489515019,0.0,0.9526857951048499,0.9258164609861316,0.9804940264380788,497.2690278419319,1036.0724594429664,38.38120377142881,25.091125205963127,1.8146497049180532,45.41,44.81
1213,20,13,23.25089099099099,77.39592977895532,built_up,0.07326159041781499,0.13572271286101978,13.632781573936768,0.5782920305357288,0.5456115674659814,0.8820819143763952,0.41457688603889903,498.37989971725744,661.0338794213162,39.21472652028454,26.09983691078915,1.714956279937134,45.61,45.67
1214,20,14,23.25089099099099,77.39691038019325,road,-0.0013476933875479283,0.15409351565097495,1.7258122427845448,0.0,0.9827418775721546,0.8828439648601809,0.9167976848200765,501.841163552435,816.931492955708,39.489745135676536,24.68370954140579,0.9595539537502624,45.35,45.84
1215,20,15,23.25089099099099,77.39789098143117,road,0.06088671311062085,0.1047366967345016,3.4935469284473566,0.03860556893870079,0.943831467799241,0.9838788303557843,0.9958135772213642,486.80875020547825,767.3645950266664,38.22498570561702,34.50373017970621,2.4859524793776053,44.91,44.42
1216,20,16,23.25089099099099,77.39887158266909,road,0.038250738367679116,0.1280610949985753,0.0,0.0,1.0,1.0,0.9690864850558933,509.4890387316336,1167.37366862723,38.265510880361745,18.800939608762953,0.8514193077965091,46.07,45.3
1217,20,17,23.25089099099099,77.39985218390702,road,0.026349237037677532,0.13024921246846263,0.0,0.00733869763814264,0.9959637162990216,1.0,0.9481879682724783,502.8959174362547,1244.5509248482344,38.71755755824491,25.77453364199246,1.7727898014736476,46.24,46.68
1218,20,18,23.25089099099099,77.40083278514494,built_up,0.12272989164434317,0.1770041556764411,21.297519298465698,0.6576481033527474,0.4253183501713319,0.8269353724297622,0.370472921912792,503.7505473319233,1048.5697874426812,38.421136417743654,24.537577287649057,1.6578329117988932,44.91,45.09
1219,20,19,23.25089099099099,77.40181338638286,built_up,0.1697009748342423,0.08947665473047983,19.460153050553657,0.7248027130213098,0.4067569773327429,0.8784035331635107,0.3736854032489253,498.066841541924,723.6379157409253,38.43122624089825,21.11531417264949,1.881835635819036,46.22,47.05
1220,20,20,23.25089099099099,77.40279398762078,road,0.07187712954888911,0.12900657178310973,1.8017743250084686,0.031333428580164184,0.9647488710308251,1.0,0.9814659467994259,491.8052106779189,1116.1340217539398,38.753959648164184,32.40887279782456,2.3103487002644933,46.43,47.8
1221,20,21,23.25089099099099,77.4037745888587,road,0.1415151969849736,0.10920119744133792,3.7486998699561935,0.0,0.962513001300438,0.9785118690194782,0.9243536739276056,511.0337700193904,1500.7642290132346,39.58620719833741,20.787584576513233,2.1377596039512636,46.9,47.67
1222,20,22,23.25089099099099,77.40475519009662,road,0.024048232794746268,0.14513184567985551,4.126566569758334,0.0,0.9587343343024166,0.9864875805898492,0.9793446147850793,493.2596961478377,717.2642031327771,39.02182934333418,26.162213005167647,3.023745151520963,46.41,45.37
1223,20,23,23.25089099099099,77.40573579133455,road,0.1585672263721163,0.0949995943924911,2.134565601766285,0.026190222306850593,0.9642497217135694,0.9718117045648523,0.9588662037163757,514.0209593963154,922.0521033222917,39.2476506190627,27.68507262225121,3.3601655613888135,45.26,45.25
1224,20,24,23.25089099099099,77.40671639257246,tree,0.7625891173956757,0.22802586888755266,0.0,0.0,1.0,0.13841736957951395,0.02546087130473723,507.1488068011921,248.68385723973273,37.762346028767396,16.996314517977037,2.204232914998668,30.69,31.04
1225,20,25,23.25089099099099,77.40769699381039,tree,0.7433115783147699,0.14709201645414427,0.1593495993202315,0.0,0.9984065040067976,0.006117283254372427,0.00787509322536306,481.65287485625436,36.27654712807134,38.929912591000964,13.062944757009369,2.138584552861836,29.65,30.38
1226,20,26,23.25089099099099,77.40867759504832,grass,0.4969448493756197,0.2304299916864318,0.0,0.027393678473253316,0.9849334768397107,0.056089346392405745,0.05887855481653674,499.0748874123054,442.06934903839283,38.12005255916607,27.326959890102707,2.091482073356135,32.27,33.04
1227,20,27,23.25089099099099,77.40965819628623,grass,0.44453618257635275,0.29678585369997124,0.0,0.011327933313318937,0.9937696366776746,0.13906843547461856,0.0,487.24593730075253,294.7473897235816,39.170579389901675,16.952673039517485,1.8289083406846076,33.71,33.66
1228,20,28,23.25089099099099,77.41063879752416,grass,0.49556779206653206,0.20973989644815152,0.0,0.045538482564603994,0.9749538345894678,0.05968284602525703,0.02644978755415535,487.8892716694655,748.803632400017,39.04293061300728,31.234594184279363,2.4012146662494604,33.23,32.79
1229,20,29,23.25089099099099,77.41161939876207,road,0.043770424474104605,0.13386608894501653,0.0,0.0,1.0,0.9160764819770907,0.940155732553768,511.8543046035298,423.8770300840464,38.741525930380824,30.064445392737078,2.962925494161384,45.51,46.42
1230,20,30,23.25089099099099,77.4126,built_up,-0.001955189454694195,0.11960362205075553,12.932755100027197,0.6305751128421053,0.52385613693657,0.88354934737477,0.29214867050551585,502.49862872283904,595.7140504159057,38.202842673876624,35.77710717482492,0.5714499922112362,45.92,46.26
1231,20,31,23.25089099099099,77.41358060123792,built_up,0.048108305054399954,0.1468204994017333,14.60281441796884,0.7367594080087934,0.44875418141547524,0.8150829850713834,0.3345453244557245,495.9571919568231,928.9901902749207,38.30647271490712,28.439904953541948,1.6355529354705776,45.62,45.87
1232,20,32,23.25089099099099,77.41456120247584,built_up,0.11266663481053396,0.06134896502228601,17.543462388349003,0.6055668116417081,0.4915036297135704,0.8329339143905419,0.345673039130132,497.1835341637453,838.8537130865774,38.33883716969476,30.357004433882686,2.464013080149896,45.53,44.9
1233,20,33,23.25089099099099,77.41554180371377,built_up,0.12320459396477193,0.11679602621542129,14.819407189179795,0.6878573109319013,0.47348440709565637,0.7728133959716922,0.33092088099249284,510.78462266709886,157.85382140068975,38.80493342703198,18.564260501765517,1.92288409630534,44.31,46.2
1234,20,34,23.25089099099099,77.41652240495168,built_up,0.05959295844119552,0.12223097561209652,21.769947743946872,0.658484432725679,0.4201340845614078,0.8260094557320752,0.30876940288793076,500.074574428538,739.7144517464001,38.66155510657893,34.846917289074,1.8804080509716652,47.0,47.22
1235,20,35,23.25089099099099,77.4175030061896,built_up,0.02685080914282436,0.16966168402165896,17.326199811230783,0.7226572373472084,0.42927652134672756,0.833593223608004,0.3597273732356533,498.29522804100736,1345.0685407624128,39.068012933736256,28.041076461426087,0.9564994824789258,47.13,47.05
1236,20,36,23.25089099099099,77.41848360742753,built_up,0.08697584824226373,0.14026261844944998,15.375809468653193,0.6480212788704109,0.489830201934742,0.8618861037411913,0.38278349837490855,494.52353521671927,693.1380886374773,39.14432795761427,27.589783473625904,2.086357841760519,45.37,45.59
1237,20,37,23.25089099099099,77.41946420866545,built_up,0.0910501694611469,0.15075090549126832,12.108892715043549,0.6205221637494901,0.5376238827873449,0.7817077739939049,0.3513153770660698,492.7922130408775,397.13297081926737,38.16185694319431,30.16231127110482,2.286602437918035,43.49,43.37
1238,20,38,23.25089099099099,77.42044480990337,built_up,0.008343168565349238,0.12790290388496595,13.409063878715106,0.6968800279024616,0.482625345866495,0.8739613984897788,0.3560091712589741,497.58446456255547,356.6279776258659,38.69007860555423,25.420164498444326,1.8398462346155469,45.74,44.58
1239,20,39,23.25089099099099,77.4214254111413,built_up,0.05250760247030925,0.1171563036893788,16.666609992948256,0.6815776305278478,0.45846620328020105,0.8662316331246543,0.4005215323650635,495.45348612491927,375.6380111484871,38.68521447266397,26.00153163184767,1.415320717441561,45.43,45.7
1240,20,40,23.25089099099099,77.42240601237921,built_up,0.14227269373415463,0.14498649183614404,15.249169815311127,0.7339927239114058,0.44381230369561553,0.8788865273691341,0.34237823304263665,494.5124414908216,1363.2563357919344,38.461990545045246,30.159434024497877,1.9171367430738606,45.41,44.1
1241,20,41,23.25089099099099,77.42338661361714,tree,0.7324198212533801,0.1807355075861528,1.6906910686377252,0.04400439284269872,0.9588906732501384,0.07749349922454485,0.05535902302527776,503.61099487122146,997.9212125476861,38.87670585358147,30.928935387446533,1.5513510396660748,31.66,31.75
1242,20,42,23.25089099099099,77.42436721485505,grass,0.4061017287093939,0.2743106164485268,0.0,0.015468880724873705,0.9914921156013194,0.03316164709106961,0.026074850446561788,495.4296508970553,809.6923763594823,38.69638935598032,30.38826284820232,1.4927859234709648,34.42,32.99
1243,20,43,23.25089099099099,77.42534781609298,water,-0.07949453911854129,0.05130998891016224,0.0,0.06968371112281412,0.9616739588824522,0.0,0.0,506.8860371833227,0.0,38.27017687199299,19.679269028664,2.640175249116482,36.08,34.14
1244,20,44,23.25089099099099,77.42632841733091,grass,0.45906929578947386,0.2506690704607698,0.0,0.0,1.0,0.06786790667665807,0.01607187810657749,510.71617667958145,63.919045338398405,38.44315313987241,21.081709404479366,2.85748815608062,31.43,31.98
1245,20,45,23.25089099099099,77.42730901856882,tree,0.6483468713453956,0.13902950798120461,3.50423487671492,0.0,0.9649576512328508,0.03366631769575007,0.0,497.90091171067263,1243.1628117802616,38.36031156918292,31.84169029393314,1.729835414241821,32.44,31.45
1246,20,46,23.25089099099099,77.42828961980675,tree,0.7351774228963778,0.17676407846104122,0.0,0.0,1.0,0.0573457381962941,0.0,505.23912926382303,1276.2008358875883,38.20899313006124,23.62409800251941,1.5008019046617187,32.01,32.4
1247,20,47,23.25089099099099,77.42927022104467,tree,0.6882810774807543,0.20177496581315113,0.0,0.05735689907894066,0.9684537055065826,0.15170753300290402,0.0,506.1558752283733,1510.3353103206177,38.465871250427234,28.005571176943903,1.6521782509207552,33.4,33.55
1248,20,48,23.25089099099099,77.43025082228259,tree,0.6617591795788901,0.16274637995344018,0.0,0.0,1.0,0.032181724688968925,0.012068616477796716,506.7039066262254,65.49706980063661,37.981230194365374,10.0,2.318589876960255,29.4,29.53
1249,20,49,23.25089099099099,77.43123142352052,grass,0.39156639470151744,0.240097842286296,1.381940371552186,0.0,0.9861805962844782,0.12798509751518347,0.08307467827279102,499.6077878842759,403.3085469956159,38.68955305869695,30.960941122117013,1.4931793461104887,34.26,33.7
1250,20,50,23.25089099099099,77.43221202475843,tree,0.7724972553788548,0.23169136292912618,0.0,0.0019626036975016834,0.9989205679663741,0.10450778174435103,0.02461434859852745,486.0216293359353,1154.164391426575,39.06164735096098,24.869547568274847,2.969017947618798,32.69,32.57
1251,20,51,23.25089099099099,77.43319262599636,tree,0.661271481820626,0.14187832203017958,0.0,0.05952036465828403,0.9672637994379438,0.008264434049128688,0.03333344720991488,504.6316354446352,1038.784863043541,38.5201884854261,24.97576496314173,1.8959045805028656,32.73,32.14
1252,20,52,23.25089099099099,77.43417322723428,tree,0.7377942467984383,0.1914314426219849,0.34524421661348437,0.0,0.9965475578338652,0.0075331418924205334,0.01580073823296295,498.99068761560784,1198.1801658386898,38.87857111858554,27.512403313096122,2.41643332110462,31.35,32.2
1253,20,53,23.25089099099099,77.4351538284722,built_up,0.14609900402990958,0.15031716081708474,10.952042171178968,0.3908161653290522,0.6755306873572317,0.8115531397060338,0.2962203855389389,494.1570223811136,1130.5044084713336,38.562131820604826,30.476417299542003,1.5264221501903925,44.87,44.44
1254,20,54,23.25089099099099,77.43613442971012,road,0.03506343047032056,0.1657453285081463,1.2077038802054652,0.09545836416573511,0.935420860906791,1.0,0.9934282697322013,497.12878182703236,498.1364107693636,38.09115805676702,37.5673391069131,2.4845326447026035,45.42,45.2
1255,20,55,23.25089099099099,77.43711503094804,built_up,0.05306240655194723,0.13964391407966004,10.921547891181133,0.4258866114243617,0.6565468848047897,0.870841884621038,0.30978411335210987,487.73206441505175,500.5342536375929,39.30282605696268,21.787859711535354,2.242404628116985,46.01,46.68
1256,20,56,23.25089099099099,77.43809563218596,built_up,0.0659386707042051,0.11027242676706432,11.675961416362632,0.49389742919810337,0.6115967997774168,0.8787221523431675,0.32356696363642756,489.5684673036884,800.0968915690846,37.53102828087507,24.601955768482508,1.0079195270753847,46.18,45.62
1257,20,57,23.25089099099099,77.43907623342389,built_up,0.11933868858701302,0.16667588687133705,12.881429522555846,0.5118184629055617,0.5896855501763827,0.9364601059809686,0.3306708828748189,511.8925060318919,984.0961624642214,38.50412296097587,28.914741930431067,1.4980554658873957,45.81,44.2
1258,20,58,23.25089099099099,77.4400568346618,built_up,0.14119092183560383,0.16125717406018286,6.808470096327081,0.39125238249046884,0.7167264886669713,0.788935604184482,0.27871811873496444,507.0345198671653,2175.3377692251784,38.192578823998,25.093099298442723,1.8673944323931435,43.06,42.11
1259,20,59,23.25089099099099,77.44103743589973,built_up,0.06453964971805681,0.16562469996099138,15.213585494526221,0.43774803234526727,0.6071027272648408,0.848734346754248,0.34017248289031626,504.3004710576398,1604.9875035556447,39.13267722452405,31.343752561826463,1.588667902195532,46.12,47.07
1260,21,0,23.25179189189189,77.38318196286234,built_up,0.10770829436235084,0.15282389227450602,11.203691833249408,0.3393196395899427,0.7013372798930374,0.8948858194378299,0.2986149952154061,504.9550851366866,1563.7577086104814,38.586387343200194,27.32881752752316,2.3976510292164703,45.45,45.52
1261,21,1,23.25179189189189,77.38416256410027,road,-0.03842592626944358,0.09176597628184537,5.303686378474362,0.0,0.9469631362152564,0.9189893162282741,0.9820351695885216,493.81859835541457,198.57441091630756,39.52219070829593,23.541241599023188,1.8026131287588492,46.08,46.34
1262,21,2,23.25179189189189,77.38514316533819,built_up,0.11118617288278801,0.11250146552650617,12.63889403413754,0.40309386847164913,0.6519094319992176,0.8853602097134842,0.3573399329842374,479.28633128832814,1322.8716440757107,38.51440268824184,27.00603805135711,2.2628710328319466,46.47,46.74
1263,21,3,23.25179189189189,77.3861237665761,built_up,0.0626161202941766,0.18250152926572416,13.074831218140336,0.49385667590018545,0.5976305160734946,0.8144729599489537,0.31839728996728145,499.7948053515155,924.6764085029996,38.1956633674781,30.179536381251904,2.0899096450998074,44.86,46.47
1264,21,4,23.25179189189189,77.38710436781403,built_up,0.1602805431326049,0.13540042823830017,9.274717080592357,0.42694455257926545,0.6724333252754804,0.8982525542307002,0.3433097062294829,498.23430585640193,1608.296842942647,37.815892404851134,24.17148282423784,1.8554610384510404,44.97,43.1
1265,21,5,23.25179189189189,77.38808496905196,road,-0.024885791331932507,0.04294471104718009,0.0,0.012104454427317063,0.9933425500649756,0.9675244239830955,0.8875828151966226,508.1284762508124,1133.2802421644617,38.9426581620738,35.749686139112,2.646742777127001,48.29,48.17
1266,21,6,23.25179189189189,77.38906557028987,grass,0.4733408816828095,0.23258830779350112,0.0,0.015143945821474542,0.991670829798189,0.14537268916010032,0.07561240921482618,505.77010660010365,1281.5475877116867,38.16610787577465,21.201362059645973,1.2729879056240403,33.69,33.72
1267,21,7,23.25179189189189,77.3900461715278,bare_soil,0.015754724113775154,0.2795519604166759,0.0,0.06410839409731793,0.9647403832464752,0.25651897461885254,0.0,499.6321745303519,1122.8246896164726,38.33207655690234,25.168943410610495,2.1324782855320854,38.41,38.39
1268,21,8,23.25179189189189,77.39102677276571,bare_soil,0.17404747544934202,0.22973145250397642,0.0,0.001907425542041076,0.9989509159518775,0.07342915888122847,0.016342896392482573,504.73766218866194,1590.3494067227512,38.99124281558478,22.31846379302894,1.734731075185998,36.49,37.21
1269,21,9,23.25179189189189,77.39200737400364,bare_soil,0.08264590492464044,0.2848354493840547,1.6287745991508107,0.0,0.9837122540084919,0.24576738988757993,0.020973693009105995,495.1564293543535,1016.9100629689386,38.921346207119456,31.201193807505955,2.121934927861728,37.66,38.4
1270,21,10,23.25179189189189,77.39298797524157,bare_soil,0.11163993088921563,0.303402218507436,0.0,0.011354524668942973,0.9937550114320813,0.16895341909233438,0.0,501.3722623352788,471.9386632615482,38.256146157373664,30.15844230661744,1.9135643041646946,34.55,34.36
1271,21,11,23.25179189189189,77.39396857647948,water,-0.05196518251307062,0.09776697596531371,0.0,0.010689021593659113,0.9941210381234875,0.0,0.0,495.2221986604237,0.0,38.318396634575706,15.127248381606357,2.2307324757642313,35.91,34.39
1272,21,12,23.25179189189189,77.39494917771741,road,0.06128452349481201,0.11448439791411016,2.2691865375705715,0.0,0.9773081346242943,0.961165080604392,1.0,484.5513595763934,643.232825867311,37.79757263169081,31.988455319184716,2.185671331226076,43.97,46.23
1273,21,13,23.25179189189189,77.39592977895532,built_up,0.01571036313424108,0.13413804787237765,13.435998958148476,0.6057474792443545,0.5324788968341202,0.8627760329704752,0.29777529712358874,495.2947034145673,844.0002957865744,37.67779532374885,25.20583134734436,1.856265088008171,45.24,45.23
1274,21,14,23.25179189189189,77.39691038019325,road,0.07436285304234085,0.1829886885403978,1.7569894723885426,0.0,0.9824301052761146,0.9753077372300402,0.9572390478013523,495.84487303725183,1054.3591023971585,38.80547922065666,29.549274762952894,2.290816652085422,45.79,45.87
1275,21,15,23.25179189189189,77.39789098143117,road,-0.10628262530402921,0.12659448863984,0.0,0.0,1.0,1.0,0.899539312975643,502.18175422883064,1191.7334645773428,38.84961665969732,30.48851384261516,2.544016374623399,46.76,47.9
1276,21,16,23.25179189189189,77.39887158266909,tree,0.730220187497178,0.1315742308343947,3.3759915682533177,0.0,0.9662400843174668,0.02362295749609858,0.007580684712283212,496.9428288719553,175.65425546270455,38.64288392238543,19.020517029282765,1.4252514221709036,30.09,29.74
1277,21,17,23.25179189189189,77.39985218390702,tree,0.7298970351646391,0.16208300976257997,1.6772206803745737,0.025879774680759016,0.9689939171218368,0.1312834705881905,0.011534674265092778,493.57400199164147,12.34242792360044,38.574889899417165,23.639413338581157,2.474543406570447,30.5,31.66
1278,21,18,23.25179189189189,77.40083278514494,tree,0.8516006031644887,0.199863239895484,0.0,0.08465775446335681,0.9534382350451538,0.11780811919430162,0.0,493.9722009993282,658.1016461317436,38.217533367141165,27.42356614548543,1.2683484790084054,30.52,30.24
1279,21,19,23.25179189189189,77.40181338638286,tree,0.6557948942398822,0.17710261611267436,1.77990486609947,0.0,0.9822009513390053,0.06465002739869685,0.0667399190173082,503.2017619141642,664.1868474547898,39.087253078935596,29.35494259381546,0.5196557172866093,32.06,33.71
1280,21,20,23.25179189189189,77.40279398762078,tree,0.6799138944254246,0.20492525616298052,0.0,0.012139590554756132,0.9933232251948841,0.05127578665266577,0.06502444104838835,495.33800991144886,431.65804586225033,37.786391525232524,26.90350021459648,3.374441499302583,30.84,31.25
1281,21,21,23.25179189189189,77.4037745888587,tree,0.6454881077621146,0.19311852823801226,0.0,0.0,1.0,0.011659186666135905,0.04148421985851635,491.1763160022155,152.91701751015847,38.31260255606359,12.527110032418552,1.6366963369076677,29.81,29.2
1282,21,22,23.25179189189189,77.40475519009662,tree,0.773781685531043,0.17501638272511583,2.3886127149607677,0.0,0.9761138728503923,0.0499437050301684,0.02625197087744867,511.0982901371746,1293.524140423663,38.56428055695467,27.50586151424354,1.9127254168710528,32.06,34.02
1283,21,23,23.25179189189189,77.40573579133455,tree,0.7891942222915401,0.16113543390193824,0.0,0.03803957315304535,0.979078234765825,0.11883798511504085,0.06651274928474947,500.10439405866737,986.3945823690169,38.499835044703985,24.50533562868415,1.0727089060615058,32.18,32.72
1284,21,24,23.25179189189189,77.40671639257246,tree,0.7647232591851078,0.18446828374138213,0.48093406184249893,0.004909766840140234,0.9924902876194979,0.010595173336054885,0.0,494.38807710792287,193.67721757568484,38.499180451474444,25.569076270988866,1.9215375747739334,30.2,29.65
1285,21,25,23.25179189189189,77.40769699381039,tree,0.7285715956409046,0.17878279881487322,1.9049103392092561,0.06303586414895561,0.9462811713259819,0.11621471824232647,0.07673861833239007,493.94335178168797,124.77524342236097,38.292300292555105,14.54329581387044,2.274138617794329,30.78,29.51
1286,21,26,23.25179189189189,77.40867759504832,road,0.08584461468392596,0.151464003146027,3.889981118026064,0.024249810484618786,0.947762793053199,0.8801648026198187,0.9646243785373436,504.4435269432753,1204.605276172977,38.716362979819074,32.900075188100445,2.296654575500748,44.46,45.09
1287,21,27,23.25179189189189,77.40965819628623,road,0.11577772163899402,0.13728900210156003,0.0,0.0,1.0,1.0,0.9183033955829774,511.80109685473894,283.95131137598605,38.01384305452716,19.284913037652576,1.4759322687629397,44.15,45.4
1288,21,28,23.25179189189189,77.41063879752416,tree,0.7540131967436801,0.18958604924227465,0.0,0.0,1.0,0.0,0.0,495.8889345501281,1116.6364256323336,38.442397834806265,29.624808498307463,1.9338095033718368,30.9,31.25
1289,21,29,23.25179189189189,77.41161939876207,built_up,0.033028661703192456,0.15358311840691377,13.97890077608725,0.7316217986845772,0.4578190029626099,0.7381149823907666,0.43381184711722776,498.87145978561716,841.1253927021903,38.672760400673624,22.48033396978441,1.8961503161694409,44.7,45.0
1290,21,30,23.25179189189189,77.4126,road,-0.013064968533592576,0.08373013300742402,0.0,0.0,1.0,0.9468691423337203,0.9173435169172715,490.73053638400927,965.4531531937007,38.36698797362196,26.764839075355916,2.3431292423741716,45.31,46.71
1291,21,31,23.25179189189189,77.41358060123792,road,0.10206813691417478,0.10236278530291136,0.0,0.0,1.0,0.9835510349168213,0.9591985504861528,498.24481112228943,754.162458382038,38.50191479133152,25.34152131525976,2.2769527940417764,43.71,44.25
1292,21,32,23.25179189189189,77.41456120247584,built_up,0.0985225269230615,0.10837581832728263,20.14878321971341,0.6950989762464728,0.4162077308673059,0.9337785800958492,0.36681682357676904,515.7674650429747,1148.402680861329,38.58620566297984,36.41296990684495,2.035975272792105,46.97,46.38
1293,21,33,23.25179189189189,77.41554180371377,built_up,0.09363137768845171,0.11830679400141131,15.341685178276498,0.7286679754866376,0.44581576169958426,0.8571563041895459,0.32643895056035654,506.6644795808803,587.7138224779909,37.79567171249272,25.242619010220807,1.661419945383755,45.08,44.53
1294,21,34,23.25179189189189,77.41652240495168,road,0.08034058891804358,0.08073589799895328,2.498679170020421,0.025049778467364003,0.9612358301427456,1.0,0.9890972200286535,499.3203727943367,495.88049522202465,37.833079903313006,32.61350652934515,2.988284184731724,43.82,44.32
1295,21,35,23.25179189189189,77.4175030061896,built_up,0.18698185955545651,0.13128294591854126,18.75317655509655,0.6724619690870367,0.44261415145116423,0.7569058459931175,0.30090643608776185,503.2473670788959,941.7702453737729,38.55357150490362,32.669459285063105,1.5728273473175802,45.63,46.08
1296,21,36,23.25179189189189,77.41848360742753,built_up,0.10455280455320964,0.1743784850418051,17.72269946047336,0.6460152280594942,0.4674646299625446,0.8797151090736882,0.3567843184371985,495.39553596040366,842.2008215489977,38.25664716864181,32.557092989558626,2.0593145843752487,44.21,45.19
1297,21,37,23.25179189189189,77.41946420866545,built_up,0.08476220996104676,0.12184998347337958,16.145426006727757,0.7478702980583004,0.42721707600065717,0.9190443908034823,0.3575257655708216,500.4581372630983,94.0326836999784,38.280791280408735,17.62449758562205,2.033654829629263,44.1,44.43
1298,21,38,23.25179189189189,77.42044480990337,built_up,0.18316190680197703,0.17109025662103902,18.301060138454552,0.5551607557911429,0.5116509829303258,0.8520461325327898,0.34491485166723646,505.4625235064048,415.07232054562996,38.727602925698584,35.219584649529615,0.978876187234631,43.49,44.1
1299,21,39,23.25179189189189,77.4214254111413,built_up,0.06609738701278886,0.15858238816864112,14.306054082278301,0.6312978658295341,0.5097256329709732,0.8596663319880481,0.4035394281339829,506.4677578977868,1197.702034466249,38.104464757409225,36.04872556717604,1.9812217965177303,46.23,46.54
1300,21,40,23.25179189189189,77.42240601237921,built_up,0.08379900837291744,0.18485234071348927,11.695468388531179,0.7517042330076966,0.46960798796045505,0.9575879487590018,0.36826465398147556,506.6581010994841,661.5260198061696,37.5347038032752,29.46846487715822,1.4306573541465715,45.46,46.33
1301,21,41,23.25179189189189,77.42338661361714,built_up,0.06742589821559981,0.1216738887390699,15.725516394120476,0.6685489540597356,0.4750429113259407,0.8709941923581711,0.4294641228676495,500.8021963664204,42.41925582767965,39.16281151346716,18.1384045409337,1.2598324307935647,44.65,45.32
1302,21,42,23.25179189189189,77.42436721485505,road,0.12865863727340499,0.07337137165220693,0.0,0.013587157067545147,0.9925270636128501,1.0,0.8921824672427778,494.02822210901104,16.127161924338907,38.983937391875706,16.557413431521326,1.9395288477936414,42.82,42.59
1303,21,43,23.25179189189189,77.42534781609298,grass,0.48730278379935366,0.25550139654108656,0.0,0.04978299765239327,0.9726193512911837,0.14653893721623315,0.003637168403539868,484.13936771305737,211.58558590259327,38.978867792388144,21.887036530415152,2.2718555270321263,32.34,32.17
1304,21,44,23.25179189189189,77.42632841733091,tree,0.6842845447854724,0.2262501254042758,0.0,0.0,1.0,0.05739242774759703,0.0,504.1147204016508,281.9120622017106,38.05170096967169,20.259609165628955,1.2610614362231338,30.35,30.64
1305,21,45,23.25179189189189,77.42730901856882,tree,0.6700485755885655,0.19126476145295676,4.375584207005549,0.10988937801179484,0.8958050000234574,0.0,0.0,504.1242582802989,1379.1673492284717,38.46903244700304,28.73086054723394,2.1237663106351223,32.02,32.12
1306,21,46,23.25179189189189,77.42828961980675,tree,0.5901549786247366,0.18262010456718897,0.0,0.0,1.0,0.0,0.0,500.47052015985963,1323.2816295619589,37.99263256617998,22.60852849937084,2.0694538174252397,31.8,32.98
1307,21,47,23.25179189189189,77.42927022104467,tree,0.7412608869049239,0.20842618311502958,0.06681083961815597,0.0,0.9993318916038184,0.04081250230647131,0.047820693898768446,508.26049735461424,770.1214781274941,38.476016187504,28.131800530966917,2.822152455514769,31.16,31.35
1308,21,48,23.25179189189189,77.43025082228259,tree,0.6642530842570177,0.19006974478461708,1.194952409605551,0.061635954302655886,0.9541507010374837,0.016061856352019767,0.0,506.04928158031663,665.4931933257539,38.360795618144294,32.57539452796017,1.786499183708219,31.3,30.02
1309,21,49,23.25179189189189,77.43123142352052,tree,0.6930189490392538,0.2176241961042073,0.0,0.10281015698877556,0.9434544136561734,0.01936822934460866,0.05466913611202848,499.129602704597,1030.3238923288081,38.06877753566671,31.26073855572667,2.8479863769438483,30.26,29.2
1310,21,50,23.25179189189189,77.43221202475843,tree,0.7042328100142943,0.2056972995609892,0.0,0.0,1.0,0.14066709129349958,0.021175307880547674,494.5944355118437,175.17920181488353,38.70131445922982,18.34351227310976,2.432079311122043,30.41,30.19
1311,21,51,23.25179189189189,77.43319262599636,tree,0.8319346818621588,0.16344223870634245,5.154595596252869,0.019942717570644107,0.937485549373617,0.057144260015122565,0.026793752493119903,517.7276075142136,149.8895078542903,38.39650285110949,19.563833232028216,2.125394924131622,28.95,29.6
1312,21,52,23.25179189189189,77.43417322723428,tree,0.7328604911704503,0.1720438917740983,0.0,0.007465592607095187,0.9958939240660977,0.03668729252519367,0.02752522668753223,499.8113803027596,315.53036346653994,39.18908010546092,22.126660409034756,2.959328400043445,30.79,30.14
1313,21,53,23.25179189189189,77.4351538284722,tree,0.7428819622686527,0.20148163355098742,0.0,0.09339480391120353,0.9486328578488381,0.1167785872832047,0.05375809196684686,506.6545659522241,1013.618444167863,38.53431199310428,25.33899127477593,3.2846154891884285,32.41,33.0
1314,21,54,23.25179189189189,77.43613442971012,built_up,0.1484823262840652,0.18712263836186308,14.85355428681691,0.4642020686355311,0.5961533193822888,0.84801592808567,0.37294680131904356,506.7019592323692,986.2441511438989,37.48084173599721,26.63988650393177,1.7386927385499344,43.88,43.19
1315,21,55,23.25179189189189,77.43711503094804,built_up,0.04599148717357571,0.18752620962133498,9.904904201895057,0.43348135137066196,0.6625362147271853,0.7836436095249293,0.312257967215027,509.97875901695204,1691.948147378839,37.77514939654686,30.533631668634328,1.5189202337045347,45.06,45.2
1316,21,56,23.25179189189189,77.43809563218596,built_up,0.07555726793208982,0.15488943186670343,12.310510011491889,0.40872475696605076,0.6520962835537532,0.9609053503837217,0.40498959860279904,502.83535524263766,650.2580971376137,39.33825530642319,25.174608103319084,2.1154165917989127,45.94,46.31
1317,21,57,23.25179189189189,77.43907623342389,built_up,0.06650393736981323,0.11922723345740094,12.33076719792188,0.4715449424425021,0.6173426096774051,0.8329437253094819,0.29182348988371987,517.0564718857271,1223.7478453155998,38.35638520368084,23.856060308354767,1.1401299716269815,45.81,44.78
1318,21,58,23.25179189189189,77.4400568346618,built_up,0.10739552001166563,0.12732771841775045,7.93089539025841,0.4395633438318755,0.6789312069898844,0.8338388995506549,0.37838137522878307,507.2486205870094,1514.380113578102,38.5960032586922,31.03071634752188,1.2370947266172432,44.86,45.22
1319,21,59,23.25179189189189,77.44103743589973,built_up,0.13929634015502892,0.19410997422429796,12.558822742167573,0.48632743089145386,0.6069316855880247,0.8746930286917864,0.2739985840008833,498.76383773849835,724.9806686914635,38.503891661116654,26.30958094624833,2.5149378822969117,45.87,47.32
1320,22,0,23.25269279279279,77.38318196286234,built_up,0.09388599984226165,0.1162696952205909,12.91785615570512,0.4715522675718104,0.611467691278453,0.9101785023010079,0.41477046246097066,486.59180732743283,578.6799185305966,39.06652781268521,24.64422099222059,2.147882937444155,46.07,45.89
1321,22,1,23.25269279279279,77.38416256410027,built_up,0.2556689111739871,0.17028571159578632,12.21955557010934,0.43661434010224626,0.6376665572426712,0.847156992645254,0.27265013769858315,493.82136716301204,1094.9580981949764,37.73723584317387,31.24964757570915,1.4408717846675874,42.94,43.01
1322,22,2,23.25269279279279,77.38514316533819,built_up,0.0370484074723768,0.12244592028351757,18.30942471634792,0.4349109094188234,0.5777047526561679,0.8639060004133365,0.35970145140014886,504.7156759889847,885.0090283439088,39.0317008348563,29.83513134436101,3.3916688240403774,47.03,47.26
1323,22,3,23.25269279279279,77.3861237665761,built_up,0.15481887488232093,0.15330686580820208,8.948160838372113,0.45456582458995415,0.6605071880918041,0.8413925839664105,0.3412733817867751,504.07437441778467,1413.8549046592054,39.004148716915445,27.170115201841224,1.1845796947828973,45.46,45.54
1324,22,4,23.25269279279279,77.38710436781403,road,0.06099918496883915,0.1201674607423269,0.21409426914043783,0.0,0.9978590573085956,1.0,0.969534163804259,492.12190978663006,1209.7065016651745,38.50246369122489,26.59487708322033,2.569631290914897,45.71,45.73
1325,22,5,23.25269279279279,77.38808496905196,tree,0.7588763088648134,0.21513741195675182,1.2757536079347178,0.016080090340818365,0.9783984142332027,0.09733861587503714,0.007738399192235347,503.2960257567604,731.871850628912,38.665314452391065,29.518112734600393,1.7072205862254013,32.14,32.09
1326,22,6,23.25269279279279,77.38906557028987,water,-0.0333821975427218,0.031708666572299836,2.0418429353758105,0.000885448092400357,0.9790945741954217,0.04826936653631466,0.0,500.71986863053036,0.0,38.35176128105999,22.155061982706542,3.241309300501233,36.9,35.49
1327,22,7,23.25269279279279,77.3900461715278,bare_soil,0.14603301360302734,0.24857314148056062,1.590537720210884,0.0,0.9840946227978912,0.16660789714413182,0.0,506.62575519748503,1188.8324030634208,37.82589966869116,28.83564684253609,1.8694730349248507,36.99,37.4
1328,22,8,23.25269279279279,77.39102677276571,bare_soil,0.1473623188139242,0.3241956818874568,0.0,0.030479284070633012,0.9832363937611518,0.20330111735882378,0.006550617813255676,510.45300665663115,2003.0574959908945,38.73211453219133,28.482558324145632,2.0156253287550516,37.35,36.38
1329,22,9,23.25269279279279,77.39200737400364,bare_soil,0.09411200022819513,0.3050115877455965,0.7977922816170271,0.016555621122522093,0.9829164855664426,0.2123588864516744,0.0,471.3201555126264,1703.0146055820724,38.5986318231894,25.57350033668293,1.1071281766029517,38.94,39.28
1330,22,10,23.25269279279279,77.39298797524157,bare_soil,0.07831604473965606,0.27275328565148177,0.0,0.0,1.0,0.2120120070997811,0.00822750258311661,494.2677121693637,983.9128567947901,38.60694375704251,25.81319294169823,3.44958749216703,38.0,38.63
1331,22,11,23.25269279279279,77.39396857647948,bare_soil,0.11801719842249812,0.30783515713864307,0.0,0.0,1.0,0.23626488054187025,0.0,492.7727818996393,587.9497189802246,38.69291751156694,27.31270172757911,1.8292298952055839,36.3,36.67
1332,22,12,23.25269279279279,77.39494917771741,tree,0.713941276998637,0.17708463191798873,0.0,0.0,1.0,0.08865794636267658,0.0730487904903071,484.71657050890616,80.36522237560143,38.258266759675244,16.155596355840125,2.488113028684624,30.05,29.25
1333,22,13,23.25269279279279,77.39592977895532,road,0.09017141848649923,0.15709389021877218,0.0,0.04077182506394169,0.9775754962148321,1.0,0.9155035093666875,512.6373426151457,742.4160697834538,39.097306627669546,23.68780590166412,2.183076304054868,45.52,45.8
1334,22,14,23.25269279279279,77.39691038019325,road,0.04887822543438719,0.08842300056358735,2.5025713150534727,0.04172260588077334,0.9520268536150399,1.0,1.0,499.9267996462621,2360.153733217889,38.503252631260494,27.641068340118245,1.8332589832020383,46.44,46.25
1335,22,15,23.25269279279279,77.39789098143117,tree,0.8010475589084219,0.1962154810513697,0.0,0.0,1.0,0.0,0.0,511.0184212471218,1024.3770678756139,38.71668433519116,31.95778340613984,0.8633837609105579,31.18,30.65
1336,22,16,23.25269279279279,77.39887158266909,grass,0.41319760899789254,0.21592392967309879,0.0,0.04000253352618316,0.9779986065605992,0.056060111878208495,0.043987455444649715,502.4006862075736,331.6361649631993,38.391149876506596,19.708356819755323,2.0448625235884723,31.69,33.55
1337,22,17,23.25269279279279,77.39985218390702,grass,0.545280361752621,0.21113286380430615,0.0,0.04264399897600966,0.9765458005631947,0.10272477885773212,0.04633713250636218,490.5225615984677,1137.948788719444,38.920088998417924,26.43424597520577,2.017879130653036,35.05,34.24
1338,22,18,23.25269279279279,77.40083278514494,grass,0.5803457018714733,0.1821149881064661,0.8855220149738214,0.0,0.9911447798502618,0.23448030297987316,0.07958529912601,502.25685874423976,93.98782315271251,38.541597137209095,21.090073914080243,2.382790666099059,33.07,33.52
1339,22,19,23.25269279279279,77.40181338638286,grass,0.3908366355134245,0.24238823517045366,0.0,0.0,1.0,0.1004415632583939,0.03533666678174298,503.04025125755436,464.94503232487,38.46595239848643,32.28922229650158,3.487280944457531,32.5,33.87
1340,22,20,23.25269279279279,77.40279398762078,grass,0.5052087927678651,0.1941455586107072,1.566610883891103,0.010706033933406271,0.9784455724977155,0.13003245428142662,0.07727992207702153,496.357341239161,331.6766396157824,38.982942810193656,35.19959285093779,2.564393968032658,33.95,34.29
1341,22,21,23.25269279279279,77.4037745888587,grass,0.348696374630905,0.1594299371223149,0.0,0.0,1.0,0.04569584380280867,0.0,512.1876308583675,1078.5076174699345,37.81085185239547,26.968652688982967,2.715916878833645,34.42,33.87
1342,22,22,23.25269279279279,77.40475519009662,tree,0.6443035875167026,0.16672955846643284,1.0150067291410083,0.0,0.9898499327085899,0.009565234229728374,0.006470168648698734,508.7252870826598,1210.7006512593696,38.387993141491755,35.890093751546914,2.0087084605271013,33.19,32.69
1343,22,23,23.25269279279279,77.40573579133455,tree,0.6758731909324638,0.19381653283902933,0.0,0.0,1.0,0.03514627433749784,0.0,509.30444189722476,1376.9019488951099,38.25494174187827,29.82226420442169,1.412035659706881,33.07,31.81
1344,22,24,23.25269279279279,77.40671639257246,tree,0.6953656151055545,0.1605276206236706,2.636486094121439,0.0608074470490009,0.9401910431818351,0.0,0.014078213249893992,499.5284928970301,197.45457564715952,38.64955192529956,23.256914236421345,1.983817799119285,31.7,31.78
1345,22,25,23.25269279279279,77.40769699381039,road,0.05315890164524688,0.08900163994748148,0.0,0.0,1.0,0.905546885888732,0.8677418692009342,507.3461789331066,196.67173672660311,38.62632089937691,15.73849272373926,1.7593078932746327,43.52,43.64
1346,22,26,23.25269279279279,77.40867759504832,road,0.15809184498150233,0.16915513775250982,0.0,0.11695264977913133,0.9356760426214777,1.0,0.9241874478822769,479.3452820815018,897.0597816136335,38.49528089526732,29.813601233628138,2.114125377474626,45.08,44.85
1347,22,27,23.25269279279279,77.40965819628623,road,0.031877752492868734,0.12294084757231097,0.0,0.0,1.0,0.9586486667789413,0.9782654914378015,497.1649970610063,361.45199080058774,38.214399144414266,31.60225034499136,1.9034995487104398,43.93,45.21
1348,22,28,23.25269279279279,77.41063879752416,tree,0.6288367747165412,0.18273601445334825,0.0,0.04592630998490563,0.9747405295083019,0.013294954988490912,0.008171836380169722,517.311868525955,379.95096444351816,38.490387531718724,25.242583492816596,1.1813255840280508,31.84,31.81
1349,22,29,23.25269279279279,77.41161939876207,road,0.0035655110320154393,0.12756865957696792,0.0,0.06254046608892629,0.9656027436510906,1.0,0.970978069794989,472.9832200521895,398.3292357819393,38.6293474438196,17.577562512801556,2.919458334093403,44.06,42.66
1350,22,30,23.25269279279279,77.4126,road,-0.04637197356031998,0.1437232035187862,2.631402718140029,0.019400494491538675,0.9630157008482534,0.9198444401429994,1.0,497.9019108878441,1428.9597034299782,38.42862623054432,28.596027935147074,2.0842311865100234,45.36,46.72
1351,22,31,23.25269279279279,77.41358060123792,built_up,0.0959232240117589,0.15520424056749946,16.320911578408612,0.790831698255003,0.4018334501756622,0.8804216942146804,0.40771566770058487,501.4203295883763,504.5157553919279,38.94301876381478,27.14026196821256,1.5229715379035051,45.67,44.64
1352,22,32,23.25269279279279,77.41456120247584,built_up,0.11570780977392867,0.18327621527273624,19.964947060689017,0.7250104056188831,0.40159480630272404,0.757139074618605,0.3824154415748529,488.49036162036805,550.7409538699812,38.74480584704574,33.377011343897074,1.1692010646541522,44.55,45.04
1353,22,33,23.25269279279279,77.41554180371377,built_up,0.0730540287577655,0.09746694550803162,18.2757558096136,0.8219546322524136,0.3651673941650364,0.834369723441004,0.38063518649652517,518.8455187099369,972.9675289763284,38.50761286837034,25.846753467522355,1.4285387479411247,46.57,47.18
1354,22,34,23.25269279279279,77.41652240495168,built_up,0.0413094015405363,0.14711044388368247,18.440783138180898,0.7807404757908576,0.3861849069332193,0.9107025170319043,0.23920465526061727,493.1503635824306,517.9688515066696,37.56159188777667,25.179960583422343,1.2690368923612207,46.21,46.18
1355,22,35,23.25269279279279,77.4175030061896,built_up,0.019082776247738284,0.03,15.295509821986391,0.7025208823711256,0.46065841647601696,0.823735765859428,0.31012226979694635,500.33171699827864,738.3773689085917,38.412676583378996,23.314315984838036,1.1635375491948394,46.08,46.96
1356,22,36,23.25269279279279,77.41848360742753,built_up,0.051884173162071695,0.18115231467421017,17.104420723268916,0.6517880733007223,0.47047235245191343,0.7937731338825083,0.3414812078696535,508.9073652282996,170.99835790305218,38.75203860205249,17.479664037178917,1.8109689797424668,43.3,43.41
1357,22,37,23.25269279279279,77.41946420866545,built_up,0.11575276903980207,0.1428367073004294,21.77686709979875,0.7067073563812768,0.3935422829923102,0.815088688028707,0.37945478115058745,506.16017592716776,402.160421419551,38.38825594641403,38.667817587646276,1.4532610714275809,44.53,44.24
1358,22,38,23.25269279279279,77.42044480990337,built_up,0.010160257740199408,0.15608105573679715,16.772121275245837,0.6025058287464558,0.5009005814369909,0.8627260499495306,0.32452028407915173,487.87518366510017,443.94182830584896,38.62130194765475,21.653399228244027,2.120283402250986,45.41,43.57
1359,22,39,23.25269279279279,77.4214254111413,built_up,0.1569751240524118,0.17624184500264173,18.788061466712154,0.682358936150281,0.43682197045022386,0.879789860167755,0.35394578325912,491.1595933902843,187.8367778923108,38.4101693599029,14.658836077026145,1.536895742730096,44.3,42.78
1360,22,40,23.25269279279279,77.42240601237921,built_up,0.04356914446653774,0.18204077229908988,18.91104970956314,0.6049907276344728,0.4781446027054085,0.8526695557708099,0.3338957142898909,498.75919568559453,394.19399604938314,38.59299729028673,27.782789203295255,1.7952636902457555,46.2,48.72
1361,22,41,23.25269279279279,77.42338661361714,built_up,0.16434149736837667,0.13943280389379095,16.549786986657864,0.6598885564080121,0.47156342410901464,0.798611491251949,0.35434214791362106,508.49853457429475,1421.0531739737798,39.06040338465799,35.898261213635074,1.7758042536181107,46.64,47.34
1362,22,42,23.25269279279279,77.42436721485505,built_up,0.011131101936833449,0.09444196287833814,15.948068546621194,0.6934953299550162,0.459096883058529,0.8679798227141844,0.3772118430431922,489.1180078327478,421.9278189524256,38.81469796642138,30.96618198128685,1.904937268680387,47.02,48.19
1363,22,43,23.25269279279279,77.42534781609298,road,-0.1017667383475741,0.10572535852262124,0.0,0.06663308509202388,0.9633518031993868,1.0,0.9556257396824706,487.89941513857656,919.5969898550463,37.981767689675735,34.20931454478185,1.6704517766642184,46.19,48.49
1364,22,44,23.25269279279279,77.42632841733091,tree,0.8315479535076564,0.1942720649906078,2.962459976227301,0.0,0.970375400237727,0.006439497608330819,0.017165519633494025,484.58635716047417,1888.1144506966275,37.83679048852411,26.45979118800321,2.707007827473067,30.47,30.19
1365,22,45,23.25269279279279,77.42730901856882,grass,0.4583790027888296,0.24600318863101023,0.0,0.0,1.0,0.17129074153404378,0.0,502.7907101085539,1002.3750168665787,38.67702317311514,22.439580837280925,1.4919968292209709,35.0,34.92
1366,22,46,23.25269279279279,77.42828961980675,grass,0.45443707822073304,0.19646247291453406,0.0,0.0,1.0,0.1404588846279469,0.05286187709992856,499.8287805352168,521.7886897794253,38.96714131690562,26.203137565084276,2.225461664091161,33.92,32.48
1367,22,47,23.25269279279279,77.42927022104467,grass,0.576439073986921,0.1809380804153999,0.0,0.0,1.0,0.08709763367145468,0.0739032981901753,505.1689316395734,846.1760037144767,37.835740346066714,27.501186301792643,1.4770445979747873,32.07,31.85
1368,22,48,23.25269279279279,77.43025082228259,tree,0.7500202669691683,0.19446497244748975,5.258891800454877,0.012668169524771726,0.9404435887568268,0.015946143366025296,0.02794004399312843,479.05056469383806,840.8117603771834,38.41607698443923,28.043829166113632,2.0768791038824146,31.64,31.4
1369,22,49,23.25269279279279,77.43123142352052,tree,0.7855789482663592,0.19806552356611265,0.7463901091141867,0.03246195777852471,0.9746820221306696,0.10516282724388581,0.07700933629192751,503.57964720231564,725.0394722281843,39.44928736039023,27.144058739724986,2.7068119584144696,31.69,31.38
1370,22,50,23.25269279279279,77.43221202475843,tree,0.5811886805664135,0.20934520281023186,1.2880062840097581,0.007632974375790036,0.9829218012532179,0.015597425240288135,0.05860608013362223,497.94210859337494,892.0507929461206,38.39254469415959,30.36293804292293,2.515981849984503,32.99,33.98
1371,22,51,23.25269279279279,77.43319262599636,tree,0.7166406846499054,0.19349555154496492,0.0,0.02812759309536731,0.9845298237975479,0.013955582159598641,0.0,507.081920380462,438.09571273504287,39.510342991791056,25.152332855397145,2.8175898906958063,31.44,32.13
1372,22,52,23.25269279279279,77.43417322723428,grass,0.503006544060628,0.22304100174126715,0.0,0.06822379258232499,0.9624769140797212,0.11551268636317472,0.045765034635594795,508.05793848467806,1711.7281865705231,38.170559708410245,24.291365784693724,1.9877753303252974,34.33,35.2
1373,22,53,23.25269279279279,77.4351538284722,grass,0.46206161377296767,0.23851861967488205,0.9279648265435653,0.0,0.9907203517345643,0.02082818485524278,0.03859688236416833,511.0315026451564,1280.433495987731,38.241238976122354,23.181524186382706,2.7351646502137172,33.37,32.32
1374,22,54,23.25269279279279,77.43613442971012,tree,0.6559546085414134,0.21292564516934714,0.0,0.0,1.0,0.10089519075912605,0.0,514.2458269849433,1589.428453098642,38.21881915130372,28.820105414567717,1.784664387203562,33.47,33.54
1375,22,55,23.25269279279279,77.43711503094804,road,0.016332043580210405,0.12378079537263388,6.059796414137759,0.05000035189184925,0.9119018423181052,0.9919100012392295,1.0,500.9406480876519,1333.3358571702415,37.988324994052974,28.423003589342485,1.8570996831168822,44.93,45.28
1376,22,56,23.25269279279279,77.43809563218596,built_up,0.02382720865644445,0.08975843403215333,11.699284220438479,0.47427169642111794,0.6221577247640003,0.8664631792204929,0.2932091581290301,505.2853945769436,654.2226004450154,37.823476640810284,32.36569070739521,1.9337275061840864,45.99,47.72
1377,22,57,23.25269279279279,77.43907623342389,road,0.06652406156366489,0.13804779448530952,0.0,0.0,1.0,1.0,0.9849164837719678,501.21581067077926,1830.7061919095217,38.4115030888197,34.187960948535554,2.7100001308029578,46.69,46.84
1378,22,58,23.25269279279279,77.4400568346618,built_up,0.08499570343853083,0.12138478369416048,9.408341000464475,0.44210360472946125,0.6627596073941516,0.8885860238990796,0.4055903686043127,500.1880817282758,1730.2128752467986,38.55794596188009,23.170500774601635,1.619123934803612,46.34,46.24
1379,22,59,23.25269279279279,77.44103743589973,built_up,0.06714383410987815,0.11655205944032439,8.392652557990841,0.40970046646955816,0.6907382178618345,0.7865671286275172,0.430380465247608,503.5143714104748,1103.07447086515,38.213288147477186,28.094086906732002,2.2933370831321915,44.96,45.98
1380,23,0,23.25359369369369,77.38318196286234,built_up,0.18332010574073443,0.10093197893085487,11.124815103564975,0.5256283062405738,0.5996562805320347,0.8427979746637666,0.4478725511361811,506.2848387155323,1824.2837907477951,38.30951233736626,27.178572547942487,1.9641969230392076,45.49,45.3
1381,23,1,23.25359369369369,77.38416256410027,built_up,0.16009368940729224,0.14004807380744114,10.503995544212238,0.432485893660948,0.6570928030443561,0.8006533748343186,0.34736148467080824,499.9647516060403,1988.4184220487614,39.0784301029087,21.85308329087702,2.072645175902493,44.8,45.27
1382,23,2,23.25359369369369,77.38514316533819,built_up,0.11559654264364864,0.2108785267336062,6.582029279958936,0.3899950684125961,0.7196824195734828,0.8322327336167317,0.40969977856056816,499.1233823977332,382.4198474527162,38.88869742809763,25.88732754402067,1.4980398171888998,43.58,44.02
1383,23,3,23.25359369369369,77.3861237665761,built_up,0.06529253383106223,0.1040720522673526,8.752651288254171,0.563351537288568,0.6026301416087458,0.8324195566659673,0.35692611451210055,499.25634922265533,963.1755046284167,38.39652950469651,34.266469764151985,1.6561790704307604,45.94,45.52
1384,23,4,23.25359369369369,77.38710436781403,road,-0.02043966193725802,0.1006809618748506,0.8430886963103676,0.07093176560319768,0.9525566419551376,1.0,0.9012373241017966,507.9082593458928,1299.2963163500751,38.67195017187867,25.4691895265738,2.103136129554281,45.94,45.36
1385,23,5,23.25359369369369,77.38808496905196,tree,0.6825167399631903,0.18546291288559705,1.4307179591247472,0.0023526473911437778,0.9843988643436234,0.07401216670783606,0.0,515.9426563539721,69.66002553832004,37.845430552253056,16.80405701193235,2.3875060145973666,29.99,29.96
1386,23,6,23.25359369369369,77.38906557028987,water,-0.0653289266003115,0.09100290389030968,1.607358483629286,0.0,0.9839264151637072,0.0584598514166528,0.0,490.5102804874405,0.0,38.60785075984292,19.791789147635118,1.7045230539180887,36.24,35.85
1387,23,7,23.25359369369369,77.3900461715278,road,0.03748230413025528,0.06210435429615527,4.501264958606053,0.05244606402713181,0.926142015199017,1.0,1.0,497.18474828158725,545.3352686749117,38.475036271918626,31.646763752573197,1.3827204811145513,46.36,45.01
1388,23,8,23.25359369369369,77.39102677276571,bare_soil,-0.040666360929851125,0.26781297625321104,4.4141321395898805,0.0,0.9558586786041012,0.18950395025681221,0.0,502.9999612288617,1596.0354507997356,38.35033371051685,26.78129298631919,0.9040886472770919,38.09,38.74
1389,23,9,23.25359369369369,77.39200737400364,bare_soil,0.027647362949129006,0.23956672055108225,3.7165500981858877,0.036653343722590485,0.9426751599707164,0.18703097193257706,0.0782833104770564,489.07976890888074,1391.7057792954574,38.51312399995497,28.510746040113883,2.5867799550645083,38.11,38.62
1390,23,10,23.25359369369369,77.39298797524157,bare_soil,0.11590571346816005,0.2981963150803868,0.0,0.0,1.0,0.23683983580181858,0.007466791264206843,510.0423821824068,1510.2354661212612,38.448463291035715,18.861603094027345,2.7664536616039235,36.84,36.17
1391,23,11,23.25359369369369,77.39396857647948,road,-0.027513817513235513,0.1347197795400104,0.0,0.002700772057737822,0.9985145753682442,1.0,0.9165886827495767,506.29540948451506,620.0349694551024,37.974544270737546,30.289304368789463,0.9935987099482643,44.46,43.7
1392,23,12,23.25359369369369,77.39494917771741,road,-0.004841851644740887,0.13119952950619146,0.0,0.0,1.0,1.0,0.9543422860769973,488.36704403757363,1274.080700544012,39.17190924695795,28.88452636797403,2.2454024840437317,47.56,48.0
1393,23,13,23.25359369369369,77.39592977895532,tree,0.6956039260653932,0.13790959981315604,0.0,0.04517071485162044,0.9751561068316088,0.007004096694421445,0.0,505.1152226430879,1222.8957981544268,38.88032701204813,31.538721543515614,1.954105714585663,32.2,33.78
1394,23,14,23.25359369369369,77.39691038019325,road,-0.017226179915677757,0.13737921978817935,5.137232302782819,0.06733316354855486,0.9115944370204666,1.0,0.9625651648853012,496.4502543557686,766.0205349607608,38.34488170283839,20.529500677956364,2.8265992998888887,45.85,46.77
1395,23,15,23.25359369369369,77.39789098143117,tree,0.7464444962197657,0.142274641240353,0.0,0.0,1.0,0.061759331114570645,0.023322156895821476,494.7783306762511,1178.4375991186555,37.79577296280052,26.79006652817697,2.0738414937532244,32.13,33.21
1396,23,16,23.25359369369369,77.39887158266909,grass,0.3873239780443015,0.1993049577946828,1.9513162122812646,0.04644078900630689,0.9549444039237186,0.060213689864557836,0.039281704189729615,493.76954207376775,644.049105634921,37.51748817278491,31.85672754058033,2.4817589335284826,32.91,32.64
1397,23,17,23.25359369369369,77.39985218390702,water,-0.0913697563509062,0.09681098596447804,0.7938975337327736,0.01365811702701214,0.9845490602978155,0.0,0.015531065572299912,504.4085228095704,0.0,39.30188153356193,17.772252691690362,1.932837740623119,37.06,37.43
1398,23,18,23.25359369369369,77.40083278514494,grass,0.40682878923174676,0.24746756849750823,0.0,0.0,1.0,0.0862240458852918,0.0,497.67431190796157,803.6781112601706,38.430535489230884,28.204212788895706,1.7877433439807484,33.25,33.13
1399,23,19,23.25359369369369,77.40181338638286,grass,0.34045366908999986,0.20815934848687465,0.0,0.10207693921584722,0.9438576834312841,0.1106245608466992,0.03503317135324031,501.85658729327315,971.0420935921316,38.80519295622952,26.361498982785985,2.6005985769465014,35.31,34.66
1400,23,20,23.25359369369369,77.40279398762078,grass,0.5086892909900718,0.1730933821355601,3.275443993566893,0.06229126470086273,0.9329853644788565,0.09668266945712291,0.025250852372672012,475.1779136270074,23.257948931846954,38.12050841474502,18.459506928287688,2.770699996491987,31.01,31.19
1401,23,21,23.25359369369369,77.4037745888587,grass,0.4811309565757894,0.25601852398929675,1.8220923052919933,0.0,0.9817790769470801,0.19629363502842223,0.07020702225468556,496.84938865004074,1713.5456359086488,38.37705143099066,32.668534935432405,1.4281653978249738,35.28,34.5
1402,23,22,23.25359369369369,77.40475519009662,tree,0.654229965917604,0.1358447933838763,0.0,0.0,1.0,0.03175341927565506,0.051923627856044624,499.7281634271626,596.5175437575657,38.39746687308366,22.30643041981526,2.8854650244809705,31.73,31.06
1403,23,23,23.25359369369369,77.40573579133455,tree,0.7235288889725342,0.11063023521075639,0.0,0.0,1.0,0.007853559932613122,0.01072850051415529,511.2330270368647,542.7752513034014,38.59658454989342,27.7988964006724,1.6151236161414315,31.8,31.4
1404,23,24,23.25359369369369,77.40671639257246,tree,0.6406699069366208,0.15620700638205978,4.276439772480634,0.07662469857295076,0.9150920180600708,0.07979387178244411,0.0,502.4544394808332,752.6166457834568,38.53594738599225,29.007047262410563,0.7735667980034515,33.13,32.83
1405,23,25,23.25359369369369,77.40769699381039,road,0.03153241250341441,0.09289966833171921,0.0,0.0,1.0,0.9227463020820488,1.0,507.05851036023756,400.8457799202737,38.13109363703442,31.752402756514105,2.206490999595253,42.94,42.91
1406,23,26,23.25359369369369,77.40867759504832,road,0.05113069850206617,0.12169102671171605,5.857208895190155,0.04362843404578524,0.9174322723229166,1.0,0.9515192405227734,496.52460833271857,1219.3902113506351,38.126925249536825,27.51218159589142,2.4215924976967003,45.92,44.06
1407,23,27,23.25359369369369,77.40965819628623,road,0.06913632705397108,0.08511374137836802,1.1346663858495951,0.041869304421040615,0.9656252187099318,0.8752084521853569,0.9131045282966133,502.90211860831926,446.8240596289977,38.467381321181875,31.875522277473834,1.2728163136390227,43.09,42.25
1408,23,28,23.25359369369369,77.41063879752416,tree,0.6140321300468823,0.17188614778817216,1.2288606477373558,0.02688918534505591,0.9729223415828457,0.12911997763457306,0.023290555515579958,497.0187771723158,147.76719025788418,37.79827498747554,19.78147683227573,0.99939765528379,31.3,32.71
1409,23,29,23.25359369369369,77.41161939876207,road,0.006922343014377864,0.1312258792399018,1.8818055087177958,0.01323095033642463,0.9739049222277886,1.0,1.0,500.60217474495965,1183.6594188751174,38.170769625368905,28.47817096636192,1.8832599939001917,46.39,46.38
1410,23,30,23.25359369369369,77.4126,built_up,0.03640118964203924,0.13780126866378528,16.550011203848104,0.7738898863346769,0.40886045047744657,0.7992757776704276,0.33712938097986034,485.1225880734188,795.1779415171641,38.43834472488177,28.325354592992106,1.391836012164097,46.14,46.65
1411,23,31,23.25359369369369,77.41358060123792,built_up,0.15480741654352898,0.1673212385390029,19.764902367007778,0.7753033531323309,0.3759341321071402,0.8849846914218252,0.37457582490024316,505.431307661029,172.15893504622062,38.65899982397091,22.62111081909089,2.2674564238236385,44.37,44.74
1412,23,32,23.25359369369369,77.41456120247584,built_up,0.06798839338880922,0.1421072978212554,16.83888619360031,0.652307908572544,0.47284178834909774,0.7882495506553031,0.35919904460093893,507.24620726977537,510.5835573995932,39.10137408643581,30.166926785484055,1.7418262626789207,44.47,44.37
1413,23,33,23.25359369369369,77.41554180371377,built_up,0.24588931171125172,0.11240712709534191,18.701893827167364,0.7908321090683396,0.3780234017407395,0.9032838560582789,0.3762026744709847,508.56203179073685,543.1037661142303,38.30941412075756,23.54776324596857,1.9837386020717553,45.01,44.22
1414,23,34,23.25359369369369,77.41652240495168,built_up,0.17977290468923302,0.17849477319062784,15.341103538038572,0.7365623162476318,0.44147969068341686,0.7726351685236573,0.41087155892942834,501.79385152825387,1202.4215070533342,38.51444579747342,28.868085902182653,1.8062083967142302,44.77,44.28
1415,23,35,23.25359369369369,77.4175030061896,built_up,0.07343854971393023,0.08431197503704069,23.922520841363642,0.7200371143038946,0.3647543787192215,0.79998956882991,0.39583049153563554,516.2868582499543,442.09141398342206,37.75305452030158,30.16264636664419,2.34303872021417,44.82,46.58
1416,23,36,23.25359369369369,77.41848360742753,built_up,0.07404545535638168,0.14714138704134738,14.388737856510764,0.670947916758883,0.4870912672175067,0.939096293218251,0.34471174248401937,493.2995441757983,334.74714802646844,38.63392545880122,33.8469236885408,1.3233876843959265,45.73,45.25
1417,23,37,23.25359369369369,77.41946420866545,built_up,0.14436942123980806,0.08072309344625184,17.62329141005129,0.8197776039187897,0.3728894037441527,0.9515531313644514,0.3729281112327469,510.5315408803518,1233.4131423981376,38.136256987547505,23.96537334336744,1.6086081635305265,45.75,47.3
1418,23,38,23.25359369369369,77.42044480990337,built_up,0.07244887979065409,0.16774381410092923,21.265242223005448,0.6240066710420418,0.44414390869682246,0.8788325438740798,0.3644590179235421,500.82531587979366,607.9825804001485,38.376706058009155,30.153786970271117,0.9787268735019997,45.86,45.49
1419,23,39,23.25359369369369,77.4214254111413,built_up,0.09390019835182573,0.14946716593548456,19.386628672793154,0.7010176744425523,0.4205739923286646,0.8411061702661814,0.3164031417003588,496.2204598573837,753.0733613714573,38.69035262042119,26.60846267119641,2.0641077194890363,45.87,45.58
1420,23,40,23.25359369369369,77.42240601237921,built_up,0.03763575572706038,0.16837631266143868,17.452771571377486,0.7239351697378901,0.4273079409303856,0.8180590389516487,0.31675729341407,509.08845781014134,710.2305083664183,38.70707340707786,28.767429668054902,2.2113268694066766,45.15,45.22
1421,23,41,23.25359369369369,77.42338661361714,built_up,0.06784897226588658,0.1609598148695719,17.811659832558306,0.5931868314462991,0.49563064437895243,0.9192322561543045,0.333583722263385,513.6001443819353,2.0074715098841125,37.91850092110729,15.706008847055429,2.1741710443328097,43.94,43.78
1422,23,42,23.25359369369369,77.42436721485505,built_up,0.09904393294881868,0.13443136397184574,10.994495204095355,0.6778139741123553,0.517257362197251,0.7538031486627497,0.33833332556131895,508.8342038217295,427.9196654402505,38.82078005200543,27.946469737344298,1.714823171743477,43.8,42.96
1423,23,43,23.25359369369369,77.42534781609298,road,-0.024224049090931177,0.1340106941168603,0.0,0.0,1.0,1.0,0.9033088505938168,496.3231419562366,1150.8357658913073,38.484450285697534,29.27570252307126,1.3063375411635223,46.56,46.55
1424,23,44,23.25359369369369,77.42632841733091,tree,0.6460831586694289,0.23326041479208579,0.0,0.043726369070618255,0.97595049701116,0.0936217589011271,0.013908483041502896,496.16790310522754,721.236591446475,39.006871491778206,24.119493887279848,2.127494992806284,33.04,31.72
1425,23,45,23.25359369369369,77.42730901856882,grass,0.4927610548494225,0.19040725468117428,0.0,0.07421013608768116,0.9591844251517754,0.06325724647835518,0.044163355281136116,498.38236632880717,689.2551908170789,39.0846522010744,33.795043651924594,1.7640915091391436,34.14,34.47
1426,23,46,23.25359369369369,77.42828961980675,grass,0.5358233832832587,0.21744492436727428,0.0,0.0,1.0,0.07482707904612472,0.003196372294998237,496.00442509667295,1625.5686178534465,39.1424523251949,21.82311110110414,2.753591800094452,33.49,33.69
1427,23,47,23.25359369369369,77.42927022104467,grass,0.49268932962362555,0.20964410353420984,2.4541390865470563,0.0,0.9754586091345294,0.1687839175857835,0.08180623079307689,517.8906721121891,1325.7757195393283,37.9302321979732,30.15022652265508,1.9248890683013404,34.11,34.77
1428,23,48,23.25359369369369,77.43025082228259,tree,0.7462340726319103,0.21873421154604444,0.0,0.0,1.0,0.04678775907732805,0.07475526123601571,493.1529731777421,365.229162565077,38.66091407279368,18.286242955951234,1.9311648046042147,31.82,31.37
1429,23,49,23.25359369369369,77.43123142352052,tree,0.7341922846924209,0.20152591491227595,0.0,0.03352089763859666,0.9815635062987719,0.1184199671025202,0.06801846773934099,502.82634214822593,827.4139680865652,37.86903993719424,26.98006622424753,3.4785465240305733,32.34,33.0
1430,23,50,23.25359369369369,77.43221202475843,tree,0.8241374181388448,0.18046211983474353,2.350886549038012,0.09791407395927883,0.9226383938320165,0.09176340398149671,0.0,490.0878177495337,750.5182525193177,39.02058020848639,29.918547421483296,2.596672949184736,32.5,32.89
1431,23,51,23.25359369369369,77.43319262599636,tree,0.7625699474074935,0.1933435760053204,5.517705163659183,0.021752814388070352,0.9328589004499694,0.0336279391624683,0.0,509.44349902317873,923.0684190958156,39.07750838053858,30.850514058181652,2.7691394357026664,32.43,32.54
1432,23,52,23.25359369369369,77.43417322723428,grass,0.3596316139060361,0.22066781808745808,0.0,0.0,1.0,0.10030959882213333,0.0,496.09900664834913,580.9331916359208,38.8912204513037,27.578507873123527,1.892736442555208,34.04,35.82
1433,23,53,23.25359369369369,77.4351538284722,grass,0.40696264822078587,0.1897593844860532,0.0,0.0,1.0,0.12932920579879226,0.03803200214121162,509.5577217999263,1923.3516952188015,38.330160327692695,27.033501656596822,1.5397842016906995,35.08,35.5
1434,23,54,23.25359369369369,77.43613442971012,road,0.07063950083530615,0.12348761073899923,1.850843180737234,0.023329440850107946,0.9686603757250682,0.9825099672713296,0.948826967746104,491.8266402875037,1426.5665583389673,38.717698789274486,30.26977270090727,2.8044752654418916,45.91,45.49
1435,23,55,23.25359369369369,77.43711503094804,tree,0.7181223114085001,0.22348556922871926,2.2878397589632913,0.0,0.977121602410367,0.11233455234493775,0.0,515.4418059596625,365.0797511526001,38.279101865753105,31.802650175009983,3.066935808929433,31.04,32.42
1436,23,56,23.25359369369369,77.43809563218596,road,0.059706730750252165,0.12282248498442584,2.8092921546043748,0.0,0.9719070784539563,0.8727240764068972,0.9369084835447777,498.24670158000276,36.981302277738905,38.50550796322066,25.51845401142822,1.4120564449600161,41.68,42.14
1437,23,57,23.25359369369369,77.43907623342389,built_up,0.08272229653764428,0.10772445534006365,13.859428466362319,0.4511061596145473,0.6132973275483757,0.9480547442759867,0.3397528537263807,503.44313013072957,982.3875637028891,38.46311657965997,22.836746308222796,1.5972348937209573,47.18,48.78
1438,23,58,23.25359369369369,77.4400568346618,built_up,-0.017396091307624498,0.13385860984587514,13.864423126997504,0.48094674369734136,0.5968350596964872,0.8353366131086066,0.2917297553233614,505.15566870186626,1326.0765580100863,37.70066290089088,27.197416894509832,1.3851233855703207,44.1,42.43
1439,23,59,23.25359369369369,77.44103743589973,built_up,0.13060465123115594,0.13177663414296134,7.5135877236772854,0.4649459188088034,0.6691438674183853,0.8495428617463258,0.4056673509360045,500.22986425957134,1121.0674797944087,38.176197725454585,19.225872047231604,2.159469670837337,45.14,44.87
1440,24,0,23.254494594594593,77.38318196286234,road,0.05503526831195883,0.09209206793596607,0.0,0.0,1.0,0.9339796845865014,0.9408361813813614,515.5164908595896,1686.649169474541,39.408343779889776,22.52999654565578,2.851807273426764,47.19,46.92
1441,24,1,23.254494594594593,77.38416256410027,built_up,0.098482276483979,0.18655031782864756,9.720013560871202,0.5656148143188479,0.5917117165159216,0.8269748741220136,0.43015223582036716,515.9952243822372,261.00076025627425,38.465323342782455,17.183524893442513,1.6558116920019583,44.81,43.11
1442,24,2,23.254494594594593,77.38514316533819,built_up,0.16802552858850886,0.13148272578641973,10.620655010346633,0.4800101992674453,0.6297878402994387,0.7996042337622621,0.3700798835166511,492.47364414161945,1198.4779088835726,38.56409097917724,31.460047910947214,1.6844721294871337,44.43,44.58
1443,24,3,23.254494594594593,77.3861237665761,built_up,0.16012175474540888,0.1515955380629736,11.399014337970165,0.49351442325575035,0.6145769238296357,0.779675987899755,0.3164455686321586,496.5578395159439,1475.729411683381,38.4965317363569,26.076427687041466,0.8677837829624321,44.18,43.85
1444,24,4,23.254494594594593,77.38710436781403,built_up,0.10434792522928574,0.15605499363504027,12.487504382454985,0.43968237619112965,0.6332996492703289,0.9244058468284668,0.3220882618212936,503.3523115976466,998.6661639876534,38.33579040361835,26.844140802641952,1.3887395988509328,45.8,44.0
1445,24,5,23.254494594594593,77.38808496905196,road,0.06377959002207934,0.09183539044349191,2.6316929022176243,0.06891389579179684,0.9357804282923355,1.0,0.9563050130389459,496.51899803117055,2438.242250437693,38.51444288002961,29.20012269163145,3.024643637678142,47.03,46.34
1446,24,6,23.254494594594593,77.38906557028987,grass,0.3905025273142819,0.24643688655160398,0.8319622201915599,0.0,0.9916803777980844,0.10925814698670075,0.009591387865547907,503.41644434596196,1158.1264703614697,38.33719614560897,25.317755053506687,2.487292035851823,34.48,35.73
1447,24,7,23.254494594594593,77.3900461715278,bare_soil,0.2806591933755104,0.31212466645251286,1.2897069303160182,0.028777946665481304,0.9712750600308251,0.2919768827747873,0.0,498.53813804990585,18.740038719500717,37.58682011444117,12.021296414757877,2.724109844909873,32.74,33.56
1448,24,8,23.254494594594593,77.39102677276571,bare_soil,0.1535264305297141,0.30544521251632906,0.0,0.07175400090003518,0.9605352995049806,0.1640560003687607,0.0,500.95652732496023,1742.0788012437915,38.814491014095005,25.016294113543236,1.9496326444396173,37.56,36.92
1449,24,9,23.254494594594593,77.39200737400364,bare_soil,0.0685081309151461,0.2887374137609705,1.937094386981057,0.02842350818397428,0.9649961266290036,0.2302700516533352,0.040460008886957645,495.56221820315903,1761.6277018743824,39.14514785408677,27.517106843014627,2.007653598809962,38.98,38.31
1450,24,10,23.254494594594593,77.39298797524157,bare_soil,0.11333103610965438,0.27268455391052787,3.369063753284385,0.0,0.9663093624671562,0.21601390953495106,0.0,520.1538865235601,2044.92018077273,38.03432877827663,29.87385121218855,2.181372275119671,37.02,37.79
1451,24,11,23.254494594594593,77.39396857647948,bare_soil,0.11338554111380723,0.295595715205016,0.012999512618451886,0.0,0.9998700048738155,0.20598157495529332,0.008375942591101622,487.8346607405443,995.0717729270098,38.334860381610866,27.17444409306945,2.394418848997589,36.02,34.25
1452,24,12,23.254494594594593,77.39494917771741,water,-0.10253757235075865,0.0893660136990061,0.0,0.0,1.0,0.04374550301378493,0.021325376148336274,511.1683783994855,0.0,39.09998169838658,21.807334252873467,3.0256256165323894,38.21,38.74
1453,24,13,23.254494594594593,77.39592977895532,grass,0.438143606891092,0.23850305578553307,0.0,0.10518399443653931,0.9421488030599033,0.11371900718887837,0.11737823576503015,493.04523952255494,251.07926005224624,38.191438758940116,23.698824348377467,1.754780043973302,33.14,31.49
1454,24,14,23.254494594594593,77.39691038019325,tree,0.7419499975598588,0.19087604228299976,0.8456119360923604,0.009291310162524031,0.9864336600496881,0.018594141953680553,0.0,502.2652044532055,142.02583879459246,38.6550868365638,24.48224978949883,2.1056586125874572,30.15,31.63
1455,24,15,23.254494594594593,77.39789098143117,grass,0.36737962213567643,0.2085810460459529,1.076647463320958,0.09938796186281465,0.9345701463422423,0.1489629651626897,0.08732870348516324,505.22929350034457,940.3732458237004,40.23076829624405,28.689237579452712,1.6789270522642747,37.05,37.64
1456,24,16,23.254494594594593,77.39887158266909,bare_soil,0.27034741889136554,0.24031433158322824,0.0,0.0,1.0,0.2446778510679161,0.0,506.1074368606128,1020.6381004554615,38.75290793757736,23.451359866275727,1.0191010519490933,37.35,35.69
1457,24,17,23.254494594594593,77.39985218390702,bare_soil,0.1688008460968078,0.303856691405353,3.84579909158149,0.0,0.9615420090841851,0.22650789547457809,0.0,492.2816399178595,1587.3835269281326,38.52753012941798,23.01993965284046,2.7097478046006844,36.9,36.56
1458,24,18,23.254494594594593,77.40083278514494,water,-0.14872712724142453,0.09923936230858665,1.3276069987687065,0.05874904471686359,0.954411955418038,0.0,0.035648279701847294,499.53574394867843,0.0,38.85268417591959,15.392527231507074,3.189234758913204,36.65,36.94
1459,24,19,23.254494594594593,77.40181338638286,grass,0.43495094929437655,0.2511031236112301,1.828101293312683,0.0,0.9817189870668732,0.04304462679653601,0.0,506.0242412793973,15.52969010619006,38.8106987486282,15.70045434771949,2.639830479367581,31.78,29.99
1460,24,20,23.254494594594593,77.40279398762078,water,-0.1070892692946585,0.16043216382139708,1.1489020959252396,0.03711246019975022,0.968099125930885,0.0,0.0,506.3665762963044,0.0,38.235094835418266,20.397623261718888,2.3083376135970775,34.58,34.54
1461,24,21,23.254494594594593,77.4037745888587,grass,0.5204172888938204,0.22429399712873557,8.890906963875327,0.0,0.9110909303612467,0.11945657645947147,0.0,509.05664008521944,876.1973677527101,37.805422751254596,35.54977041061217,3.194274250440006,33.49,33.92
1462,24,22,23.254494594594593,77.40475519009662,tree,0.6683286087951403,0.17348145317659716,3.679586933751316,0.06758545526862275,0.9260321302647444,0.0,0.005361214250711769,515.3711740503758,549.2538121272577,38.737565398656,28.84762118355698,2.4020887207059705,31.57,29.71
1463,24,23,23.254494594594593,77.40573579133455,tree,0.7370053508729555,0.2138079574998023,0.0,0.0,1.0,0.038815045839167964,0.07218494479420999,508.9581227860184,970.6512798016546,38.797542961717475,27.66402081095903,2.6816489045081835,31.28,31.95
1464,24,24,23.254494594594593,77.40671639257246,tree,0.7176504030797538,0.2168870921303908,0.0,0.033898400618620386,0.9813558796597588,0.10060194876973028,0.09187280270042586,500.34940332334537,408.6948895267913,38.380996133672575,31.847562513152425,2.267545721694094,30.8,30.69
1465,24,25,23.254494594594593,77.40769699381039,road,0.11370452176730196,0.15415557736047536,0.0,0.0,1.0,1.0,0.888330905056185,487.25758857166676,436.7596629393902,39.15807837995838,24.685745100861585,2.3762193665174713,43.91,44.74
1466,24,26,23.254494594594593,77.40867759504832,tree,0.7261463829437492,0.148201435011684,0.5546608459429492,0.01332350443182401,0.9871254641030673,0.025980605297286033,0.10133856716671429,503.43808968005845,1068.205298804604,39.07789437524245,32.16813993536652,2.1093100139906156,33.16,32.95
1467,24,27,23.254494594594593,77.40965819628623,tree,0.6326272206798407,0.13605474562648362,1.150156526622316,0.09274288447101366,0.9374898482747194,0.0,0.02573506586005128,490.1192300424295,130.42536000277642,38.80980714563013,23.87165823785744,2.632048522967259,31.95,31.0
1468,24,28,23.254494594594593,77.41063879752416,grass,0.4615866791284926,0.20522166359911714,0.0,0.0,1.0,0.005699595026788032,0.04906335212858361,504.7806482034491,775.1621564736761,38.38855142185244,28.235988316785964,1.5452305612196247,32.37,31.33
1469,24,29,23.254494594594593,77.41161939876207,road,-0.024550547871914526,0.14017853871722546,1.7669466687771456,0.0003647203322498999,0.982129937129491,0.9721585628370375,0.9240353812385612,501.5372946714298,1280.6704079998515,37.66362952263833,36.37498353699563,2.434032276141516,46.19,45.91
1470,24,30,23.254494594594593,77.4126,built_up,0.14827139693699082,0.1323136872911277,19.362634464578033,0.6921467515933919,0.4256929419778541,0.88650335887026,0.31676571429338546,505.5220444902214,1954.2417227219726,38.43025811151571,32.46092472309393,1.3003609803297043,46.48,46.31
1471,24,31,23.254494594594593,77.41358060123792,built_up,0.045799254060372246,0.22768409927714095,19.220821336276156,0.7086640700556784,0.41802654810661527,0.8102271916632793,0.4445982243139356,503.9439094776248,188.9700772579332,37.76552344532004,20.181559379898747,1.9225654210479393,43.28,44.24
1472,24,32,23.254494594594593,77.41456120247584,built_up,0.06779236333742578,0.1529232733312686,17.908600888767573,0.7603057981387162,0.40274580213603023,0.9386805448327138,0.30488117341749293,505.1570426221113,442.4366358589176,37.557163151936756,27.42538821580362,2.7677157706077606,44.46,44.21
1473,24,33,23.254494594594593,77.41554180371377,built_up,0.05005727923647707,0.17216522503369827,14.175560423593932,0.6197156964379562,0.5174007627231847,0.8612266507381074,0.34447281040508415,489.1772219961603,365.53958848241405,38.75886343015211,26.272355344601312,2.114164177789692,44.81,43.41
1474,24,34,23.254494594594593,77.41652240495168,built_up,0.1958380026601283,0.1538904454387904,17.74548035593814,0.8412802210321044,0.3598410748729611,0.9011031246532784,0.4207710708216082,490.56036857506786,104.73551451863068,38.96892290169433,19.477040807520204,2.160654795953843,44.65,44.24
1475,24,35,23.254494594594593,77.4175030061896,road,0.06702451410696098,0.12243497654287366,3.124155089149687,0.0,0.9687584491085032,1.0,0.9895707453368118,507.4893765344911,317.560029739984,37.71976145534864,27.592806809103568,2.7072268415971554,43.35,41.98
1476,24,36,23.254494594594593,77.41848360742753,built_up,0.11111691029576459,0.11673028724103943,16.627634795382175,0.6628531830351034,0.46915440137687137,0.8120667135330624,0.3403615068648352,496.072506018897,160.60427847217989,38.397381772877324,18.722038917421198,0.633707481292245,43.32,43.63
1477,24,37,23.254494594594593,77.41946420866545,built_up,0.002024176869306754,0.19883287365377034,15.914757077330366,0.721979567914513,0.44376366687371416,0.7620514021877823,0.40430596531637664,501.3372852038948,338.8308247455422,38.493002844386744,27.14412091696324,1.6490762576594327,44.04,44.56
1478,24,38,23.254494594594593,77.42044480990337,built_up,0.05389153576016311,0.16608229573298167,9.577396111708252,0.6541540898470125,0.5444412894670606,0.8440458081199403,0.34477555675074933,520.0424957094273,414.04597725055305,38.383038144694204,23.230028421092427,2.0188645969201926,42.42,43.1
1479,24,39,23.254494594594593,77.4214254111413,built_up,0.13941361952369924,0.19434971559607855,18.421084286859113,0.6510861598121315,0.45769176923473653,0.7857756207006527,0.37981681130856815,513.1602017892516,878.9227185801271,37.94859482586387,25.727447165779157,0.7413132411861036,44.32,44.05
1480,24,40,23.254494594594593,77.42240601237921,built_up,0.15400688923616904,0.2177584114321426,18.614850177182024,0.6187878171043233,0.473518198820802,0.8525530382752227,0.404808607740846,498.0097616724159,1382.7012474558921,39.03241478255586,21.610963833949157,1.602244138900955,46.31,45.68
1481,24,41,23.254494594594593,77.42338661361714,built_up,0.07598378612069652,0.15003042262840507,15.415405638428764,0.6705430698382514,0.477047255204674,0.860622371388477,0.28565832294333127,496.4672536593514,37.79685950666692,37.95964409242573,21.657729952469108,1.7022010768133162,43.45,42.99
1482,24,42,23.254494594594593,77.42436721485505,built_up,0.05557348355669847,0.11614508691004402,18.587801961200356,0.7022447255450147,0.42788738133823834,0.8780147077166738,0.2992940307514066,499.21492178229164,5.877163330143048,37.720320830936494,20.32023507126509,1.1266927319643942,44.18,44.1
1483,24,43,23.254494594594593,77.42534781609298,road,0.0211623968429342,0.12942263501687812,2.4802608072877614,0.023642238992952175,0.9621941604809987,1.0,0.9603902554774983,498.13151782391765,1141.7993894760377,37.95022093845037,27.509654493695948,1.5937156867344915,45.5,45.04
1484,24,44,23.254494594594593,77.42632841733091,tree,0.7743885660106005,0.16427484905028858,0.9474556464251724,0.0,0.9905254435357482,0.0,0.03760425968453277,489.6438225456759,894.9252892376405,38.692536906849135,31.544934237424226,2.9910340070744224,32.38,33.83
1485,24,45,23.254494594594593,77.42730901856882,tree,0.6278816218703276,0.15840998768937775,0.0,0.0600862385155673,0.966952568816438,0.02332424700070364,0.0,502.9147606559487,648.4595919849071,38.39311847862862,24.54582561307239,0.3,31.48,31.15
1486,24,46,23.254494594594593,77.42828961980675,tree,0.7674336336389603,0.14964360152506395,0.527134705349446,0.12347833983635932,0.9268155660365079,0.03803605204828284,0.027469216388025124,486.711677935699,356.8321949477062,38.191901269518745,25.15668289093089,2.293710751426864,30.26,30.17
1487,24,47,23.254494594594593,77.42927022104467,tree,0.7475832421225661,0.17010306772493342,1.5360824015019483,0.02124693428982964,0.9729533621255743,0.0,0.060612251304992704,490.0585204526208,427.4409984555648,38.711059691775816,22.07514988822799,2.8667886001262772,30.55,29.87
1488,24,48,23.254494594594593,77.43025082228259,tree,0.7337690949320528,0.22701069024019738,0.0,0.007384222670977609,0.9959386775309623,0.05780102344151705,0.04629439911089753,509.4722443974327,634.6186825989795,38.63305121621091,32.09207645909168,2.1801718555420275,31.37,30.71
1489,24,49,23.254494594594593,77.43123142352052,tree,0.780710954475777,0.21990965156479136,4.459897947178933,0.025096164986081023,0.9415981297858661,0.05787184551763168,0.0010166210554052313,488.32810614280316,724.5833458149657,37.57707137650933,30.42213036414597,2.974037967901673,30.22,29.07
1490,24,50,23.254494594594593,77.43221202475843,tree,0.7267402641735905,0.1767152309270128,1.4942949820370701,0.0,0.9850570501796293,0.04090128648550974,0.09979078036521241,507.9647900760178,1198.6879870156965,38.7070269871655,33.318346136870595,1.931956441484057,32.2,31.27
1491,24,51,23.254494594594593,77.43319262599636,tree,0.7434409425013494,0.16903704427804,0.0,0.022856429520599953,0.9874289637636701,0.0,0.006977765495488942,499.97072648398137,694.1425907557131,38.97249319551812,34.33028184807818,1.6486279254648515,31.06,32.74
1492,24,52,23.254494594594593,77.43417322723428,tree,0.8502829836081138,0.23473028355300185,2.58202933419191,0.0,0.9741797066580808,0.14607076634827273,0.04475876555294804,492.4641627219759,961.3390755120051,38.45072729142958,26.30254401495051,2.1716754803644465,31.29,31.78
1493,24,53,23.254494594594593,77.4351538284722,grass,0.507514491212288,0.20203363478073075,0.35133138668197905,0.01582381885900796,0.9877835857607259,0.044957289923000035,0.019196286089683934,491.7962993996545,1406.643460412224,38.40603407737006,25.155406706605884,1.9614361171905659,32.21,31.91
1494,24,54,23.254494594594593,77.43613442971012,tree,0.6655166744653671,0.1887541111239417,0.0,0.0,1.0,0.0,0.008416993844796787,501.4430529597637,1182.0918749772516,39.25754991567759,20.8181359551454,1.8569059958653396,33.2,32.61
1495,24,55,23.254494594594593,77.43711503094804,road,-0.07633410790261765,0.10494081847910999,0.0,0.0267089246385129,0.9853100914488179,0.9666181834460369,0.9467667597752605,494.04040849197554,1889.5102133031635,38.216072454375315,23.608052017175936,2.079429937055849,46.15,47.26
1496,24,56,23.254494594594593,77.43809563218596,built_up,0.0029852346060079,0.12800798028833316,12.824956887913489,0.4665193353804964,0.6151647966615922,0.8118032008646564,0.2775326585435437,494.46792839286593,575.0260698139297,38.43373575262495,26.700376011613468,1.4592985977365016,44.92,44.17
1497,24,57,23.254494594594593,77.43907623342389,road,0.1307534755627821,0.17794087785794158,0.0,0.0,1.0,1.0,0.910756940347284,495.60663157124264,767.8795080326731,38.63239198333614,19.756210660366104,1.697267899644647,44.11,42.58
1498,24,58,23.254494594594593,77.4400568346618,built_up,0.04996966038776247,0.1293583924552775,8.756821280318647,0.41867761017620797,0.6821591015998991,0.9009972123931718,0.3486577223850338,501.00251073191015,6.185795922985108,38.519376129223595,15.690673667471884,1.3326950421001411,43.92,44.35
1499,24,59,23.254494594594593,77.44103743589973,built_up,0.13686701951143057,0.11943440329510646,14.592175191807053,0.44880656103473293,0.6072346395128263,0.8218973285477337,0.2828884161779528,517.3987676594246,1539.239300178569,38.39108627743244,27.66866091919689,2.065022284386427,45.0,44.17
1500,25,0,23.255395495495495,77.38318196286234,built_up,0.13178446398134025,0.19456483116357878,12.131380614665702,0.4983467611629673,0.604595475213711,0.8260712371126585,0.37950314131332824,494.95922634060236,908.303128962106,38.53568966844145,31.573749620950718,1.3474562694856351,43.09,41.93
1501,25,1,23.255395495495495,77.38416256410027,built_up,0.08582003452725656,0.10197803270120831,12.654997125174372,0.42791013531706507,0.6380994543238705,0.7506219683606159,0.3316935245696431,497.23956237477285,1558.7643142865136,39.12757843766956,25.13168193010014,1.2441776205402266,45.93,44.95
1502,25,2,23.255395495495495,77.38514316533819,built_up,0.09711187714962664,0.18342417101069441,13.391724787577726,0.42857854820110836,0.6303645506136131,0.8470820319761735,0.33607807852353827,503.90378284890534,1134.3984881763645,38.823063058215375,28.51191902123249,1.3257456269270649,45.13,45.5
1503,25,3,23.255395495495495,77.3861237665761,built_up,0.04228642196246468,0.14025801413187544,13.504129537346458,0.4187099793708718,0.634668215972556,0.8658504380822352,0.28685267615392696,508.84457074513284,1340.2499189438909,38.47011287800765,35.455032627981694,1.9838591343261227,46.17,46.08
1504,25,4,23.255395495495495,77.38710436781403,built_up,0.17775698213730792,0.10650210680673725,15.444215104017502,0.5285588406861739,0.5548504865824293,0.8408883976396054,0.3349342658778037,491.3188315480797,375.9609602127156,38.15442394462117,20.775825534261433,2.1383818730170967,44.31,43.42
1505,25,5,23.255395495495495,77.38808496905196,road,-0.015074059168381768,0.07232673072791132,3.9893062089765454,0.0,0.9601069379102345,0.9874447739053047,0.9674282050754042,502.85999385558364,1243.7545602922878,38.20759830154047,32.343490649985036,2.608322915399999,46.08,46.5
1506,25,6,23.255395495495495,77.38906557028987,grass,0.5067840190469806,0.2066223351268999,0.21887661422553026,0.0,0.9978112338577447,0.16512627956250908,0.11399463693899502,490.44852991870897,22.152988367773673,38.88008683353927,21.52309070590727,2.326542410522401,32.42,31.68
1507,25,7,23.255395495495495,77.3900461715278,bare_soil,0.15414789414114127,0.31211118652707126,4.892443283121137,0.03689451756083279,0.9307835825103306,0.26978904793436037,0.07640242931505241,511.7182221730469,1406.312934165304,37.86267110554266,33.066124922678014,2.4515163561245092,36.89,35.42
1508,25,8,23.255395495495495,77.39102677276571,bare_soil,0.043067426223388675,0.2797491443248493,0.7500965476479194,0.0,0.9924990345235208,0.19809470210755944,0.07268912254751617,493.9453465304931,1337.6484267750793,39.46127589892926,31.867569567763276,2.1606244139050483,39.56,38.38
1509,25,9,23.255395495495495,77.39200737400364,bare_soil,0.13898649749275385,0.2542740283228502,0.0,0.0,1.0,0.22427885149743865,0.007470207463958453,493.3937805601858,27.479061319077914,38.48728612636781,17.347190534054665,2.4733573156181254,35.12,35.14
1510,25,10,23.255395495495495,77.39298797524157,bare_soil,0.14596265411093345,0.27478818119199055,0.0,0.0,1.0,0.18807124182883672,0.028799859429570362,497.3601361246292,288.83202583629213,37.94858074987327,20.007206560354188,2.464130282506214,35.03,34.32
1511,25,11,23.255395495495495,77.39396857647948,bare_soil,0.11651250269787072,0.3113664240175785,0.10066897811052722,0.0034211771147144177,0.9971116628058018,0.18371655216109128,0.0,492.6168206691703,24.77072620203444,38.57279035676536,14.157826130553723,1.7601805537442383,33.87,33.96
1512,25,12,23.255395495495495,77.39494917771741,bare_soil,0.1908735501832291,0.2938736252814355,0.2062170981322422,0.01477913833886947,0.9898093029322993,0.21697646981124458,0.0,497.3979013656536,591.2894538536082,38.1797176014455,25.90825453224712,1.5482742538769867,36.3,37.3
1513,25,13,23.255395495495495,77.39592977895532,bare_soil,0.27068544101250025,0.31060606124368256,0.4197057120634802,0.06829921375648423,0.9582383753132989,0.26198441222542085,0.0,498.2171737514003,793.0363650413739,38.33240521529171,28.116992163532352,2.9609906169053346,36.63,36.06
1514,25,14,23.255395495495495,77.39691038019325,bare_soil,0.156691676938924,0.273280217641227,0.0,0.0,1.0,0.25244675812925543,0.0,496.5811618274613,147.7072135528632,37.89569128248384,21.214347939020506,2.275212431459446,34.55,36.95
1515,25,15,23.255395495495495,77.39789098143117,bare_soil,0.0582216334111047,0.2895153239911571,0.8403857249016178,0.0,0.9915961427509838,0.2561992573068889,0.06416171549197157,499.4461813177602,872.430023697063,38.404558880128334,31.15774392806685,2.82155697149552,37.99,38.24
1516,25,16,23.255395495495495,77.39887158266909,bare_soil,0.09284733346659603,0.2988066316435458,0.0,0.08979174046896372,0.9506145427420699,0.2569992631364113,0.0,493.68785219599454,931.1003028549859,37.65094488384872,34.33170769662629,1.5095850439105036,37.29,37.13
1517,25,17,23.255395495495495,77.39985218390702,bare_soil,0.09970493377898274,0.2963379864616495,0.0,0.07624058790600291,0.9580676766516985,0.2004153496350652,0.10682220524034985,504.82140237690265,19.252142947777315,38.260053563352436,18.257818370907135,1.9238481359485962,36.05,34.85
1518,25,18,23.255395495495495,77.40083278514494,road,0.15518979500839483,0.14296036864611547,0.9503690627024496,0.03233167280992139,0.9727138893275188,0.9205476617691406,0.8778249555865494,499.6660023399892,1357.0806957915888,38.16907725347816,32.57907337409912,1.3590267278243275,44.46,44.15
1519,25,19,23.255395495495495,77.40181338638286,bare_soil,0.14374253059611636,0.33127514492227433,3.3030519579804745,0.0010304353392726424,0.9664027409835954,0.2591878460663613,0.07090381543418918,499.35854423133696,534.8723695402902,38.29907265472523,29.069210628778343,2.5530196147236723,36.57,36.35
1520,25,20,23.255395495495495,77.40279398762078,water,-0.09157297076000548,0.03,0.7010797539396076,0.03602189915424069,0.9731771579257715,0.007225554570775072,0.013786976814454953,499.65218899520397,0.0,38.19432026625452,14.770331310226997,1.811659398435982,35.76,36.44
1521,25,21,23.255395495495495,77.4037745888587,grass,0.5497556856542019,0.20896513457794846,0.0,0.06789913892259139,0.9626554735925748,0.14893502342306073,0.0409226342390311,506.15495778479675,13.710227725979507,38.51358565350839,19.398386254867674,1.8395375678810328,31.56,31.02
1522,25,22,23.255395495495495,77.40475519009662,tree,0.7151463375588271,0.21884352328371748,0.0,0.0,1.0,0.05393019764183451,0.024082280443911766,505.18057679872015,122.24293733729553,38.855202101995616,20.463520140566928,3.3734822318104016,30.68,31.07
1523,25,23,23.255395495495495,77.40573579133455,tree,0.5670373937759622,0.20763695782316607,0.0,0.0,1.0,0.0,0.06091650728102231,502.80270579258024,698.4077732374029,38.644244853488885,24.653210697853545,2.5997683446745117,31.68,31.72
1524,25,24,23.255395495495495,77.40671639257246,grass,0.4682073050513722,0.15819513537905544,0.0,0.0,1.0,0.06256286144318327,0.01913953801415179,501.96959762143035,1024.1263784713408,39.019704794696764,23.837736939221415,2.5924519244482744,35.14,36.02
1525,25,25,23.255395495495495,77.40769699381039,grass,0.361187758377558,0.2197349383960457,1.7788591973094432,0.0,0.9822114080269055,0.09035836131160606,0.04866208461949398,500.08967087583613,837.0988802830317,38.30058840378887,23.703367486262398,1.468211763288967,33.54,34.49
1526,25,26,23.255395495495495,77.40867759504832,water,-0.09431811117702422,0.07064412381007265,0.0,0.012358427820683176,0.9932028646986243,0.004998638874618513,0.0,504.6564465987621,0.0,38.62988594217306,17.825803850553356,1.0825206789315607,36.37,36.67
1527,25,27,23.255395495495495,77.40965819628623,bare_soil,0.08039441592215937,0.2581710356716613,0.0,0.0,1.0,0.30022408434375475,0.0,493.1323665806861,98.4632984699648,38.645645835751296,16.54148013333869,2.782381339579407,37.22,37.91
1528,25,28,23.255395495495495,77.41063879752416,bare_soil,0.09672195201636113,0.2591437190001005,3.595182966901385,0.0,0.9640481703309861,0.12307328843558313,0.03207136329149647,499.1423480295255,340.84304397772047,38.960660685901416,32.92163137238295,0.8434650206067252,36.82,37.83
1529,25,29,23.255395495495495,77.41161939876207,road,0.06357817477826783,0.114101349118836,0.0,0.0,1.0,0.8965952425164085,0.9219828647483781,491.32508047280857,578.8249502801531,38.20782194149489,18.1955525416684,1.8990536756336958,44.13,44.61
1530,25,30,23.255395495495495,77.4126,built_up,-0.027922894642585766,0.126585197211943,17.847380195955672,0.7581991144146524,0.40451668511238437,0.869948213135477,0.33693839226036165,494.6600639683165,1063.6614314622052,38.8155329156833,28.44508561680081,1.3049869271732037,47.91,48.16
1531,25,31,23.255395495495495,77.41358060123792,built_up,0.06079803868724994,0.182573911026629,17.441109400215907,0.7580847434530038,0.4086422970986888,0.8430626326249135,0.35924874434529297,496.64121444083236,492.2895378914341,38.15707600053806,30.113257589396074,1.255821986299428,44.69,45.06
1532,25,32,23.255395495495495,77.41456120247584,built_up,0.17184884159573763,0.17146555369173686,20.817734879287574,0.6880922179382059,0.41337193134111105,0.7909940029149444,0.3587100369102796,506.16590340364746,192.74768589655287,38.2720318925711,16.14869999595487,1.4812807228384735,42.44,43.89
1533,25,33,23.255395495495495,77.41554180371377,built_up,0.0381449081746278,0.18181529008018893,19.775398899986843,0.8023090642334849,0.36097602567171483,0.8279274970783387,0.32919917650736624,507.59112483730524,333.5612948967571,38.356537520506265,27.072345004274634,1.1661375679818369,45.13,45.23
1534,25,34,23.255395495495495,77.41652240495168,built_up,0.043348578236477746,0.11260410690844357,16.63142359178206,0.785746480473341,0.40152519982184187,0.7745167571636024,0.37516209873375705,494.3342499300308,375.95750536927636,38.68126939240771,26.63159085204317,1.1183965660511126,45.12,45.78
1535,25,35,23.255395495495495,77.4175030061896,built_up,0.07122526516295864,0.13337765385088066,17.015514258544663,0.7111155366412736,0.4387313122618528,0.8214287413029299,0.40279094187861886,500.2003945285594,437.0258533875261,38.06519694367797,27.690488024791996,1.8247725601412086,45.2,44.59
1536,25,36,23.255395495495495,77.41848360742753,built_up,0.04132083665887483,0.12776168536607954,15.935271255888289,0.7620180659381753,0.42153735117512064,0.8123200456764537,0.2601501651340714,500.46646429971906,381.21180655864055,38.12093845742441,30.65173729658168,2.1827059949327325,44.64,45.99
1537,25,37,23.255395495495495,77.41946420866545,built_up,0.044852706991561894,0.1673466835984309,10.495302981068377,0.7922948901930271,0.45928478058315125,0.9027338880223745,0.32487786947220726,496.393725826536,795.5039769432733,38.24197458456381,30.293524906077657,0.9077305105756799,45.93,46.33
1538,25,38,23.255395495495495,77.42044480990337,road,0.061872959390459864,0.09098354427285318,0.0,0.10568463606010021,0.9418734501669449,1.0,0.9562741211317739,501.4062019939204,877.4917955307873,38.51937729400407,25.60008897279334,2.2634524203793434,46.1,45.79
1539,25,39,23.255395495495495,77.4214254111413,built_up,0.12446379716270059,0.07740899967536098,16.004912359588623,0.6687898208863076,0.4721164749166445,0.8419282670749009,0.38083175772567246,485.6793584203415,83.36679721046778,38.125500643972124,13.982191607280633,1.9917181376974524,43.89,43.83
1540,25,40,23.255395495495495,77.42240601237921,built_up,0.0390952978078624,0.14463035379399683,18.728854883860446,0.7616284448870072,0.39381580647354153,0.8356822900057825,0.3832192363849994,505.681299826126,887.062341551903,38.605588683582084,28.660274393689885,1.8695050833023343,47.0,46.8
1541,25,41,23.255395495495495,77.42338661361714,built_up,0.07854314360970797,0.12801404184678492,13.74674027524159,0.6117802880297593,0.5260534388312166,0.8673540911749003,0.34782309958872343,496.6759409772785,974.1644629611056,38.35686714862477,25.373305656829658,1.675356172040236,45.28,45.28
1542,25,42,23.255395495495495,77.42436721485505,built_up,0.06797064997467353,0.11260462538644316,15.501929916065833,0.697504376177606,0.46135329394165836,0.7988243373912041,0.3583710727015017,499.5565940448489,287.29058053227754,38.7631622860912,17.888978458725187,1.4449349901034196,45.18,45.37
1543,25,43,23.255395495495495,77.42534781609298,road,0.012398868777630523,0.06284950973664036,0.2741004853933319,0.0,0.9972589951460666,1.0,0.9463211030786324,495.4254907474458,1274.2339761000708,38.525176637938,28.89378566562006,2.652240367820739,46.61,46.43
1544,25,44,23.255395495495495,77.42632841733091,road,-0.031910930653486075,0.08756951282493985,0.0,0.06547531521663885,0.9639885766308486,1.0,0.8830562408723176,493.47382047506665,755.3827115865987,39.20085379796028,26.259713205639763,2.366590028972326,47.52,46.09
1545,25,45,23.255395495495495,77.42730901856882,road,-0.0009416482205191652,0.10906054981571306,0.0,0.02037759300891523,0.9887923238450966,0.9319517253023026,0.9577063860097697,491.07098061672644,541.2846374841712,38.548458536108896,29.22686390476143,1.0586524358501546,45.98,47.58
1546,25,46,23.255395495495495,77.42828961980675,road,-0.07420507965060127,0.09786355425645293,0.0,0.047178967836933094,0.9740515676896868,0.9770369963840199,0.9549001293241527,499.8203837720225,290.42363855775295,38.01264421702052,30.051425901750164,2.0459045084812226,43.71,43.95
1547,25,47,23.255395495495495,77.42927022104467,road,-0.08981677561030008,0.10043967099857587,0.6963999704345141,0.0,0.9930360002956549,0.9367970512533275,0.9403874752253718,497.38331572764486,1190.7001878868532,38.41489306254976,30.74337690791415,2.2270718173739286,47.28,47.52
1548,25,48,23.255395495495495,77.43025082228259,road,0.07338119891194833,0.0933975641706909,0.0,0.013809964309620441,0.9924045196297088,1.0,1.0,499.77481894926706,1412.7661946481755,38.508456037621215,33.379591607693364,1.53907518282796,46.06,46.02
1549,25,49,23.255395495495495,77.43123142352052,road,-0.03960498465861617,0.09086978526347869,0.0,0.007565327000486774,0.9958390701497323,1.0,0.8477845956101426,501.50629094072673,1157.8029331939144,38.136530374526295,30.04357245472366,2.0505154003590973,45.95,46.77
1550,25,50,23.255395495495495,77.43221202475843,built_up,0.11283425578030637,0.1041241663989606,16.090578164208342,0.5582132630221938,0.5320769236957099,0.8795518809458258,0.34496568436611885,503.0482989364437,1437.713089504919,39.10683949885131,28.308471020678404,2.0279500284869205,46.76,46.8
1551,25,51,23.255395495495495,77.43319262599636,built_up,0.06775867675385508,0.14852314426690127,17.025735729751776,0.5384923038474934,0.5335718755863609,0.7937301917291075,0.3770417249662398,511.479020884875,1554.9652573077303,38.37602488361728,30.104258337501317,1.385756886408641,45.06,44.78
1552,25,52,23.255395495495495,77.43417322723428,built_up,0.12289926597973241,0.06967527247724747,12.05461055931953,0.5032972798354233,0.6026403904973219,0.8522434195914059,0.4175305933776268,491.35566693154243,2059.223289639968,38.24213254914109,29.9092325729148,1.967897214650092,46.18,45.96
1553,25,53,23.255395495495495,77.4351538284722,tree,0.6970603222035454,0.15699296059579665,2.1130117807794706,0.04621521334120629,0.9534515148545418,0.08249734555118671,0.0,504.0162250219126,448.9538071334006,38.572616447090965,31.451221849608363,1.576372821954334,31.3,32.43
1554,25,54,23.255395495495495,77.43613442971012,road,-0.017834751838812488,0.10715389507687229,0.0,0.05263741239393163,0.9710494231833376,0.9510916234045201,0.941181751268756,492.95841374660785,1512.2023386452215,38.137517054735575,28.237465637981106,1.4411075361129557,46.73,46.91
1555,25,55,23.255395495495495,77.43711503094804,built_up,0.04003238153901843,0.17426033308234262,15.540996582339517,0.47219408553520525,0.5848832871322419,0.8514833904130508,0.3310516409372819,504.3657759620558,923.8745994283474,38.88653872457448,22.766736978521923,2.1427213372136165,46.58,46.55
1556,25,56,23.255395495495495,77.43809563218596,built_up,0.054951160173634106,0.1413853748972014,8.65504637316166,0.4779774252675135,0.6505619523712509,0.882480598506969,0.35552217521044677,507.61325252579894,860.2167651435742,38.80614098233106,22.127434419597243,2.4984359511841894,46.04,45.65
1557,25,57,23.255395495495495,77.43907623342389,built_up,0.052442557260424766,0.10648042988071504,11.336815614587747,0.5673256875341792,0.574602715710324,0.8637771682593226,0.3265785513680712,491.95086449546346,277.3941506749428,38.55224981039834,21.8449353770254,1.2362677495497398,43.6,43.31
1558,25,58,23.255395495495495,77.4400568346618,built_up,0.030176385835560905,0.16277580525615926,11.023871365410752,0.408368014305694,0.6651588784777608,0.807590810798288,0.37597923199759725,499.349895396947,790.8852073396961,38.73662118844166,23.49521941531471,2.4005682720288273,44.43,45.4
1559,25,59,23.255395495495495,77.44103743589973,built_up,0.061496697826725705,0.20617649376642283,14.880494254751781,0.5169393122942709,0.5668784356906331,0.7623948027185142,0.34395590888652233,494.8416872067929,1404.2661797843152,38.300131749634,30.745706938395585,1.8123930633612757,44.74,43.92
1560,26,0,23.256296396396394,77.38318196286234,built_up,0.143588412707132,0.1497927863876012,9.429142657979146,0.3995988661845389,0.6859291970187121,0.8810285433066427,0.378802926928377,501.12761897949923,1220.9328420560932,37.89891215836014,33.35461643129422,0.762391420276317,44.54,45.14
1561,26,1,23.256296396396394,77.38416256410027,built_up,0.08300735214611302,0.14807289673241691,13.661812261322003,0.4770038570462783,0.6010297560113268,0.8511792716941708,0.34803802330690653,499.30161352744193,737.844339679496,38.36975691839413,27.117360596123085,1.125338431283976,45.69,46.33
1562,26,2,23.256296396396394,77.38514316533819,built_up,0.03241831104009509,0.15631868824409334,10.351161117346923,0.49903002672898455,0.6220218741255893,0.8474328644482186,0.3827838103374065,505.09567042843844,1521.464962386039,38.299393982474506,32.84538490338965,2.1771596211762843,44.03,44.22
1563,26,3,23.256296396396394,77.3861237665761,built_up,0.0514180546098877,0.15226698351437126,14.239289922706565,0.39359558216035073,0.6411295305847414,0.935084672377443,0.44063812184456297,507.5783063559825,1474.9507436897472,37.68538566776853,29.03575222072403,1.04969345788309,45.52,45.35
1564,26,4,23.256296396396394,77.38710436781403,road,0.0653255158475711,0.10029699974939824,0.0,0.04822024476802644,0.9734788653775854,0.9313391402566789,0.9075713234748349,496.82136649006003,1372.1695969572852,38.07685897069198,28.10368014894733,1.809463682315077,45.62,44.29
1565,26,5,23.256296396396394,77.38808496905196,tree,0.668043830503548,0.17323751799247927,0.0,0.0,1.0,0.0,0.0,502.08709213853354,1259.172285737463,38.00785002460896,28.29138470282247,2.1511857640637775,31.39,31.99
1566,26,6,23.256296396396394,77.38906557028987,grass,0.47966177903168433,0.23828717184529413,0.0,0.0,1.0,0.11875290024254283,0.021529997190522364,507.2566289803688,1178.8728035321844,38.07848188072765,24.676598474240784,2.4688117529415603,33.42,31.98
1567,26,7,23.256296396396394,77.3900461715278,bare_soil,0.19702923376997322,0.26603391087023215,2.6688356252696144,0.10173379485691592,0.9173580565760001,0.20268712808038136,0.029972267077630732,492.5557736904121,1407.3312237099362,39.03332383646631,24.165461471844097,2.2344209393080416,36.83,36.98
1568,26,8,23.256296396396394,77.39102677276571,bare_soil,0.18774349017145803,0.2651664044780017,1.465398927687095,0.014023636942230248,0.9776330104049025,0.21953926451379258,0.04248078963061093,504.15119607199586,862.9616189472546,38.70477554855228,21.42383626745076,3.113031787946648,37.72,37.77
1569,26,9,23.256296396396394,77.39200737400364,road,0.07999778132580823,0.1433556826857384,0.0,0.0,1.0,0.8915653597389549,0.9733439219012485,509.7849406101142,776.0010445686082,38.88598900225802,25.067614046671835,1.7105178291825924,44.34,45.03
1570,26,10,23.256296396396394,77.39298797524157,bare_soil,0.12800616947008164,0.27339412795168183,0.0,0.011608564342329791,0.9936152896117186,0.1607878730486108,0.0005889225422627056,492.763592575153,1171.4264969990766,38.70383533991124,36.557575469641876,2.253392452326105,37.79,36.98
1571,26,11,23.256296396396394,77.39396857647948,bare_soil,0.13435428721606213,0.2670628624784523,0.09269686405598901,0.0,0.9990730313594401,0.2571947585286317,0.0,505.08035972345505,496.5775660556928,38.933204262653014,22.026537632321286,2.470656031056101,38.21,37.36
1572,26,12,23.256296396396394,77.39494917771741,bare_soil,0.168854304022794,0.31111916800010825,2.7112657314863546,0.07355084455693488,0.9324343781788222,0.21462225000395127,0.05951786806652967,512.9934396185633,260.51001047395994,38.51077132970672,15.293850384798024,2.5564495621344836,36.43,36.91
1573,26,13,23.256296396396394,77.39592977895532,bare_soil,0.08380571149420785,0.2351289787144864,2.652860311811927,0.0,0.9734713968818808,0.11100788297596514,0.0,486.09350391580455,930.0425763218547,39.10626872553584,24.777640454469473,2.8007236808346776,37.6,37.45
1574,26,14,23.256296396396394,77.39691038019325,bare_soil,0.054927441276841904,0.22929151263988645,0.0,0.0008556014223523429,0.9995294192177062,0.10651084512569504,0.0,499.402889984216,588.0645148526804,38.0074432805544,24.965379710476792,1.93919381793529,35.76,33.94
1575,26,15,23.256296396396394,77.39789098143117,bare_soil,0.10023100637683574,0.3153786093620834,5.366361980808935,0.0,0.9463363801919107,0.13390592337101231,0.0006166760554474036,501.5543448273562,712.4506956170815,38.47290440317177,29.077295560419543,2.5352749041835954,36.16,36.15
1576,26,16,23.256296396396394,77.39887158266909,bare_soil,0.15664146709346366,0.34635727750588646,0.0,0.0,1.0,0.27705715886807536,0.0,506.31594804459536,1027.2755543133094,38.090045505001285,25.552754491580234,1.6444886009543271,37.97,39.6
1577,26,17,23.256296396396394,77.39985218390702,bare_soil,0.19421279140882813,0.3374001923247859,0.8326817677513083,0.0,0.9916731823224869,0.16497964118679403,0.09744211466374457,488.6864175249202,933.1109658287135,38.996680624873825,27.205937507109528,2.1462095393344653,36.3,36.79
1578,26,18,23.256296396396394,77.40083278514494,bare_soil,-0.03087055344409126,0.23946318454331475,2.2173432034997824,0.0017980460164877866,0.976837642655934,0.18117790873058606,0.0,484.02765968291925,1004.4738195132851,38.66791731301013,24.60199628636525,2.4775792900012408,39.32,38.25
1579,26,19,23.256296396396394,77.40181338638286,bare_soil,0.1030111578205457,0.23434404476459042,0.07547284877570933,0.029062400770506404,0.9832609510884645,0.18996631549373136,0.014639707332496855,500.30501452389956,277.6615028308489,38.974678050750875,18.099110080978516,2.7665855888484705,36.94,37.36
1580,26,20,23.256296396396394,77.40279398762078,water,-0.09674442320201007,0.10205650793971828,2.5866091833139566,0.03953646692946717,0.9523888513556534,0.0,0.025448502062791346,503.72373141869235,0.0,37.93861313818801,19.76130174577593,2.4937209169961108,35.03,35.91
1581,26,21,23.256296396396394,77.4037745888587,grass,0.4221412357476338,0.2403907930794262,3.442270382016106,0.0,0.9655772961798389,0.18200306191846474,0.07656638703632686,501.59294800132824,458.20945386468316,38.25902468680642,27.461779543005587,2.223289069939668,33.98,32.43
1582,26,22,23.256296396396394,77.40475519009662,tree,0.7434260069531485,0.1607830391802309,0.0,0.0,1.0,0.0,0.11329226538823536,500.5046017472663,654.8267233146537,37.78642008490269,35.92305646860366,2.1523096059003772,30.95,30.69
1583,26,23,23.256296396396394,77.40573579133455,tree,0.7181560324133476,0.15516677941557327,0.0,0.004559434698417531,0.9974923109158703,0.04016808612240175,0.0,503.83591034579234,622.2174309538993,38.64451083197214,27.887253271913337,2.5267386695253737,31.65,32.82
1584,26,24,23.256296396396394,77.40671639257246,grass,0.47357446630462163,0.24115134436059507,0.0,0.0,1.0,0.17412262811260276,0.0,485.01094601420505,781.7301315724517,38.32874567750998,27.16103296451832,3.5135291171229213,33.81,32.44
1585,26,25,23.256296396396394,77.40769699381039,water,-0.13776100569245617,0.047679471281196546,2.21309504273105,0.0,0.9778690495726895,0.0,0.07739784476038218,487.1145098848208,0.0,38.80223474496516,10.012141957862582,2.68873979359016,36.22,35.97
1586,26,26,23.256296396396394,77.40867759504832,bare_soil,0.006643393509168621,0.28811974701556686,0.0,0.040963740766468484,0.9774699425784423,0.19913068068466458,0.06402431116027317,496.5622886607686,342.2721780729588,38.512661879205424,28.95970166586979,2.407040384664418,37.07,36.88
1587,26,27,23.256296396396394,77.40965819628623,bare_soil,0.13425096318161195,0.27242327558622415,0.0,0.0,1.0,0.16314337772617554,0.07221533561602933,505.65956639655985,267.5537748409422,37.64792584745491,12.099658165113546,1.378617905575517,34.24,33.87
1588,26,28,23.256296396396394,77.41063879752416,bare_soil,0.14825218379233432,0.21881620360419865,0.0,0.02004976895041813,0.9889726270772701,0.2082688153197734,0.0,499.693534942952,595.5453587627442,37.83584873243841,30.206780544820848,1.6858439378670986,36.55,37.79
1589,26,29,23.256296396396394,77.41161939876207,tree,0.7194386003898907,0.20583011870770418,0.7967552747191062,0.025562023521483956,0.9779733343159928,0.13567773941150418,0.053100253318602644,513.9276675710478,80.66185478681587,38.53296557351229,20.569669496075075,1.9878839028596185,32.11,33.21
1590,26,30,23.256296396396394,77.4126,road,-0.06554483237073291,0.10579157627867279,0.0,0.07297070761946779,0.9598661108092927,0.9234977783671581,0.9468448415816023,503.2414349283431,463.18833698202684,38.68628879633376,31.191588683978654,2.7019293933121147,45.86,45.59
1591,26,31,23.256296396396394,77.41358060123792,built_up,0.06970822116567824,0.15075705359619038,21.209299723575484,0.8483368811917179,0.3213217181088003,0.8516403603728042,0.3173661698562174,512.2762727527469,122.19768547083925,37.613485973523424,17.462284195169826,1.1932881275761271,44.9,43.98
1592,26,32,23.256296396396394,77.41456120247584,built_up,0.18743473058690796,0.18032406094756193,22.14291331877598,0.8012944523622341,0.3378589180130114,0.7443754979931092,0.3084351667569782,502.4551057655445,88.66760713126848,38.466608859525174,20.10791918488948,1.9006923388672718,42.09,43.24
1593,26,33,23.256296396396394,77.41554180371377,built_up,0.06108320729972678,0.15838424542477778,17.85513162921352,0.6992308481750164,0.4368717172116057,0.8942829356569282,0.37059611100614903,498.0080324561635,797.0544482896462,38.093039293223235,30.70306391414173,1.7600890467094827,46.37,47.07
1594,26,34,23.256296396396394,77.41652240495168,built_up,0.0857028237858553,0.1799408357724574,18.484686380560444,0.8178630499957007,0.3653284586967601,0.7563173609312394,0.36836876092847315,496.8171056265533,30.474505828248027,38.05591434771023,16.281808138454593,1.8003842240595649,43.24,43.22
1595,26,35,23.256296396396394,77.4175030061896,built_up,0.14951003476430755,0.1666726229562896,12.893469718149834,0.7777670846662303,0.44329340625207486,0.8797074023202968,0.3210771397336936,493.3175684242947,314.1799095364555,38.23799473649336,30.440137225388586,1.6093791765615433,44.84,45.43
1596,26,36,23.256296396396394,77.41848360742753,built_up,0.05974808616578213,0.13467537385080303,19.688857999154973,0.7449869938091602,0.39336857341341214,0.7970045942347833,0.35955497299779376,497.9676366447687,36.54767371148881,38.549407623402935,22.257024626151363,1.395051197300316,44.61,45.19
1597,26,37,23.256296396396394,77.41946420866545,built_up,-0.015370434626342633,0.15874410005076522,18.58766541351361,0.7483223707799579,0.40254604193588706,0.8135877783254118,0.35684319448407054,488.99708682346204,34.743679093887465,38.21738189856164,19.460530851197454,1.229609946191498,44.01,43.22
1598,26,38,23.256296396396394,77.42044480990337,built_up,0.08202393198490009,0.14787059090966537,13.166787940559207,0.6561725834120276,0.5074371997177927,0.8317303581958382,0.3883407493164117,493.4951779770702,623.2698542110093,37.70554252737318,34.31413534833728,2.0612016267531192,44.8,44.27
1599,26,39,23.256296396396394,77.4214254111413,built_up,0.09472355843804485,0.13250924522829582,17.670084283657552,0.6300772672309582,0.4767566601863975,0.8172106400719025,0.40737439429875577,512.0381192159808,1000.028138182134,38.546253157710964,30.062212259448646,1.7031471432244187,45.15,45.16
1600,26,40,23.256296396396394,77.42240601237921,built_up,0.14602353139721885,0.08522267431880713,14.38503832724355,0.6698224145752562,0.4877472887111737,0.970782096320702,0.33747664101974223,505.9592343969854,793.8169383619797,38.3597212253841,21.30338809590446,1.2353097631163346,47.4,45.66
1601,26,41,23.256296396396394,77.42338661361714,built_up,0.10136740764387253,0.13929408129388368,13.51003479108195,0.5382064718842948,0.5688860925528183,0.9140921241017863,0.3253400885496984,485.06309444023157,850.0394176464015,38.12468577402254,31.95475241190075,1.931485553138098,44.99,44.68
1602,26,42,23.256296396396394,77.42436721485505,built_up,0.10512736454414218,0.163036769344441,19.050094408096243,0.6150723631860346,0.4712092561667185,0.8062509146665828,0.33725186926410106,506.5731214724413,393.5486205062268,38.3768689758994,25.367564472329892,3.3541932417977467,45.07,44.36
1603,26,43,23.256296396396394,77.42534781609298,built_up,0.08769238016547541,0.1679636547344201,18.236536092700028,0.6841037253432126,0.4413775901342327,0.903150026012277,0.24011269173937205,512.9077495165782,849.9101580201143,38.36085807016224,31.19072510349464,1.6145396372433598,46.75,46.9
1604,26,44,23.256296396396394,77.42632841733091,road,0.11007907630068026,0.07476096569259877,0.0,0.08931888425028199,0.9508746136623449,0.9336739082690242,0.9375660438146763,504.2196371236999,1098.2685357837377,38.51760512863015,29.182109049054848,3.129730072942422,45.89,44.88
1605,26,45,23.256296396396394,77.42730901856882,road,0.09470497769185712,0.11670158502172406,0.0,0.03533163162521105,0.980567602606134,1.0,0.8773986043525512,511.3494787332268,504.4478382781408,38.40084404400793,17.433032470746888,0.6437872033480762,45.97,46.36
1606,26,46,23.256296396396394,77.42828961980675,road,0.09206493819563093,0.09097670095826527,1.7637737032088467,0.025509710264960125,0.9683319223221835,0.9781438725547132,0.9680434655752127,499.3084107566878,1123.4515648726854,38.56616370430478,30.419459664035642,2.011905616256123,46.45,46.65
1607,26,47,23.256296396396394,77.42927022104467,road,0.16111630572692281,0.06976283028095374,0.0,0.0,1.0,0.9557987050042985,0.934897272984081,492.5884883685791,1230.1806460099342,38.48055714653028,27.11337496287243,2.772872611729155,44.27,44.18
1608,26,48,23.256296396396394,77.43025082228259,road,-0.052879767352901244,0.12352325317164976,1.5961640446426077,0.015823295352030597,0.9753355471099571,1.0,0.9879706902290984,500.4285222580552,648.2878855533855,38.82787763457076,26.16221213335584,2.1875364175710956,46.95,47.37
1609,26,49,23.256296396396394,77.43123142352052,built_up,0.10918222631749186,0.15801098712835976,16.69851127175505,0.48767230801346645,0.564795117875043,0.8408234239657721,0.30738526850303904,504.4877186128962,1212.5357943787203,39.133895277631076,26.311207949442,1.4985628401653055,45.11,45.64
1610,26,50,23.256296396396394,77.43221202475843,built_up,0.06353523913057507,0.11812196054124702,15.708118932622348,0.5539307906163262,0.5382568758347971,0.9213233331061651,0.4209181221659795,508.0056883890791,993.21690709829,38.493946269286184,31.155515423274046,1.7807385372697517,46.68,46.47
1611,26,51,23.256296396396394,77.43319262599636,built_up,0.18953449317095875,0.147221608717394,12.758627796370757,0.514102343117962,0.5896574333214133,0.8148249218774442,0.34974521010659765,503.70469452929814,197.07018857027992,38.25135475108373,16.31491701392726,2.3329484457838108,42.32,42.35
1612,26,52,23.256296396396394,77.43417322723428,built_up,0.05306444434594014,0.1463855304184219,15.306147373921231,0.5338284102139075,0.5533329006431386,0.862225406691417,0.3004591037203781,492.7057060985798,902.0246133916393,37.925263479155554,32.453123312320905,2.8632216331085205,45.78,45.17
1613,26,53,23.256296396396394,77.4351538284722,road,0.06063306691139968,0.11693909876545582,0.0,0.0,1.0,1.0,0.9717703293038624,498.69973565314876,447.3845799089437,38.75853932989424,21.921400206471844,2.8393037451157173,44.69,44.07
1614,26,54,23.256296396396394,77.43613442971012,built_up,0.037197732971595364,0.1401977108670222,13.866798213774857,0.5378595791301818,0.5655092493406515,0.8693992792194407,0.3351905455092526,495.9111608048594,2011.6804625082436,38.13900221825682,29.182776786856607,1.567444497759387,45.82,47.24
1615,26,55,23.256296396396394,77.43711503094804,built_up,0.04661196068432695,0.10124888914106309,8.81960115661413,0.47912780282743156,0.6482836968787713,0.8969991910333415,0.3269620924263522,511.82011633554606,1012.459779029448,39.43901871591212,31.089762054687984,1.770422813385378,47.45,47.27
1616,26,56,23.256296396396394,77.43809563218596,built_up,0.14657348400480455,0.11726836602417308,10.800056758111566,0.48853257247463033,0.6233065175578377,0.8741277333172448,0.3428417102973618,502.3397236054463,1338.2859862346472,39.61166932238656,30.991593290756004,1.753628768330067,47.35,47.34
1617,26,57,23.256296396396394,77.43907623342389,built_up,-0.005230340786402013,0.1297718765243258,11.097863626186262,0.44765580924927895,0.6428106686510339,0.8703438864259174,0.32980842257670945,483.9593789103053,953.7510367075888,38.41478829374336,28.73631077311333,1.4396698516480837,46.17,46.1
1618,26,58,23.256296396396394,77.4400568346618,built_up,0.016135638124501236,0.15488995943547637,14.147575812967634,0.34959189033216503,0.6662487021876329,0.8112883964979838,0.36413492093676825,488.7289989183875,1491.3304385901051,37.833999464558566,27.17281709710382,1.8256808263371944,46.6,46.93
1619,26,59,23.256296396396394,77.44103743589973,built_up,0.14295899209173332,0.13513953098320294,9.93713082459641,0.3299671904106862,0.7191467370281585,0.890701264738055,0.4301014791470542,514.3652095866812,1030.5229030341254,38.76151361045377,25.800060207968674,1.8070218018274555,45.21,44.72
1620,27,0,23.257197297297296,77.38318196286234,built_up,0.014439450936926126,0.165128726789844,11.323732633630874,0.45805815008449385,0.6348306911172196,0.8651375851648473,0.35372013856719225,508.22811042786026,1685.5942587284228,39.339515804405906,23.11031825283519,1.2635350159742247,47.55,47.15
1621,27,1,23.257197297297296,77.38416256410027,built_up,0.048638738917306246,0.11230662585840724,5.655746566638229,0.42974058298005813,0.7070852136945858,0.7953337420744333,0.36676787675988354,497.3130645212366,1010.9067999748847,37.975089703078446,25.257319591785013,2.386192365659348,44.61,45.45
1622,27,2,23.257197297297296,77.38514316533819,built_up,0.12871796574511285,0.15191764040101235,11.874346622842136,0.5442623083481986,0.5819122641800695,0.8869074458166517,0.3333655658502343,497.029973872383,1490.6821568216128,39.25922089421317,24.15448498089799,2.042401722983071,46.34,45.0
1623,27,3,23.257197297297296,77.3861237665761,built_up,0.09217074190276921,0.1063652086899807,14.665282953520386,0.5356897769510374,0.5587177931417255,0.9090694434002923,0.41170996006057853,516.553585036456,1933.3544261533925,37.760398885739114,23.498734912175582,1.4949851923911452,46.9,47.07
1624,27,4,23.257197297297296,77.38710436781403,tree,0.7404397069055833,0.17374716374127075,0.0,0.0005433922720022337,0.9997011342503987,0.07595680294559758,0.021742116217094182,484.89423201062067,896.9595465593329,37.91831957368103,35.21484192817618,2.2884061270633786,30.8,30.06
1625,27,5,23.257197297297296,77.38808496905196,grass,0.48871992293140093,0.18922254895108265,0.41422811309300245,0.021581350043962545,0.9839879763448905,0.15589838205128723,0.09850421571176093,496.9773914991147,1104.058443485945,38.62358545409706,21.122290990393953,1.6108848552581492,33.56,31.75
1626,27,6,23.257197297297296,77.38906557028987,water,-0.08709584964654875,0.09948124578165102,1.3435077141033642,0.07125027801498855,0.9473772699507227,0.0,0.016720843128919707,503.8992880721939,0.0,38.90668345646353,24.502038788522526,1.8293161619630787,36.06,35.99
1627,27,7,23.257197297297296,77.3900461715278,bare_soil,-0.01584058454973508,0.27817011667679103,0.0,0.08389777049618619,0.9538562262270975,0.2187645684913937,0.0,483.57883996163883,1251.3576197834566,38.47342423418909,23.05399186503241,2.5643835399284596,38.46,37.42
1628,27,8,23.257197297297296,77.39102677276571,bare_soil,0.16176895162461877,0.2735266944653938,1.5091887053890205,0.0,0.9849081129461098,0.2533607637584081,0.04970739343082121,486.88859702877664,230.4168167537473,38.679767785366735,15.91149447146099,2.467640497875009,36.81,35.61
1629,27,9,23.257197297297296,77.39200737400364,bare_soil,0.2418769033826117,0.30796589050081274,0.0,0.0,1.0,0.21038860328050607,0.0,497.4663408966012,876.3604051996214,38.94176511624895,23.846097444181815,1.8920870603069004,35.73,38.07
1630,27,10,23.257197297297296,77.39298797524157,bare_soil,0.11457369666811708,0.3137961484534748,4.586890597813759,0.0,0.9541310940218624,0.143467041809838,0.025553846199343033,513.0518409155418,670.4064076731817,38.98807429537468,23.558096969867556,2.343084981674689,37.19,37.68
1631,27,11,23.257197297297296,77.39396857647948,bare_soil,0.17102153352085278,0.25488593222397643,0.0531784202503065,0.0,0.9994682157974969,0.20054160302396234,0.005341800851376014,504.8649831932966,1733.0896246941793,38.25108007530357,31.6914200509963,2.1549156929281574,37.32,37.83
1632,27,12,23.257197297297296,77.39494917771741,bare_soil,0.09666627474543939,0.22000812557962926,0.0,0.014965881174421457,0.9917687653540682,0.2100950044128369,0.003703087588589767,511.9017195263708,884.2467859564651,38.154617916125694,30.3534674927434,1.5963690904406023,37.52,37.47
1633,27,13,23.257197297297296,77.39592977895532,bare_soil,0.11371222409283198,0.25666881619507087,0.0,0.01646159681589686,0.9909461217512567,0.21227089499336782,0.0,499.6450211235855,716.3365078657913,38.92143039826629,27.069603472694087,2.0920522966186548,38.17,37.1
1634,27,14,23.257197297297296,77.39691038019325,bare_soil,0.08252996853544944,0.25620067860552304,1.012704177762139,0.0,0.9898729582223786,0.17045032042861208,0.0,498.96011947389974,1222.6763617637382,38.681685486478266,38.82942848418122,2.4492578103958227,37.73,37.58
1635,27,15,23.257197297297296,77.39789098143117,bare_soil,0.132398404452809,0.27288633934076095,0.7712260614210514,0.06821925073338002,0.9547671514824305,0.22452070175900662,0.02040803926291433,505.1082360340791,653.6592847945107,38.735493243024194,27.93309297741974,2.340567694359871,37.28,36.96
1636,27,16,23.257197297297296,77.39887158266909,bare_soil,0.13104406924617135,0.2653313372836197,0.0,0.017141792619367203,0.990572014059348,0.21733400422177684,0.0,508.2865685488141,344.16747419551535,38.23552651998455,28.23950491695083,1.1799622158225362,36.22,34.49
1637,27,17,23.257197297297296,77.39985218390702,bare_soil,0.013716935288118806,0.2590865246243441,0.0,0.016901817774533756,0.9907040002240064,0.16239610651471897,0.04938756769983112,507.7103904204757,214.8721986631993,38.7552226170159,17.25744873031333,2.291107579880954,36.42,38.03
1638,27,18,23.257197297297296,77.40083278514494,bare_soil,0.07151358820468115,0.2960331895805096,2.4495994536199763,0.0,0.9755040054638002,0.21408354350147793,0.0,495.6118711208099,1196.6855176388335,38.062205585226366,24.781065603736895,2.1935495091842427,36.63,36.55
1639,27,19,23.257197297297296,77.40181338638286,bare_soil,0.30058620800516167,0.272835284975531,0.0,0.0,1.0,0.20330348440201523,0.0,492.6014105921616,409.06530669577006,38.59889657552621,25.867546849480853,1.0610325694876903,34.77,34.02
1640,27,20,23.257197297297296,77.40279398762078,water,-0.07626536402648547,0.07491773182830962,0.0,0.0,1.0,0.0,0.0,494.34284002889785,0.0,38.544708331275835,23.406916933918787,1.71517592847486,35.51,35.62
1641,27,21,23.257197297297296,77.4037745888587,grass,0.4361807423264706,0.16739539122747946,2.5623717476624357,0.020835990989253605,0.9629164874792862,0.030843351812640113,0.01538483975544413,493.6632093675377,906.7810118397906,38.547471511509116,30.28448928312565,2.4579695766678995,33.75,32.51
1642,27,22,23.257197297297296,77.40475519009662,road,0.007700866437140713,0.10781679998342115,0.0,0.0,1.0,1.0,0.9764932022873407,494.02093119160105,637.5918799695628,38.81247903963551,33.16240753844267,3.030881573818988,45.88,45.04
1643,27,23,23.257197297297296,77.40573579133455,road,0.08844707489084327,0.11167223038272775,3.891885466670226,0.14589254209589028,0.8808402471805581,0.9736939132044308,0.9266988102783654,492.08472598383423,591.3807192622636,38.09191855223873,25.131691995121518,1.1577454528158835,44.94,46.32
1644,27,24,23.257197297297296,77.40671639257246,grass,0.5248887030869787,0.20939518569810156,2.188389368675166,0.053822608544441,0.9485136716138057,0.045951488503448934,0.0,513.9574951156035,454.70408471330205,38.770770453329064,30.358036290398296,2.7301730271690725,32.63,32.16
1645,27,25,23.257197297297296,77.40769699381039,bare_soil,0.08038274777287777,0.24864480115287355,0.0,0.07539472104891384,0.9585329034230974,0.23427189908815632,0.017270493852431765,512.7081675487284,1162.8118075099596,38.50826037985441,29.222032691432503,1.053998833424202,38.69,38.67
1646,27,26,23.257197297297296,77.40867759504832,bare_soil,0.14004733264335145,0.36328358972608404,0.0,0.05490142485795966,0.9698042163281222,0.18035016974789364,0.04611393745677685,498.0129025314818,672.1055141958202,38.18337927192001,29.736808405684265,3.0018106063089642,36.18,36.27
1647,27,27,23.257197297297296,77.40965819628623,bare_soil,0.2634081545929531,0.30855555404143825,1.1921027817246284,0.0,0.9880789721827538,0.2094114352251613,0.0,507.0958107858963,850.9388198449201,37.97127258830246,24.544897452818248,2.0469924627089955,33.96,33.8
1648,27,28,23.257197297297296,77.41063879752416,bare_soil,0.1092218732451846,0.3299059596065113,3.80724017342498,0.007482329922297655,0.9578123168084866,0.22827555608272365,0.0,497.8225557816273,137.02346670993052,39.25547024609113,15.84506806982823,1.741277849711071,35.54,35.06
1649,27,29,23.257197297297296,77.41161939876207,tree,0.6912997806167401,0.17686833407232574,0.0,0.02884069874980613,0.9841376156876066,0.10110641352631372,0.019683290603627022,478.42206353249196,262.94633689244284,38.47221980241488,22.15655313481627,2.3974134017230835,29.79,31.83
1650,27,30,23.257197297297296,77.4126,built_up,-0.003603172742048799,0.12171142902389746,22.43788115664238,0.6643854728912633,0.41020917834338144,0.8091818737556321,0.3831827844741957,494.3845910436107,4.36227484357687,38.35801297482324,23.491364093906572,1.23972720673369,44.1,43.43
1651,27,31,23.257197297297296,77.41358060123792,built_up,0.20194437011645164,0.15135162180231573,21.10095731598002,0.8087389063062148,0.34418402837178164,0.8580848695799389,0.4005609963988849,515.2427728357383,452.31574320533093,38.042530304881154,25.52677573429408,1.8512308226706486,44.1,43.3
1652,27,32,23.257197297297296,77.41456120247584,built_up,0.07788095862877718,0.1387040375480472,17.57498993584873,0.827312019265738,0.36922849004535674,0.8628443841259529,0.42701891457771113,508.80213127436883,1084.3316091662673,38.935461655248844,30.43614076402292,1.5893067833459755,47.02,47.46
1653,27,33,23.257197297297296,77.41554180371377,built_up,0.008050146800825969,0.11581742227948844,16.67077136282557,0.8361559401125225,0.37340651930985685,0.8016411856934096,0.3124826260315695,491.02915666079554,1796.5136094393765,38.90443380252927,32.79749804520549,0.3,47.81,46.65
1654,27,34,23.257197297297296,77.41652240495168,built_up,0.07146608542003258,0.15589664049677193,15.428524046797108,0.8081447983872323,0.4012351204190512,0.7613166687378756,0.3108398901919822,494.149008804224,550.8571254914465,38.82740007141376,26.552808893774245,1.3031613295734348,44.95,45.87
1655,27,35,23.257197297297296,77.4175030061896,built_up,0.032415061154768436,0.18571994303287004,19.318765244168805,0.7149295588927954,0.41360109016727437,0.899880853853425,0.3342686171490777,495.2765069020791,912.8320487723536,38.47558674036698,22.244749489640927,1.7717328603069553,46.34,46.16
1656,27,36,23.257197297297296,77.41848360742753,built_up,-0.06716947455329185,0.1620445120018613,16.04638752477156,0.702306999162751,0.4532672752127714,0.9479068467461361,0.3287514891292076,507.64731706209915,629.3590241926145,38.80050317589003,22.74483761155493,2.2188194583828014,47.71,47.83
1657,27,37,23.257197297297296,77.41946420866545,built_up,0.1029794615209744,0.13248373226518756,16.832749716145877,0.802671398043962,0.39020323391436207,0.8965230034894116,0.33001276165595805,491.63299087448456,223.16972559504774,38.170471151045376,17.293909171429917,1.8137621924045366,44.37,44.64
1658,27,38,23.257197297297296,77.42044480990337,built_up,0.1388897162030471,0.17536075323999226,18.731857089968845,0.6334001986816289,0.4643113198254157,0.8876889540264357,0.4021431281441161,501.3884523654243,1531.562447272725,38.58704583079418,26.215944629983216,2.2238398084887994,45.37,45.06
1659,27,39,23.257197297297296,77.4214254111413,built_up,0.0007417606454665493,0.16054422561340925,14.545050469042735,0.7549433566606991,0.4393306491461881,0.8806430427870514,0.4220542326705091,503.9976687256658,366.3251482697691,38.47827048795958,27.855444735737194,1.2905252771572386,46.23,47.05
1660,27,40,23.257197297297296,77.42240601237921,built_up,0.05053578725473837,0.1324946827696172,15.567089592358467,0.7570112371568914,0.427972923640125,0.913781913838086,0.29013730220230594,500.3068811446612,626.5422196047409,38.60681882760247,27.936727018414622,2.0333075417245814,46.78,47.36
1661,27,41,23.257197297297296,77.42338661361714,built_up,0.03312228309196117,0.1531474997622153,20.242217535205214,0.7217823904788566,0.4005975098845767,0.9173534194471001,0.3212612860985736,500.29206218213335,239.66647029886911,37.77473573963297,18.91055617725735,2.01208529398374,45.93,46.39
1662,27,42,23.257197297297296,77.42436721485505,built_up,0.09436580423483398,0.14988352727321744,18.7342619523889,0.7303234155841021,0.41097950190485477,0.884448858197288,0.3155932054863647,489.18261828540625,909.8671290433831,39.247875333430905,30.71693991669003,0.9336397638357542,46.31,44.95
1663,27,43,23.257197297297296,77.42534781609298,built_up,0.17003126653167275,0.13925624368795275,12.259496472032987,0.7562814770810297,0.4614502228851038,0.8744702275080722,0.35684566064196505,490.656230791949,685.4673567299906,39.14741245413482,24.956905509004915,2.2436709631544556,44.67,44.36
1664,27,44,23.257197297297296,77.42632841733091,road,0.07121304973173317,0.12509062161660642,0.0,0.0,1.0,0.9491996648981617,1.0,507.1589918290889,442.8017003265111,38.039986646028616,33.05869757396083,2.396423527294434,43.3,43.2
1665,27,45,23.257197297297296,77.42730901856882,road,-0.04010817953130216,0.11833445246693784,0.0,0.0,1.0,0.9232392933219778,0.9095436510191303,501.3013612204842,599.2269291346672,38.730944666190915,31.7602634718281,2.031114768373358,45.77,47.33
1666,27,46,23.257197297297296,77.42828961980675,road,0.17979086316124163,0.1278276029800344,0.0,0.0,1.0,0.999908569432905,0.9341253162109193,510.6517995960372,901.3664965588232,37.905208275796426,31.467228488439776,2.02078713042802,44.64,43.37
1667,27,47,23.257197297297296,77.42927022104467,road,-0.08895121858166,0.07941727104747405,0.0,0.022101846918411938,0.9878439841948734,0.9273623785075626,0.956112703758343,489.31080143030067,791.3549341185749,38.533545550331446,25.361979069915815,1.5695205432892603,46.46,45.89
1668,27,48,23.257197297297296,77.43025082228259,road,0.052201559066892805,0.1538453095207388,0.6139385590129155,0.0,0.9938606144098708,1.0,0.942672878551688,506.18853414481157,509.69163043748534,37.621709152950224,27.534306851469108,2.5721532711632005,44.15,45.12
1669,27,49,23.257197297297296,77.43123142352052,built_up,0.08544669559354484,0.11596196196266166,15.32776756511179,0.6158311120980311,0.508015212694965,0.8252600362237723,0.327959683224533,502.8545457477117,431.55083535952315,38.38313423811878,30.891373761191208,1.912617447131904,45.28,44.44
1670,27,50,23.257197297297296,77.43221202475843,built_up,-0.011076621240129078,0.1505958925520371,13.9919598572488,0.5563839535832611,0.5540692269567183,0.876053520729062,0.37643001409721644,498.7119848673024,310.6792831980275,38.30489642514561,27.200343296151633,2.094949608586126,44.9,44.31
1671,27,51,23.257197297297296,77.43319262599636,built_up,0.041684791809731246,0.1575489179139617,14.341006658612454,0.522512031712126,0.5692083159722061,0.8107806757082437,0.3747129124102371,498.22678075550357,1276.3583893860682,38.962696688014745,25.203400293079405,1.8601296281495314,46.86,48.37
1672,27,52,23.257197297297296,77.43417322723428,built_up,0.13276014784631365,0.13061480749144447,16.112666483996748,0.544081315807791,0.5396286114657475,0.8633879118792019,0.2624500361955217,492.23262961341237,469.6655567855832,39.167390895589875,25.04294946713616,1.8956079671595492,46.7,47.03
1673,27,53,23.257197297297296,77.4351538284722,road,0.01088071665578583,0.11343053022961334,0.3881258126024347,0.014287347339562618,0.9882607008372162,0.9457527704366915,0.9776545185509935,514.4743075484128,779.3863349497057,39.17639513445905,25.237766549092825,2.012962774955004,45.51,46.28
1674,27,54,23.257197297297296,77.43613442971012,road,-0.009820090046018908,0.08944004528267381,0.21366956632622935,0.0,0.9978633043367378,0.8934835793458394,0.891729925101933,508.16152111573956,1625.0022751211704,38.96330351162034,23.356253159132073,2.8436441216942705,46.2,46.85
1675,27,55,23.257197297297296,77.43711503094804,built_up,0.1759933752774785,0.14678913316338132,10.475725205936593,0.4766834726047852,0.6330668380080021,0.7754306182510076,0.288804320418321,502.0421016845018,1281.6855272941034,38.532967054361734,39.48141525012721,2.187520596756428,43.38,43.49
1676,27,56,23.257197297297296,77.43809563218596,built_up,0.1975024133435746,0.13750719271442013,9.296224244279212,0.4796134628846831,0.643250352970632,0.8358770400443299,0.3303507329280621,502.749996539799,433.0339563798559,38.6553190230243,20.190723162287185,1.9749708014619107,43.01,43.09
1677,27,57,23.257197297297296,77.43907623342389,built_up,0.08784328596955769,0.1595468979715844,15.977845279655117,0.48834695939299033,0.571630719537304,0.9021560225259638,0.33224415838775617,497.56567780736617,1742.2984290997626,38.653374909726786,24.076837791917207,1.7561281813558764,46.88,47.68
1678,27,58,23.257197297297296,77.4400568346618,built_up,-0.0022950654978289436,0.1279057909326322,14.987187539498693,0.44938543881381005,0.6029661332574175,0.8357198984064372,0.3393867153373395,500.93721419877795,1639.5342310292156,38.027872634744156,30.384093195721352,0.9583039593539875,45.14,44.38
1679,27,59,23.257197297297296,77.44103743589973,built_up,0.13545389109939282,0.14034371724496883,14.63450758424069,0.4641382991515346,0.598378859624249,0.8929560083910415,0.30886522103628006,513.9084218674645,1234.7276521962465,38.95837039542974,25.274396855431863,0.8470894215908721,45.82,47.38
1680,28,0,23.258098198198198,77.38318196286234,built_up,-0.08489856083906884,0.1897858152040807,11.67546178785145,0.4154532888088266,0.6547460732766309,0.81971584674064,0.3675800747413747,492.8928886485017,861.9584336834057,38.77602303888662,26.59315124062111,1.7057135410740643,46.84,46.36
1681,28,1,23.258098198198198,77.38416256410027,built_up,0.046827313771298715,0.1312325886889329,10.63818558699508,0.4908026187460113,0.623676703819743,0.863553115239885,0.3657214695337713,504.8848177081383,1075.645056560928,38.79460102780909,29.580756297620344,2.515465022576399,46.35,47.27
1682,28,2,23.258098198198198,77.38514316533819,built_up,0.018781440252570628,0.19415517438130647,14.508381559829292,0.5417350746066605,0.5569618933680438,0.9017269210480724,0.33158514384538074,481.21617649336906,479.42911688729544,37.587411462326614,32.12941589507409,1.4621561673657653,45.12,45.58
1683,28,3,23.258098198198198,77.3861237665761,built_up,0.1181913228024942,0.136947562419905,11.403211190922022,0.3492455134010275,0.6938828557202146,0.8493436367877859,0.3067288579899079,494.20493935387265,1490.8196372116345,38.68109959075194,26.906322863237765,1.5801895961049952,44.77,44.28
1684,28,4,23.258098198198198,77.38710436781403,road,-0.03174851724504059,0.08198932083880424,0.4639508185252997,0.04361810458066546,0.9713705342953809,0.9598647052296602,1.0,489.7706465765987,310.53575627922646,38.90225647885488,31.688112236268235,1.5980777676232019,45.62,46.06
1685,28,5,23.258098198198198,77.38808496905196,grass,0.3576428401028846,0.17043448706768705,0.8413724129002906,0.0,0.9915862758709971,0.029490381807539046,0.045191867805424224,506.59159397752575,1534.7951124964275,38.493902697762856,21.21031939608512,1.4209689991085557,36.01,36.12
1686,28,6,23.258098198198198,77.38906557028987,water,-0.04748293211981357,0.052456896018722325,0.6902274111242632,0.024843578869621217,0.9794337575104657,0.0,0.0065900841561886015,489.9870541603065,0.0,38.299703429949844,17.576093053309723,1.6380176210692237,35.02,33.43
1687,28,7,23.258098198198198,77.3900461715278,bare_soil,0.14230723833528497,0.32522627963041584,2.8785990333045985,0.033042923886715946,0.9530404015292603,0.2039850019387388,0.006990779480987253,488.41920036889877,535.2398417478275,37.95503553609115,29.979275644430302,2.3227137551910007,35.49,35.41
1688,28,8,23.258098198198198,77.39102677276571,bare_soil,0.07182870872437852,0.2972427794662195,2.3623694287145662,0.03682867097632311,0.9561205366758767,0.2591333219034899,0.012890302061059192,492.13655853924894,899.8535258979038,37.92634044808318,35.892762477472075,1.8714612684853646,37.82,36.7
1689,28,9,23.258098198198198,77.39200737400364,bare_soil,0.07650977457405123,0.29973579975268294,0.0,0.0,1.0,0.2346811114835542,0.0,507.711812686578,222.859179627245,38.56173307698295,16.138432685644933,1.8776720816844188,35.69,36.15
1690,28,10,23.258098198198198,77.39298797524157,bare_soil,0.1383930580763295,0.2772730300803218,2.068354491059948,0.0,0.9793164550894006,0.12346044386043944,0.04000177543444547,496.8726228676065,823.105764257973,38.40609854551669,23.434231080233733,1.809145607674594,36.63,36.5
1691,28,11,23.258098198198198,77.39396857647948,road,-0.009584949654548293,0.1373843113948171,0.7480405260250977,0.012033204402852177,0.9859013323181803,0.9215189765912569,0.970060222128176,492.06229664994015,511.09372960361446,38.400489997715965,29.365608287734055,2.3289887762428485,43.65,44.44
1692,28,12,23.258098198198198,77.39494917771741,bare_soil,0.03807914011289096,0.2753037557624677,2.6611831501682754,0.011334749458159009,0.9671540562963298,0.17790895467517484,0.014365852724047546,500.82891177707376,845.284280957874,39.111569602664126,28.21272359884014,2.402197312296681,36.79,36.16
1693,28,13,23.258098198198198,77.39592977895532,bare_soil,0.13064006581558937,0.24880016938164923,0.266345900075527,0.0,0.9973365409992447,0.22878118042019893,0.0,509.42078264127133,438.46939435449394,37.997633949511965,25.126268070305983,1.0774477355354863,36.35,35.18
1694,28,14,23.258098198198198,77.39691038019325,bare_soil,0.22046549655160286,0.23082337969666258,0.0,0.014952851897050048,0.9917759314566225,0.23093574922122903,0.0,507.140848418063,357.7930436616253,38.361719213182496,23.133247463638043,1.7381103473712687,35.18,34.21
1695,28,15,23.258098198198198,77.39789098143117,bare_soil,0.09601848319307751,0.2709376617255289,0.0,0.0,1.0,0.1987666466745753,0.0053997138518907355,508.6254621096827,85.04648332870681,39.177643669744924,17.94442928260815,2.146366416664935,35.68,37.5
1696,28,16,23.258098198198198,77.39887158266909,bare_soil,0.08163556055581853,0.3161047367657064,0.7332221532108805,0.027468984307818602,0.977559837098591,0.22267168116697658,0.028314865897382163,514.5683999587815,745.7703289901585,38.37516311015739,30.084949479887523,2.4412348860116704,37.61,40.34
1697,28,17,23.258098198198198,77.39985218390702,road,-0.030680596610564326,0.12916392458683673,0.0,0.0,1.0,0.9985090500877859,0.9171458273912457,495.91764201744184,909.9457902899712,38.52651508576006,26.66719609908674,2.2766163463325126,46.68,48.48
1698,28,18,23.258098198198198,77.40083278514494,bare_soil,0.08708130172745568,0.30920155947971073,0.0,0.0,1.0,0.2953027932877661,0.0,499.78626776801366,1569.8349344631552,38.429962856222026,32.684649338671,2.693713287447823,37.62,36.23
1699,28,19,23.258098198198198,77.40181338638286,bare_soil,0.11828451312604366,0.32040312007191996,1.631187161012537,0.0,0.9836881283898746,0.1934677369268563,0.0,497.4471067209171,732.337018932435,38.782313814347084,27.45591102527712,1.3440628909226706,37.25,36.01
1700,28,20,23.258098198198198,77.40279398762078,grass,0.4638997745815545,0.2939757627146169,0.7023951653737637,0.03150726603969225,0.9756470520244317,0.15824815837049505,0.05162005246111166,499.31160746610647,547.8504267674175,37.67798332588898,30.406019908397393,2.4252523671505255,32.56,31.6
1701,28,21,23.258098198198198,77.4037745888587,grass,0.42896073106582316,0.2333263308740974,0.0,0.031246819526580233,0.9828142492603809,0.04954563448351504,0.03587393833634576,512.4165385712589,448.4563475356988,38.41865811578919,29.11389536309524,3.407193152834327,33.11,33.81
1702,28,22,23.258098198198198,77.40475519009662,tree,0.8305800976180067,0.18491014341986786,0.0,0.005830925115193315,0.9967929911866437,0.03442883779181069,0.0,507.0413988657852,1629.594657767369,38.52177787706307,26.385330733792433,2.225773755841603,31.29,33.19
1703,28,23,23.258098198198198,77.40573579133455,road,0.05882575620196015,0.12623962884069378,0.0,0.05788945494153213,0.9681607997821573,0.9780364190770112,0.9606888039278758,487.4782682602862,241.24166769751554,38.10071861297706,23.33247099320179,2.2243898013735994,42.86,43.67
1704,28,24,23.258098198198198,77.40671639257246,grass,0.47204118889087426,0.24721635203751974,2.3373493553237608,0.0,0.9766265064467624,0.02611101123759592,0.05336548404220855,494.02553289596136,926.181741220871,38.63743669873669,23.13085916987928,2.488074697811963,32.94,33.11
1705,28,25,23.258098198198198,77.40769699381039,water,-0.1978100925449211,0.07704770168799657,0.0,0.024023354850162253,0.9867871548324108,0.0,0.0,501.37018209236544,0.0,38.814551429796275,17.785718257870585,1.8628999107657016,35.42,34.59
1706,28,26,23.258098198198198,77.40867759504832,water,-0.03955270224201774,0.06924345039847549,1.9392041025386182,0.024288688744421444,0.967249180165182,0.06612025388571681,0.0,486.16080557764735,0.0,38.68077501613054,18.344434392987466,1.6105104387242848,36.43,36.17
1707,28,27,23.258098198198198,77.40965819628623,water,-0.0946929550922373,0.09554582727195482,0.0,0.0,1.0,0.043405178578230744,0.0,497.5541249429433,0.0,39.21171141129526,21.52615475070519,2.2348128879475357,36.98,37.06
1708,28,28,23.258098198198198,77.41063879752416,grass,0.3857997487901069,0.2569946412995294,2.5531243396854753,0.0,0.9744687566031452,0.09835547234588367,0.028541650681913448,501.4555820507483,82.72932128110597,38.32665610262508,22.523310807300042,1.195262874545701,31.92,32.71
1709,28,29,23.258098198198198,77.41161939876207,tree,0.6943111064142798,0.16934326407306563,0.0,0.0,1.0,0.0,0.023905963517178067,495.7802577587685,570.1599901039825,38.699430548849655,24.73928159429652,2.4375802452967132,31.25,30.8
1710,28,30,23.258098198198198,77.4126,built_up,0.058996939105343774,0.1285712756597783,22.260138254420227,0.7721112534350224,0.3527374280665354,0.8833895089936747,0.40531248013542864,494.9754503278273,332.8199375640457,38.690417609933256,24.175617003398653,1.881429362844593,45.53,45.89
1711,28,31,23.258098198198198,77.41358060123792,built_up,0.18372150649458208,0.1468692846544774,19.94408277527422,0.7756497585833735,0.37395180502640235,0.884352541521612,0.34841429545257663,485.3431764969611,185.62928621195888,38.405753539677484,20.314296969241425,0.927756839398695,44.91,45.16
1712,28,32,23.258098198198198,77.41456120247584,built_up,0.009009272586813014,0.14336722892817635,16.561235590686135,0.8122397566179574,0.38765577795326195,0.8522381710466898,0.3000796398568454,496.05969507509053,690.281350815542,38.95335957984845,21.849405526768923,1.734984280321658,46.03,46.12
1713,28,33,23.258098198198198,77.41554180371377,built_up,0.14887958214883795,0.112927363061782,15.904581786776731,0.8758082348071189,0.3592596529883173,0.8495116026752496,0.3536587574128789,494.0848715591868,509.590504542049,38.615294674319344,32.03134316416767,1.5395527169806895,45.07,44.71
1714,28,34,23.258098198198198,77.41652240495168,built_up,0.18290574059241055,0.147630958065708,21.08182446305217,0.7684741023903962,0.3665209990547603,0.7987098404688028,0.3226705332282802,491.05758259756135,535.3843982000776,38.01958219181454,27.104674306316607,2.3045762186971213,43.26,43.37
1715,28,35,23.258098198198198,77.4175030061896,road,0.10343332761900005,0.1148303282645247,0.0,0.0,1.0,0.9977722931422587,0.9004747178882551,490.92719137389554,902.3970959375697,38.80023825124554,23.321838538832353,2.985904565152326,45.79,45.7
1716,28,36,23.258098198198198,77.41848360742753,built_up,0.06333589625956415,0.13107637420949952,17.507737536018283,0.7793043941623047,0.39630520785054957,0.8582751336512183,0.32027674233336345,494.343262264412,381.3300327764663,38.300250382323085,23.242696825473512,2.051780515101716,45.88,45.18
1717,28,37,23.258098198198198,77.41946420866545,built_up,0.0981331845616185,0.1389347016950623,17.36692357491638,0.732937568327293,0.423215101670825,0.8481887797452908,0.3187846838974424,508.8564072987102,264.7568752238226,38.37089964510904,21.25253781409552,2.251245450187543,43.28,44.08
1718,28,38,23.258098198198198,77.42044480990337,built_up,0.08775323304104356,0.07818994261884893,16.885175572445302,0.663119757090518,0.4664323778757621,0.8010489115150354,0.4468874378786713,501.99620720504686,1146.249164818246,38.400523695669186,29.144297873659923,1.5580955298471877,46.34,47.76
1719,28,39,23.258098198198198,77.4214254111413,built_up,0.1313182149992472,0.16949728645994194,16.66848528140827,0.785801389833528,0.40112438277747686,0.8923343649288247,0.3516533980720921,502.10631699566085,492.4018879768564,38.7941165377004,24.92626209960677,1.791594508261806,46.51,46.66
1720,28,40,23.258098198198198,77.42240601237921,road,0.03313435109198258,0.1086919779473977,0.9538340780912264,0.0869986900705232,0.9426123796802999,0.9197392941520632,0.9956941905403522,497.05412413030984,1223.2756761695218,38.931594348535825,27.544507474071537,2.0015038570052557,46.16,46.12
1721,28,41,23.258098198198198,77.42338661361714,built_up,0.059993278219150445,0.1523826102962076,16.251430228521105,0.5935326677400364,0.5110427304577689,0.9369488438146993,0.3122898554591213,500.67106288925055,90.01687292930092,38.436205077269236,15.48317647827141,1.2884389953309185,44.31,44.99
1722,28,42,23.258098198198198,77.42436721485505,built_up,-0.0002200990892472221,0.13385180480932604,14.90468707846174,0.6088499523722306,0.5160856554106558,0.8482283692636408,0.29072373107608673,501.00379038731614,580.4296011829651,38.413263845751054,26.96634037259928,1.8141540267316196,45.8,45.97
1723,28,43,23.258098198198198,77.42534781609298,built_up,-0.06882436207007665,0.1243067029085047,17.298824314522406,0.6013128494062399,0.496289689681344,0.8755896097217905,0.3673071683965431,491.85822858438235,665.880353101773,37.68114192732989,33.90216887579262,1.716851669649131,45.89,46.92
1724,28,44,23.258098198198198,77.42632841733091,road,0.07949946500085936,0.08370733308618453,0.0,0.05751195589905707,0.9683684242555186,0.9371183967620395,0.9683663314320847,491.36647113366183,619.5190484024967,38.21606938934013,36.52224305577153,2.0523072954826973,45.73,45.83
1725,28,45,23.258098198198198,77.42730901856882,tree,0.7468036028744337,0.1078641963018988,0.0,0.021466596359318905,0.9881933720023746,0.06129220545991986,0.0,491.1633439553506,1042.2511322777773,38.12129384029662,27.152959584816063,2.1542339085683664,32.42,32.95
1726,28,46,23.258098198198198,77.42828961980675,tree,0.700655595748691,0.19636041604887017,0.950557838793769,0.0,0.9904944216120624,0.10362808714973251,0.0,509.5236317932152,1416.7164353134208,38.62447743405765,29.727369170004838,2.227976177862281,33.45,35.01
1727,28,47,23.258098198198198,77.42927022104467,road,0.0930068804694135,0.10458316539901107,6.3676978609199715,0.007592222954462178,0.932147298765846,0.992052823942323,0.9491175461904756,490.96186818354926,1431.6853561687901,38.457172609274565,29.569342250749138,2.6585606269948237,47.53,48.67
1728,28,48,23.258098198198198,77.43025082228259,road,-0.004344205779836283,0.1375883307811194,2.898882770796356,0.030166069027464354,0.9544198343269311,0.9454015362050848,0.9363568697795127,478.58339055454945,754.0161108113305,38.136465510716576,21.115858963551016,1.8155977763530626,46.04,45.9
1729,28,49,23.258098198198198,77.43123142352052,road,0.07816261126199901,0.10287484762754229,0.0,0.0,1.0,1.0,0.9478253724442615,514.8633294112689,555.0034910018902,38.56108131891048,23.40057632772611,1.4322201107715928,45.1,46.07
1730,28,50,23.258098198198198,77.43221202475843,built_up,0.09303390710787578,0.1269979422311892,19.480152417068936,0.57341964150035,0.4898176730041181,0.9564038068600591,0.3331948978039072,512.2206334068405,927.5085022788232,38.47293770343896,18.73743542139791,2.074823094499047,46.99,46.03
1731,28,51,23.258098198198198,77.43319262599636,built_up,0.13019933567273584,0.10340867066272849,14.902232887357451,0.4980760234472329,0.5770358582304473,0.8628548200352514,0.28926439787847386,499.2473358434286,1444.4633741704038,37.48383083507563,29.796294185592714,2.2547868336226817,46.39,46.21
1732,28,52,23.258098198198198,77.43417322723428,road,0.06285323273965232,0.07298149851227348,0.0,0.024847229023038403,0.9863340240373288,1.0,0.9114421585251933,516.7792326254109,921.5733299880321,38.9431682114773,35.78153606122398,2.4015717915464685,45.97,46.72
1733,28,53,23.258098198198198,77.4351538284722,road,-0.08752161202046196,0.06317358929859494,1.9248728734285312,0.006478402041751725,0.9771881501427513,1.0,0.9020750093320725,500.94795838531024,956.3736393867584,38.90435628920449,32.263346215679874,1.5028853074254522,47.61,48.99
1734,28,54,23.258098198198198,77.43613442971012,built_up,0.07141912861656549,0.12852178314059023,12.335613984541274,0.521526874505368,0.5898040791766349,0.8651290513919108,0.3601029140041297,509.64790007125697,380.5361984926958,38.40483211395523,28.17799764304043,1.7730787512680806,44.12,43.44
1735,28,55,23.258098198198198,77.43711503094804,built_up,-0.02870101207028415,0.17050895163163593,10.620438866699391,0.48090016513482414,0.6293005205088529,0.8193950180058611,0.32465950711632907,488.3338876942006,724.6021201713706,38.64103899984594,27.614066860789805,2.019451895764162,44.49,44.47
1736,28,56,23.258098198198198,77.43809563218596,built_up,0.11895986673677186,0.13988205681170074,13.977341293155263,0.4621459366936851,0.6060463218869205,0.8951422995390965,0.32966552498625856,483.13154159579284,1195.8754530465794,38.36989129055427,26.590524242742624,1.3133255502971308,45.24,45.24
1737,28,57,23.258098198198198,77.43907623342389,built_up,0.12604308614172083,0.1232228296274232,15.450851506732418,0.4314885790983533,0.6081727664285814,0.8835363406433666,0.41979103768628595,500.2938478749724,952.526045751553,37.85822072275179,32.23867179265306,1.4684078602124644,44.55,44.47
1738,28,58,23.258098198198198,77.4400568346618,built_up,0.07365969947155611,0.1888488616085539,13.196501357733705,0.5683038577708148,0.5554678646487148,0.8639625693972011,0.32384813360385023,495.33194451829434,1124.7809623976418,39.365489543384406,28.86262931324996,1.7365048131125438,46.17,45.08
1739,28,59,23.258098198198198,77.44103743589973,built_up,-0.042479356958181155,0.12575030489838118,10.794211626200312,0.4601513999342115,0.6389746137741805,0.9470909110200725,0.35219265953636714,484.6187273029891,665.238366705298,38.79990608733714,28.249840497617182,2.4895666846738247,47.53,47.98
1740,29,0,23.258999099099096,77.38318196286234,road,0.04573727171225482,0.11278984279036092,4.06113880578146,0.048003864918568694,0.9329864862369726,1.0,0.9413146763138995,508.792968292407,701.0378479729993,38.87624117356554,23.58688757535947,2.272504287994113,46.25,45.1
1741,29,1,23.258999099099096,77.38416256410027,built_up,0.13809765855762415,0.131527432905279,8.319856927723626,0.4784932853382186,0.6536301237867436,0.9198771809307192,0.33373592514736145,512.5020940019477,292.7609239865544,38.386182222337766,22.404306115392338,1.5992697253828185,44.71,45.73
1742,29,2,23.258999099099096,77.38514316533819,built_up,0.008192405793418275,0.13559821874743588,11.276754856214758,0.4284304301674581,0.6515957148457505,0.8566838859409112,0.32885638168678577,497.12820268957813,1231.6770454215434,38.95039070080156,27.40006278852927,1.7892674835845304,46.75,47.96
1743,29,3,23.258999099099096,77.3861237665761,built_up,0.03994778705171831,0.13681945516043081,10.853629065605046,0.41446113762871395,0.6635100836481569,0.8881851087336852,0.41831177763368055,508.51657596059135,1230.0569679123703,37.95190855306969,29.587875022574075,1.5579304865626715,45.76,45.19
1744,29,4,23.258999099099096,77.38710436781403,road,-0.008491706564158014,0.10139243827451778,2.642553151168322,0.0,0.9735744684883167,0.9618369887803074,0.9793646367897706,490.89375694252396,1247.6289218417323,38.40180516625987,31.996306583665472,1.9321535951592117,46.15,45.01
1745,29,5,23.258999099099096,77.38808496905196,tree,0.7426193562459413,0.13637002709212523,0.2174452753573343,0.0,0.9978255472464267,0.07080493379417666,0.046791547435650546,503.1915114701852,1043.9684026397135,38.79592502298624,21.460482744224883,2.631071208567743,33.7,33.67
1746,29,6,23.258999099099096,77.38906557028987,grass,0.46733227634535435,0.18471804733251987,0.0,0.0,1.0,0.15157693767435249,0.057329526239257605,505.443210800959,1836.1572879405119,38.24927713052836,26.817563160248035,1.0480014796202468,34.61,34.14
1747,29,7,23.258999099099096,77.3900461715278,grass,0.4302013521119791,0.2035297794336745,0.0,0.0,1.0,0.02382084395769961,0.05484412035872446,488.8388789526094,413.6965413389586,38.86428492009176,26.23753422045744,2.9889667578514016,33.68,33.49
1748,29,8,23.258999099099096,77.39102677276571,water,-0.10610319262629761,0.06763317191787,2.2141308944901676,0.0030230652500747475,0.9761960051675572,0.0,0.03886532038972317,505.83033107871023,0.0,38.621500990012684,17.884993285359855,3.4800552456773253,35.46,35.54
1749,29,9,23.258999099099096,77.39200737400364,water,-0.08486400132039805,0.05854769631244555,0.0,0.0934757330656255,0.948588346813906,0.0062135694225894005,0.0,500.67960980236495,0.0,38.58384695317582,15.532441219835277,2.2502898471670685,35.88,35.04
1750,29,10,23.258999099099096,77.39298797524157,bare_soil,0.07790373144279336,0.26407450091677,1.6416786453658192,0.0,0.9835832135463418,0.24953859204546458,0.0,498.0338655313967,66.97565375658235,38.21197322636745,17.08991513602371,1.6901820728147332,36.93,38.42
1751,29,11,23.258999099099096,77.39396857647948,bare_soil,0.05662490028393942,0.3189300057581486,2.611144684586802,0.05756611498890523,0.9422271899102341,0.12755058582307974,0.0,502.71898055064906,1195.8037069726222,38.66175052982087,23.606197839177284,2.830971198808528,37.72,37.14
1752,29,12,23.258999099099096,77.39494917771741,bare_soil,0.07202917889408252,0.2626323585236824,0.0,0.08291226452907706,0.9543982545090076,0.17625221004732416,0.011251692144510595,500.669156817781,1362.712178096183,39.27301837943502,31.299651851840398,2.323595792152045,37.69,38.53
1753,29,13,23.258999099099096,77.39592977895532,road,-0.027147993877944546,0.14504782502678462,0.0,0.058286012888886185,0.9679426929111126,0.8942350207447627,0.9458177739252758,513.0034977736232,1130.2918372745191,38.57011456207944,29.50966211848847,1.8602583984914902,44.94,44.14
1754,29,14,23.258999099099096,77.39691038019325,road,0.05527453731847493,0.07854754575127483,0.0,0.06721979105155794,0.9630291149216431,1.0,0.9856099698800225,500.59035049984595,612.5656199434427,38.7223862036771,29.232314237497036,1.5929540458485008,46.79,46.85
1755,29,15,23.258999099099096,77.39789098143117,bare_soil,0.1659996978285259,0.28778059103367915,0.0,0.0,1.0,0.2476954148659788,0.027601052465575357,495.1499036068172,1314.8321995734113,38.781408943941365,20.29209245898635,1.956497558014217,37.76,38.17
1756,29,16,23.258999099099096,77.39887158266909,bare_soil,0.13462874994399746,0.2879019651728523,2.2097389406120884,0.03343533101526495,0.9595131785354833,0.21468372395654226,0.0024565978582001217,515.8693132338763,330.088254393577,38.042234130815174,35.795374093392596,2.278049095452359,35.53,35.65
1757,29,17,23.258999099099096,77.39985218390702,bare_soil,0.1647583103396448,0.27748422500883024,1.1367840686579276,0.061671165918513654,0.9547130180582383,0.18442107865156043,0.03407345368534657,502.1244582440782,348.13103115255683,38.44696979639416,26.365886887847196,2.687718083870392,35.21,34.98
1758,29,18,23.258999099099096,77.40083278514494,water,-0.024514060076847533,0.10133563387021671,0.0,0.05517968886190399,0.9696511711259528,0.0,0.0,496.56620932355105,0.0,38.434790728385465,26.97852440573697,2.3417402351273306,34.88,34.44
1759,29,19,23.258999099099096,77.40181338638286,water,-0.12878100133198797,0.10275449350883131,1.4861503564725869,0.0,0.9851384964352742,0.09148587957281513,0.0,488.72788731154594,0.0,37.65003613776741,22.996528218093534,2.457772274533207,36.78,36.41
1760,29,20,23.258999099099096,77.40279398762078,grass,0.32103552355275244,0.2647545047899192,0.25438469131591623,0.0,0.9974561530868409,0.05257677487613143,0.0,503.0630636216283,79.2036774250912,38.815588956823994,19.073344910400298,1.9977200854064499,32.26,31.65
1761,29,21,23.258999099099096,77.4037745888587,road,0.0601253418417569,0.10085527545639277,0.0,0.02546729834307967,0.9859929859113061,1.0,0.9958321148818181,494.92977331015504,541.2202381668487,38.127270545664196,36.172817748995726,2.6977569757947197,44.52,44.82
1762,29,22,23.258999099099096,77.40475519009662,grass,0.4118803720481154,0.22488962426640383,0.0,0.0,1.0,0.07904997451144688,0.04173443776108844,500.02363973787664,781.1858879041878,38.77185324898499,30.2695210639354,2.0759672910740936,34.59,36.24
1763,29,23,23.258999099099096,77.40573579133455,grass,0.4435802050712449,0.202607419995716,0.4782072431436827,0.0,0.9952179275685632,0.1284578907889677,0.01858139248140634,501.6361552775963,610.0120024726309,38.19678902132916,27.086625265427372,3.296477593615943,33.13,33.45
1764,29,24,23.258999099099096,77.40671639257246,road,0.12609272906313235,0.12144751104688338,0.18304738267443002,0.0,0.9981695261732557,1.0,0.939191779183499,487.7961588325884,374.50239421018716,39.316845255597315,26.435597052877718,1.807010620008922,44.49,45.03
1765,29,25,23.258999099099096,77.40769699381039,grass,0.46148938766209285,0.19544482907041943,0.0,0.0,1.0,0.09720460528620904,0.07938567478861819,489.5075371105223,1461.1232806113417,38.38857726953314,32.12781502738289,2.4369966871589503,34.37,35.34
1766,29,26,23.258999099099096,77.40867759504832,grass,0.4480298807885275,0.23740633701857386,0.319590666344638,0.0,0.9968040933365536,0.04717111725070622,0.009028964814488425,507.9497585449357,275.5415299779513,39.268464432649154,17.853959761425507,3.5091422757809156,33.05,32.64
1767,29,27,23.258999099099096,77.40965819628623,grass,0.39865575437753503,0.22494552520834768,1.1821411194573408,0.022136043841575054,0.9760037646925603,0.050799744313814225,0.0,504.31247714570424,1106.004689869856,38.43091592065802,26.485739011658083,2.7980555135399188,33.7,32.08
1768,29,28,23.258999099099096,77.41063879752416,tree,0.6992819030774589,0.145659405465479,0.0,0.01970312866923653,0.9891632792319199,0.03834284216116833,0.0762877456605925,507.3997657552343,455.4145863054933,38.47861205566245,25.612203041425623,2.6357742060508906,31.61,31.61
1769,29,29,23.258999099099096,77.41161939876207,road,-0.08725937397776172,0.08923209113476639,0.0,0.0,1.0,0.9895410635932462,0.9584576832414091,486.60740105475827,742.2990310305756,39.12663623660372,24.977425248471764,2.3780989366158565,47.41,48.18
1770,29,30,23.258999099099096,77.4126,built_up,0.08096742237957992,0.15072924240525834,21.198079305528335,0.7736878897112385,0.36249086760353544,0.9129452844657909,0.34432825771651304,512.1003778125355,118.68194639312554,38.13297297386483,17.222133923615893,1.6626088464363995,43.53,45.34
1771,29,31,23.258999099099096,77.41358060123792,built_up,0.16629479641585343,0.11288047926897328,25.598619883180646,0.7590749784974619,0.32652256299458954,0.9028293360227696,0.3355042310522999,505.7201790693324,319.7374664371662,38.51998289443371,35.089826880167465,1.5311230063521284,46.06,45.18
1772,29,32,23.258999099099096,77.41456120247584,built_up,0.014526177478237187,0.05609509528062738,25.278666410584137,0.7996636660625405,0.3073983195597614,0.7028234961033472,0.3621043442585962,505.5166932522386,5.705161446368379,38.715814705921375,24.030305138913832,1.3468127623251591,43.93,44.92
1773,29,33,23.258999099099096,77.41554180371377,built_up,0.037498727725783686,0.1394047445888005,21.771686865305515,0.7890034264036552,0.34833124682493444,0.9231612652171243,0.39524876690120964,498.1697218058919,395.8191604965938,38.661515590790486,28.94131388522186,0.9452835080608449,47.18,47.41
1774,29,34,23.258999099099096,77.41652240495168,built_up,0.0663997496722188,0.15579447201185062,18.661289337244217,0.8032708492151495,0.37158813955922565,0.893170998807486,0.37123434213663536,497.7973715675814,676.5607753929119,38.517209132017705,25.810009923617635,1.9347507410634597,47.59,47.24
1775,29,35,23.258999099099096,77.4175030061896,built_up,0.21412905389173637,0.09530361317986966,19.47214619105543,0.8504983908692803,0.33750442311134154,0.7912705001957779,0.3900440036738366,509.07773795653304,294.2010264358722,38.46226979641374,17.79450889828133,0.9387315269930878,43.83,42.89
1776,29,36,23.258999099099096,77.41848360742753,built_up,0.12274170286509146,0.13186052296516612,17.843118125544077,0.729897615457791,0.4201251302427741,0.9156344545717315,0.34551515918402287,496.29349172279495,248.8587486697476,38.838576989370026,18.53350875513107,1.9898882428780493,45.05,44.52
1777,29,37,23.258999099099096,77.41946420866545,built_up,0.059540602646654645,0.10761393440208392,16.552998189409642,0.7392168145685045,0.42790077009322613,0.8702190709991255,0.39816156231371225,501.92783119633407,262.7651352015657,38.57071465642249,27.155816274331357,1.5534643239367025,46.17,46.69
1778,29,38,23.258999099099096,77.42044480990337,built_up,0.019337600371102513,0.14883460642419807,17.178245587920344,0.7162680571652038,0.4342701126799344,0.8631264758574049,0.37077556324978916,502.15788179309175,442.77603339747697,38.886551416230276,29.163662017523926,1.2586033236728988,45.67,46.77
1779,29,39,23.258999099099096,77.4214254111413,built_up,0.03191709175739409,0.12161645693371895,19.330149847505314,0.6864300770605618,0.4291619591416378,0.7826978603781269,0.39638298726048926,492.4609720621535,573.7485214008251,38.65675788490491,30.990155304919316,2.348493208827157,46.82,44.37
1780,29,40,23.258999099099096,77.42240601237921,built_up,0.10946978511256708,0.14009655126613335,10.751623452058142,0.7142415877977775,0.49965089219064096,0.9163231625062705,0.3814612891199943,483.00804814403625,1647.8755695723885,38.760082024778704,28.799340110725492,1.0642483054568252,46.41,46.87
1781,29,41,23.258999099099096,77.42338661361714,built_up,0.0004489068839414745,0.10764741621066365,18.63886743817141,0.7044541618196605,0.4261615366174726,0.8540167552619904,0.3272237503121423,510.64685382583855,592.7470619454463,38.9534252374188,24.45745633302072,1.387081501351253,46.58,46.06
1782,29,42,23.258999099099096,77.42436721485505,built_up,-0.013949020577473159,0.1769689984993539,16.969393694111673,0.7246476270100732,0.431749868203343,0.8786274311727912,0.4456649098482275,497.5202378256622,648.6343479791376,38.37596725379093,28.410249703344576,1.434446824494017,47.71,47.28
1783,29,43,23.258999099099096,77.42534781609298,road,0.0731898386375875,0.10088623142579878,2.0065942720757275,0.0,0.9799340572792428,0.9763608372087161,0.9458803012533417,498.8862782920949,230.3183040374924,38.942579745879264,15.696669303196678,2.2713661343806315,44.89,45.26
1784,29,44,23.258999099099096,77.42632841733091,tree,0.7743673703127779,0.1648666552868419,0.5006860001799649,0.0,0.9949931399982004,0.07501821039268987,0.07723843195615548,501.56083084170695,1117.6871780163306,38.43727410567149,32.78134043921839,1.8287223375597206,32.86,34.59
1785,29,45,23.258999099099096,77.42730901856882,tree,0.7286922103103752,0.1648197541822053,0.0,0.0,1.0,0.07840810659597675,0.024266081690767362,493.645883339504,614.2247004527845,37.939735679037824,25.00551004251522,3.07702909718285,31.1,30.45
1786,29,46,23.258999099099096,77.42828961980675,tree,0.6284449980554347,0.17446190434048747,0.003264669760622003,0.09042241001929695,0.9502350277917805,0.11742260304222378,0.0,501.61415535465426,863.086519011226,38.36832101814486,25.712435679921136,1.3498079400371075,32.99,32.9
1787,29,47,23.258999099099096,77.42927022104467,tree,0.7061737588341126,0.1749993442535635,0.0,0.09363542434416529,0.9485005166107091,0.029190787328302784,0.03363748574397073,479.7677589301667,1193.4479748516196,38.21091904946149,31.252713069793504,4.5554359737593195,30.06,28.64
1788,29,48,23.258999099099096,77.43025082228259,tree,0.7910552884351462,0.14843909912698133,0.0,0.02257517600631899,0.9875836531965245,0.050973034720622354,0.03865478362076893,497.7020714834018,1741.5346448850391,38.6501338540432,25.206731776634076,1.5569650696896067,32.75,33.14
1789,29,49,23.258999099099096,77.43123142352052,tree,0.6798155920716594,0.26074724139144645,3.1048097933728402,0.041605764369216126,0.9460687316632027,0.0,0.056387295347798905,504.8315074454449,221.66023945351492,38.385688762975086,19.123779389489275,3.8878029795850733,30.14,29.52
1790,29,50,23.258999099099096,77.43221202475843,road,-0.05427601843327344,0.12072883779246492,0.0,0.0,1.0,1.0,0.9146488284632269,496.35807245587154,542.877196331774,38.55114882860618,17.44923549645301,2.8558249437230536,45.95,47.37
1791,29,51,23.258999099099096,77.43319262599636,road,0.06061015547278367,0.05841625400536973,0.0,0.0,1.0,0.9643562262379053,0.9789219603903008,505.9271719619769,530.8435835090052,38.905687371877136,26.709604930865947,2.133825868838527,45.9,46.22
1792,29,52,23.258999099099096,77.43417322723428,road,0.061999317174955756,0.10444509733265184,3.4027124326960205,0.0,0.9659728756730398,0.8313476318858389,0.9857872403484389,496.32720640608727,785.7964840211805,39.09430958527459,30.37716654714935,2.3041831285333125,44.94,44.69
1793,29,53,23.258999099099096,77.4351538284722,tree,0.74015540833443,0.13725876260775788,0.1866339371966227,0.026724849744275844,0.983434993268682,0.06820320947315346,0.0,507.93545570816997,452.4048492210161,38.61708054355432,25.494394730388493,1.9596717717623202,30.92,30.67
1794,29,54,23.258999099099096,77.43613442971012,built_up,0.04246870205729996,0.13591995693418568,13.997496804300091,0.4973758919720449,0.5864682913723744,0.9114293449500797,0.36181144854404607,500.60526370959894,1109.479589620107,38.93425996103892,30.23711848224066,2.0098817760038123,47.28,47.61
1795,29,55,23.258999099099096,77.43711503094804,built_up,0.12397435585770203,0.14722324679423052,8.47126700562442,0.5551256662972845,0.6099682134802493,0.8559837604038049,0.3773941122888698,496.7524517917347,94.31396747471115,38.42914220215383,19.935368718325556,1.4835548871257327,42.85,43.47
1796,29,56,23.258999099099096,77.43809563218596,built_up,-0.05673457719246018,0.11166896631926691,14.024510981433545,0.5525911070436887,0.5558297813116356,0.8650985612637958,0.3079109036250334,493.72700685085084,1716.3263290445523,37.87473641384533,32.35133849801897,2.1589457916583905,47.28,46.23
1797,29,57,23.258999099099096,77.43907623342389,built_up,0.0013531477675070153,0.2030531864454309,17.157570496065595,0.5814782619602097,0.5086112509612287,0.8690350743742222,0.3363390072960602,502.85077012921226,1518.4914025076832,38.02827101389141,25.060077834983144,1.8553128116625024,46.05,45.92
1798,29,58,23.258999099099096,77.4400568346618,built_up,0.040953445652580855,0.10696390286521518,11.493823335957336,0.423171710593801,0.6523173258138361,0.912044323932518,0.3253428194508274,500.76513173277874,1583.9847705502793,38.42171643711915,27.033800268065658,1.3829009449279424,46.46,46.46
1799,29,59,23.258999099099096,77.44103743589973,road,0.10679053862075036,0.11625677845564164,0.9607405915331295,0.0,0.9903925940846687,1.0,1.0,485.03717542064703,2002.2042914151384,38.818237639021234,22.121379130710253,2.446848736222311,45.95,46.14
1800,30,0,23.2599,77.38318196286234,tree,0.6779604319877811,0.1978389266440582,0.1939043120397193,0.0,0.9980609568796028,0.03967410108615681,0.0,504.1906240851838,1005.5058030460151,38.422851525547266,27.631698381488953,2.4173763789561575,31.43,32.61
1801,30,1,23.2599,77.38416256410027,road,-0.04856533927946348,0.07894985934652893,0.0,0.0,1.0,1.0,0.9215552779760448,507.80353245389296,1060.6366264677135,38.974351982984324,26.313782566123145,1.7697188016397176,47.04,45.76
1802,30,2,23.2599,77.38514316533819,built_up,0.06263570468951779,0.1405029629088821,15.696264443387427,0.39345158439379024,0.626638984149541,0.9328183485709571,0.38840640435698537,499.8267480397008,1683.47243731399,39.2326592826906,31.84046958967011,1.6531440179765902,47.92,48.78
1803,30,3,23.2599,77.3861237665761,built_up,0.06065162887554125,0.14857035125980927,11.118827376785267,0.5233059015069237,0.6009934804033392,0.8146372197382166,0.34794528843993033,505.43311054660154,1587.7701444255624,38.14469008242435,25.50105905558807,2.1072893198143707,44.82,45.15
1804,30,4,23.2599,77.38710436781403,road,-0.01926930250613293,0.13259414705361097,0.0,0.0,1.0,0.9425968176384606,0.9833863990430527,499.90226496817724,767.8920665559128,39.349944288573404,26.305084655468146,2.854442934021858,45.64,45.19
1805,30,5,23.2599,77.38808496905196,road,0.0333286994094605,0.11067199019050265,1.5547463721608155,0.0,0.9844525362783918,0.9748823521582741,0.9549710908616609,489.07703868916593,317.56557056922975,37.846102312086956,25.299279302916936,2.1014971724858267,44.52,45.25
1806,30,6,23.2599,77.38906557028987,road,0.008117494861056625,0.11025572849810375,0.03011506263882402,0.0,0.9996988493736118,0.9501332703516437,0.9341929471408291,502.38817409078996,1601.1330133357446,39.23953374405053,28.108658170666775,2.7580608628688132,46.78,46.44
1807,30,7,23.2599,77.3900461715278,tree,0.5867761868133528,0.19869006363905475,0.0,0.02628611405494178,0.985542637269782,0.10927716686304945,0.0,507.554437423178,323.51680652765947,38.4865903226141,35.954059135888095,2.883464858946759,32.62,30.99
1808,30,8,23.2599,77.39102677276571,tree,0.7276559539660353,0.1727244969199205,0.11569867001847083,0.0,0.9988430132998153,0.07184417280251007,0.08345149062059123,492.22514503346895,1017.0767282757732,38.40686248256579,14.009135542311993,2.9805790956487894,31.88,28.79
1809,30,9,23.2599,77.39200737400364,grass,0.5013523872647409,0.2110977781550365,3.4009823038916434,0.0,0.9659901769610836,0.09418526484006026,0.0,501.0127228565583,895.4811689461849,38.49679227188746,27.808710580382346,2.4168581880636832,33.54,32.45
1810,30,10,23.2599,77.39298797524157,grass,0.488154074690692,0.2009138187873312,0.0,0.023124605894999078,0.9872814667577505,0.1698595245037282,0.05516040990523936,514.7792979888892,1143.3391605602146,38.180012206140475,32.69755896570341,1.6505108597873681,33.38,32.89
1811,30,11,23.2599,77.39396857647948,grass,0.48115757135126214,0.24037878642009758,3.720426889447908,0.061878503305859325,0.9287625542872984,0.04575608834456152,0.06202327550440284,502.12285204638806,740.3836457573123,39.10062220005658,25.941805106555112,2.6568508994841453,33.24,33.39
1812,30,12,23.2599,77.39494917771741,grass,0.34362425067255475,0.17379517269219164,0.0,0.0,1.0,0.08281215906230428,0.058573650110478284,495.35234941235075,850.8481838299326,38.223198519748514,30.1079868552824,2.085160086095285,34.1,34.64
1813,30,13,23.2599,77.39592977895532,grass,0.385802882503256,0.22896301854912496,1.270338478673915,0.0,0.9872966152132608,0.06240568517010058,0.0,504.0737183745428,862.8358914809427,38.27419540185447,32.70950206464362,2.491179866749072,34.11,33.88
1814,30,14,23.2599,77.39691038019325,grass,0.44701729234586524,0.21615155385576043,0.8070885885814774,0.017142574600570275,0.9825006980838716,0.07522112530932287,0.004576127845183388,499.528038439705,657.6808909595247,37.948299544792675,26.895302048958094,1.809839675406971,32.98,31.71
1815,30,15,23.2599,77.39789098143117,grass,0.5736409335029591,0.2084831598288676,0.724163280285947,0.02329632441415746,0.9799453887693539,0.1700262145307096,0.0,510.71718263313335,650.566281551508,38.20773461770527,25.389718772340196,1.825138274265829,32.63,32.29
1816,30,16,23.2599,77.39887158266909,bare_soil,0.2700807137787842,0.2908780665767845,0.0,0.0,1.0,0.2668134678664127,0.01326164617644908,499.5229967392232,1055.4783793983086,38.21990199182999,31.74165255091201,1.7791642119159985,34.67,34.47
1817,30,17,23.2599,77.39985218390702,bare_soil,0.09930013855994675,0.27367800472651194,0.0,0.08644103904831951,0.9524574285234243,0.13886943603762342,0.016778666390539536,503.83907638465547,660.8699662577736,38.19305476400451,29.98148473139373,1.3782962015692268,36.43,37.99
1818,30,18,23.2599,77.40083278514494,bare_soil,0.044768232270610595,0.250037079168666,1.306292295891546,0.0,0.9869370770410846,0.09639913887557677,0.025479132911563965,493.02003696035376,955.0208917546686,38.42971792085103,27.75052249848941,1.838295535238231,37.47,37.97
1819,30,19,23.2599,77.40181338638286,water,-0.11209727789345708,0.0725056301445859,0.1305954575426864,0.0,0.9986940454245732,0.0,0.0,490.84525660183544,0.0,38.05409989544604,22.444991016404007,1.5793980221268276,36.05,34.56
1820,30,20,23.2599,77.40279398762078,bare_soil,0.10155726117071458,0.2365169019504728,0.0,0.005060128246095379,0.9972169294646476,0.17769547732440566,0.02599263545582757,504.5922907961011,1783.6928504511766,39.137807875975874,31.841326877383974,2.5369323508246415,37.83,37.55
1821,30,21,23.2599,77.4037745888587,bare_soil,0.1890386520816435,0.2309088896690999,0.0,0.0,1.0,0.22875354612123197,0.0,495.7499826864133,67.64749672750395,38.43887974457984,19.78792010509795,1.5610728972663694,35.63,36.26
1822,30,22,23.2599,77.40475519009662,water,-0.1361359434094905,0.06305103358243767,0.0,0.0,1.0,0.049101286970044636,0.018888554513335404,488.4093618182844,0.0,38.64961367268779,21.22183113968359,1.7983413805735706,37.07,37.09
1823,30,23,23.2599,77.40573579133455,grass,0.35608470721544705,0.26026767178079896,4.035270932891568,0.0,0.9596472906710843,0.057367741632266614,0.003429226896176942,496.3700633417936,444.57628076993353,38.84471650123592,30.089870880663977,2.166367438978718,34.32,32.86
1824,30,24,23.2599,77.40671639257246,grass,0.5322281788443797,0.2486680543092719,2.427511259335239,0.008528913533642414,0.9710339849631443,0.04231941380291418,0.0,500.48577010521944,130.84442093727466,39.309974988559354,18.152528997050048,3.249365569326542,31.61,32.35
1825,30,25,23.2599,77.40769699381039,road,0.0482389770331264,0.13415370564231044,1.363363479895812,0.025259473645916616,0.9724736546957878,0.8866858675021799,1.0,487.46091735974386,365.0467493143979,38.86395318697392,32.75188827609834,1.76508618436341,44.09,44.42
1826,30,26,23.2599,77.40867759504832,road,0.06711261262716445,0.1207579257795447,0.0,0.0,1.0,0.9943535811203391,0.9704338005507795,491.1423692430974,609.4334044723358,38.40086760839159,23.876373112467768,1.3706668145242,46.13,45.99
1827,30,27,23.2599,77.40965819628623,road,-0.06091640878164384,0.1287316777191137,0.0,0.00402567289591024,0.9977858799072493,0.9756301153852247,0.9964262931164507,501.9370402296027,85.30188642212784,38.070905326295424,19.474999523639983,1.4116329769884073,44.94,44.21
1828,30,28,23.2599,77.41063879752416,built_up,0.10157556233265044,0.20427239717662937,20.922334239931132,0.7961144006698084,0.352913737232294,0.8083193514331012,0.32534033997569134,505.43994337308186,86.33274366591286,38.63523785465385,23.070019650292803,1.247838375880526,43.64,44.55
1829,30,29,23.2599,77.41161939876207,built_up,0.08016132566474812,0.18312856737018235,19.71199445091616,0.7580797861133751,0.38593617312848205,0.9588923926336305,0.42049793191783635,504.00941246703275,966.1619769170054,38.92491864521563,23.774283207244096,1.3623255894228408,47.58,45.95
1830,30,30,23.2599,77.4126,built_up,0.06398121913194164,0.16173363432996352,18.541150487048117,0.7572292485022524,0.3981124084532799,0.9795961305420338,0.2937384773350678,502.38046504846324,442.93834258908555,38.55677270269531,31.485316313816703,2.720194775416705,45.3,43.9
1831,30,31,23.2599,77.41358060123792,built_up,0.1109603350513711,0.1373094720142446,19.137888860286758,0.818956962347763,0.35819478210586275,0.8739934240670393,0.34992734554279076,499.45311083340084,332.2707002222256,38.52608643769434,28.761175867000368,2.066347375357233,45.97,45.31
1832,30,32,23.2599,77.41456120247584,built_up,0.20082094818184268,0.156070974479071,19.594293839974434,0.7678493866395127,0.38173989894852367,0.7998192903575078,0.38439945792190144,498.7211009193237,667.1008347813712,38.58539383882816,33.3007147994592,1.5136635170889596,45.02,45.29
1833,30,33,23.2599,77.41554180371377,built_up,-0.0011290080220689863,0.18640564531929898,21.06148399359466,0.7820559923965079,0.35925436424597407,0.8733812709211454,0.3796401743813926,489.30415559668427,1223.7662594363455,37.752085620901994,30.451139841178854,2.4629259644937314,46.65,45.42
1834,30,34,23.2599,77.41652240495168,built_up,0.108995659884978,0.1188769313740189,15.802574731766686,0.8225003897821889,0.3895990383021293,0.8605579598613502,0.36930403611728374,500.2133164364502,88.23475959817813,38.55858741894954,19.348898065008676,1.3850394722178327,43.83,43.34
1835,30,35,23.2599,77.4175030061896,built_up,0.11051706739568704,0.13407394582548632,18.225839525552264,0.8790320136765122,0.3342739972223956,0.8934534568882354,0.387070596390317,521.7641850195005,633.7082923273691,38.79291000385651,28.92641956539976,1.4331167100069997,46.44,46.13
1836,30,36,23.2599,77.41848360742753,built_up,0.08718245218695879,0.11962377951826275,16.88470116457377,0.6448630657420693,0.4764783021961242,0.8895211669403287,0.299323160107584,507.22188785564606,448.19261900448447,38.481726769684975,29.070091438208884,1.5157672889354923,46.47,46.78
1837,30,37,23.2599,77.41946420866545,built_up,0.08768352288586194,0.13872896209566804,21.21728035070657,0.7947267477445479,0.3507274852334329,0.8485554297172688,0.31403983694346815,507.3911128426563,10.702413024602606,38.94940392080897,28.093114887556027,2.084739913056299,44.73,44.48
1838,30,38,23.2599,77.42044480990337,built_up,-0.013291677467089674,0.15495049605463185,20.534332551364244,0.7010367470362793,0.4090864636164039,0.870225884411738,0.33337304753049196,505.77594678948657,1073.789013185803,38.96275444248711,28.338762348510173,1.6479356289142901,49.25,49.0
1839,30,39,23.2599,77.4214254111413,built_up,0.06422808713107864,0.10917190526832414,13.581544708684355,0.754611802727232,0.44914806141317876,0.7931716754146086,0.36488096964809463,506.2192565475401,303.90750195188537,38.29844056086016,27.44802402283175,2.4203706260931543,44.76,44.12
1840,30,40,23.2599,77.42240601237921,built_up,0.07002734898920265,0.1699713034252032,14.939650215233325,0.6498781765307614,0.493170500755748,0.8382804389395464,0.4011165064830549,512.8858487568289,533.451202254252,38.676715729711105,27.218123847707698,1.961600275335598,44.65,45.63
1841,30,41,23.2599,77.42338661361714,built_up,0.037272702317311994,0.17192343847758756,12.522909197776055,0.6947806751681175,0.4926415366797747,0.8478043203580398,0.4017531137409752,511.16014831710703,139.8627047484439,38.517102547231055,20.755423845968497,2.1882275605811503,43.85,44.44
1842,30,42,23.2599,77.42436721485505,tree,0.7300606821284985,0.1628818697327538,0.0,0.03086938872789873,0.9830218361996557,0.03325529389540338,0.027757018261120998,507.6581773222381,1396.9921168675057,37.68858693015103,23.46275019340092,1.1027821815456595,30.85,31.41
1843,30,43,23.2599,77.42534781609298,grass,0.4673208086885673,0.22353296221120417,0.0,0.079289922705536,0.9563905425119552,0.12478505339140744,0.035449004979467694,500.68039377757356,848.0222629946318,38.42512533421446,26.468943274121692,1.1599206791925836,34.57,33.87
1844,30,44,23.2599,77.42632841733091,grass,0.496307429392844,0.24686651590391778,4.0270047395165145,0.01213442542563081,0.9530560186207379,0.1877100609632702,0.07230893117930245,499.5189489506442,137.70706675719623,38.087639650804306,15.951459548980374,1.1777213115766316,33.18,32.72
1845,30,45,23.2599,77.42730901856882,grass,0.45513373585781897,0.2667543341467097,0.0,0.004123132373127604,0.9977322771947799,0.1082609454660888,0.067685063673248,496.8975076177336,289.5721944842838,38.5535958109151,16.47414212734378,1.9413715404817509,33.7,34.13
1846,30,46,23.2599,77.42828961980675,grass,0.4842001290734241,0.1976983894288719,0.0,0.09201859622139325,0.9493897720782337,0.14635153310687762,0.1053355114166875,506.9921020241243,1092.7308008056166,38.773100226891856,31.216400658240026,1.250845979516156,34.69,34.16
1847,30,47,23.2599,77.42927022104467,grass,0.47217213800522145,0.21441915155313165,1.2802664547627414,0.0,0.9871973354523725,0.04653854137603909,0.01671096732315703,510.33193833081117,164.62926774422692,38.412952673923776,20.105084615810814,2.9291141326972983,32.09,31.26
1848,30,48,23.2599,77.43025082228259,grass,0.377009000951994,0.23773927488138466,0.0,0.02427475225797325,0.9866488862581148,0.1494928715939723,0.048461299370315125,494.9420353705724,1450.583786718617,38.139986142567246,25.032573555085897,2.0693753564364177,35.76,36.02
1849,30,49,23.2599,77.43123142352052,grass,0.49452736095621064,0.22080483562568734,0.0,0.018699626973849467,0.9897152051643828,0.0844008149870848,0.0,506.00126197009337,1182.7726636373636,38.593586506682506,27.398875481896972,2.5586354580853183,34.85,33.67
1850,30,50,23.2599,77.43221202475843,grass,0.3119360420581965,0.2353202842797176,4.391208847224279,0.0,0.9560879115277572,0.09633543545546447,0.022720707434637652,513.2832954749671,1426.158947027719,39.47748217845566,27.015789165680996,1.8711824906801693,35.88,35.69
1851,30,51,23.2599,77.43319262599636,grass,0.3972950312092542,0.23026355570075577,5.756680330693815,0.0,0.9424331966930618,0.09944231081703339,0.05054029213950476,495.11956360224593,1775.5712386930725,37.63108271800665,28.210768996241942,2.6328266643071894,34.78,35.58
1852,30,52,23.2599,77.43417322723428,grass,0.42163990198298873,0.17832894612627417,0.0,0.0326510043093085,0.9820419476298803,0.06009129371228733,0.042087975554684104,504.5004035211333,317.7869464043348,38.59312203342242,21.971582654806262,1.0136134422837497,32.46,32.59
1853,30,53,23.2599,77.4351538284722,tree,0.6861778669443466,0.190469125786142,1.7560304000087856,0.0,0.9824396959999121,0.057588615512401437,0.008642550010169532,505.82280136640475,1210.2450282744276,38.28248621979972,23.634955301286652,2.155418663231419,31.87,30.93
1854,30,54,23.2599,77.43613442971012,road,0.007591019088259647,0.12435331553588473,0.0,0.02286809771782393,0.9874225462551969,1.0,1.0,497.3099020631671,908.1882664573393,38.3295671626051,22.234157457809495,2.487852331693748,45.11,45.54
1855,30,55,23.2599,77.43711503094804,built_up,0.041166103976472544,0.10901528906632417,11.859185474944507,0.5341644267172276,0.5876177105560796,0.8868730765674653,0.3618271937874932,497.63388095576073,760.4192882211429,38.458123941591616,24.401623611590573,2.130206379949199,45.68,45.14
1856,30,56,23.2599,77.43809563218596,built_up,0.024990169372278506,0.12329337197110983,9.49853002945189,0.5558386832281955,0.5993034239299735,0.9418575743161022,0.2725654898600029,502.3141091028049,1171.737030112023,38.362377348882816,25.10911197196937,1.6873294906551837,45.89,46.65
1857,30,57,23.2599,77.43907623342389,built_up,0.09252852737540793,0.12221767036360977,15.028648542528826,0.49550600839158704,0.5771852099593389,0.9017060876981916,0.32049952082348776,488.9345375627366,1281.128088472481,38.74072155530946,23.861814985838542,0.974948482614697,45.96,46.42
1858,30,58,23.2599,77.4400568346618,built_up,0.02222337645090481,0.1716379881750162,6.891823828054539,0.43859152424579595,0.6898564233842668,0.8192039076173466,0.33670493432671345,502.08879257570567,1290.077462929631,38.40328390952955,31.057664624791663,2.4585752633295987,44.65,44.34
1859,30,59,23.2599,77.44103743589973,built_up,0.11838425613888176,0.16264959092868897,11.515576580674235,0.5544901127544752,0.5798746721782962,0.9193545166978494,0.3375204713735455,498.9050104628642,953.7199698262693,37.63524985801833,35.359795150884814,1.6344786347086377,45.03,44.36
1860,31,0,23.2608009009009,77.38318196286234,tree,0.7417979168316347,0.1508418650957145,0.0,0.0,1.0,0.030066993561341182,0.0625903673589601,498.78319183880427,1100.9184403318122,39.01186773178477,31.302326509669083,2.016769293934046,32.36,31.6
1861,31,1,23.2608009009009,77.38416256410027,road,0.046689548631330666,0.07993287701614618,0.06321553161059301,0.044516474774941264,0.9748837835576764,0.9953281583305991,0.9891265892504684,510.1130552501493,1452.0262619662312,38.95171140229979,25.73840347926894,3.4960460518854086,45.88,48.21
1862,31,2,23.2608009009009,77.38514316533819,road,-0.012802021450803516,0.0996759390913922,4.828722132416589,0.015708425666424896,0.9430731445593005,0.9890478294886198,0.9156016263850417,499.26831075507744,1450.6513033227513,38.257296926994634,28.840749207404514,2.20654507788492,48.39,46.33
1863,31,3,23.2608009009009,77.3861237665761,road,0.030890742629788023,0.09441865295448057,0.0,0.05959126590080487,0.9672248037545573,1.0,0.9713616090744894,503.52705711158933,472.6839473641003,38.51990877399871,27.73434810467885,1.863892416254328,45.13,43.55
1864,31,4,23.2608009009009,77.38710436781403,road,0.04634094520495598,0.14204022431690372,0.0,0.048871403118041196,0.9731207282850773,1.0,0.9831069137022682,500.4074918924567,1479.2275603277108,38.987035630913496,25.5647192653321,1.8327901456934366,45.79,46.78
1865,31,5,23.2608009009009,77.38808496905196,road,-0.05788089680523835,0.11099437160520136,1.7825371526938012,0.01481497631229768,0.9740263915012983,1.0,0.9437160469921542,495.62035781595955,188.13474093698562,38.91326553861232,25.29886809108762,2.560223985993374,45.98,46.78
1866,31,6,23.2608009009009,77.38906557028987,built_up,0.06362200997762613,0.15550624840459887,15.161347190493245,0.4436437788070435,0.6043824497511936,0.9087662563163316,0.31102316715481143,499.0308148696427,695.0033192297512,39.04294767787138,36.02885236839342,1.4372726670493305,46.42,46.74
1867,31,7,23.2608009009009,77.3900461715278,road,0.055034993029943226,0.11282224152625535,1.6949213884245982,0.09219023072621922,0.9323461592163335,0.9998926236503374,0.92693281445463,503.6885522204444,1923.7224472126763,38.64979100203538,22.119962747025202,2.4391793505113735,46.17,44.38
1868,31,8,23.2608009009009,77.39102677276571,tree,0.7593804158297375,0.20837080827179968,0.0,0.01934392994786878,0.9893608385286722,0.03659911250371732,0.0,499.8214613819286,977.2134507444719,38.80781342640986,33.76106900975462,2.8486310593836106,31.86,32.34
1869,31,9,23.2608009009009,77.39200737400364,tree,0.6825364858804817,0.18565391280626184,0.0,0.03512194372580585,0.9806829309508068,0.06137874204102866,0.03503693435397189,507.8351037494933,1172.1206798123467,39.06350731672661,25.636075234514504,2.130432962686384,32.59,31.71
1870,31,10,23.2608009009009,77.39298797524157,grass,0.44963493644345226,0.157392251499508,1.2843199844875255,0.0,0.9871568001551247,0.09568810876498535,0.044841879410391174,510.6642321903297,1787.5534910653628,38.36268571066408,26.950727509316305,2.778349564536659,34.67,34.58
1871,31,11,23.2608009009009,77.39396857647948,tree,0.6647269027877151,0.14052411370912607,0.8142929229670621,0.012121387701894717,0.9851903075342873,0.0,0.019335879922796666,504.78032756597406,223.06910079348518,38.67624867240668,21.13071030858564,2.1459063423422897,31.73,32.1
1872,31,12,23.2608009009009,77.39494917771741,tree,0.6603248764721453,0.16067520193913243,0.0,0.034698575288773265,0.9809157835911747,0.033675966321237136,0.02221267304098018,517.9694226419197,331.7468100199045,37.64136394676935,34.19063043247118,1.7738816679550709,30.41,30.87
1873,31,13,23.2608009009009,77.39592977895532,tree,0.6808203961619227,0.2003426662287274,2.470107977831901,0.02074004368229974,0.9638918961964161,0.14044837843826674,0.03269823739487957,484.19117053192156,830.1616268753712,37.86806364180247,29.124997186443082,1.1839038520603888,32.64,32.05
1874,31,14,23.2608009009009,77.39691038019325,tree,0.6857409825541494,0.22151435246566825,2.4115601605375674,0.0,0.9758843983946244,0.1175159031793771,0.05757471075194985,497.40430296719336,714.2104147673224,38.6999933862127,29.649829682658662,2.342252215181671,32.23,33.39
1875,31,15,23.2608009009009,77.39789098143117,grass,0.5335306224681913,0.1608546425267514,1.113495012599239,0.05467048175625166,0.9587962849080691,0.09556434846439828,0.0559163925256716,500.8252362924626,333.186197653427,38.761065148134904,31.413467579096903,2.338463537461451,33.16,33.89
1876,31,16,23.2608009009009,77.39887158266909,water,-0.14854180104485518,0.10135787802137333,0.0,0.0,1.0,0.006119934586074966,0.0,490.4071349980823,0.0,38.345086128809704,24.044564128450638,2.7887902721091242,35.44,34.58
1877,31,17,23.2608009009009,77.39985218390702,bare_soil,0.16603660440521975,0.2806045019257426,0.0,0.024090178120177594,0.9867504020339023,0.2517578191038227,0.09852136653187686,511.5347522421255,166.10258319236965,38.25743482533778,22.044537985570308,2.7165005727245033,34.86,34.43
1878,31,18,23.2608009009009,77.40083278514494,bare_soil,0.17148496428567575,0.28769571761972795,0.0,0.014189760591098522,0.9921956316748958,0.2959338348953546,0.05783456842876685,491.8924015501069,647.4463357609972,38.35777290516443,32.06936718627215,3.4296791536450417,36.76,36.08
1879,31,19,23.2608009009009,77.40181338638286,bare_soil,0.14950046581841078,0.22810289195082564,0.0,0.0077313922054330665,0.9957477342870118,0.20838375249670094,0.0,503.10378820566103,1155.8913387854748,38.57674777067577,25.60843710744178,1.848232335188599,37.12,37.06
1880,31,20,23.2608009009009,77.40279398762078,bare_soil,0.10690189986872928,0.2817943535857354,1.4285292917106172,0.02195146381470276,0.9736414019848073,0.11656887489173917,0.0,496.8331725104911,153.83988267794496,37.574509573287834,13.06207620708443,2.3880977224723656,34.56,35.13
1881,31,21,23.2608009009009,77.4037745888587,road,0.11801810987862804,0.1290342781480215,0.0,0.0,1.0,1.0,0.924150424344466,506.81267083475404,1247.7148147776415,38.686247502202285,35.29999251553783,1.7874333792267016,46.0,44.33
1882,31,22,23.2608009009009,77.40475519009662,bare_soil,0.19296845787879396,0.2854121243375149,3.1275624932882233,0.0,0.9687243750671177,0.32429406689730483,0.019633981657381554,509.1743532968792,347.03065551227064,38.51296328792969,23.849259284727314,2.7235351000127697,35.43,33.64
1883,31,23,23.2608009009009,77.40573579133455,water,-0.07003512800491049,0.09630390441984124,0.0,0.0,1.0,0.0,0.04421330175383963,485.34857884923986,0.0,38.59897169149607,17.864617387916027,1.6438561068292514,36.58,35.83
1884,31,24,23.2608009009009,77.40671639257246,grass,0.528592357371971,0.18303611819686944,3.134751658139374,0.0,0.9686524834186062,0.05417291929577997,0.02411112888496062,514.9876725470475,152.0429071346946,38.45050822619259,18.673890739354924,2.7137646534948194,32.15,33.37
1885,31,25,23.2608009009009,77.40769699381039,tree,0.6160222326982662,0.13794191857562624,2.3298704756812767,0.0,0.9767012952431873,0.10939822877405833,0.02279163284402422,499.74183018708044,592.8741739982884,37.94676519363477,25.984444746558435,1.7416929497199207,33.22,33.43
1886,31,26,23.2608009009009,77.40867759504832,road,-0.018055220153806277,0.11413615764485577,0.0,0.06744454648270325,0.9629054994345132,0.9286352385044665,0.9675552253969478,491.7219975819151,150.01674465120135,38.06072191054259,17.09541109934886,2.6204401263903643,43.5,44.92
1887,31,27,23.2608009009009,77.40965819628623,road,0.007570077950411393,0.1994404394276405,0.0,0.0,1.0,0.9577722194113061,0.8898130979284988,498.6977126283595,1314.9860513044255,39.109394287381875,29.85433889494381,2.9238792414809476,45.24,45.1
1888,31,28,23.2608009009009,77.41063879752416,built_up,0.10016237185880159,0.16710202849180564,16.734849070589142,0.7858453463197045,0.40043656881827105,0.8601951317628085,0.3209877267829499,503.2000538938487,670.9597607977507,38.24295007891278,29.89691433293405,0.9635526919498401,44.49,43.73
1889,31,29,23.2608009009009,77.41161939876207,built_up,0.1125708830501924,0.13546750167984964,21.95394491829807,0.7937857947407428,0.34387836370961067,0.832558960611136,0.40766156028401834,491.1442696023954,511.4844603927402,38.82312595576899,30.479747846222182,1.026438328520673,46.81,45.3
1890,31,30,23.2608009009009,77.4126,built_up,0.027931021025714403,0.15161725780034122,22.544991004519993,0.7790104502691659,0.3460943423067588,0.940741876014521,0.3510878941710525,499.07576362241446,96.68479916231729,38.067054166030246,22.228799454751123,1.7286420271144864,44.32,43.57
1891,31,31,23.2608009009009,77.41358060123792,built_up,0.197081310118138,0.13549133365943042,15.89669660118739,0.9295501001081898,0.3297804789286217,0.8696835046926173,0.3819532180241712,513.4524817667258,647.2312912272205,38.49400158760374,26.33327364904394,1.6666175122921945,44.28,43.72
1892,31,32,23.2608009009009,77.41456120247584,built_up,0.13849336142266733,0.14162975216984167,20.84403888868996,0.7943045640539586,0.3546921008834231,0.8489894957079468,0.35478867026135785,496.82547883163056,615.4344708713269,38.32372678584196,26.32669620920999,1.5020790384545808,45.07,42.89
1893,31,33,23.2608009009009,77.41554180371377,built_up,0.1101107105129064,0.1645674979968377,20.36421757598876,0.8840075729933052,0.31015365909379444,0.9026314869818284,0.3417099243834162,503.6245720306073,1095.7917761799993,38.38500079071708,32.47677321733566,1.3860299328317598,45.78,45.02
1894,31,34,23.2608009009009,77.41652240495168,built_up,0.023001608659068154,0.20042725379348514,16.574957061920994,0.8165633772924735,0.38514057186992956,0.8503300220112245,0.34796270400342233,489.5766970108174,870.3690853572316,38.36399881164596,25.914459296641468,1.2720031549818656,46.32,45.56
1895,31,35,23.2608009009009,77.4175030061896,built_up,0.0026985088936596624,0.09671689301414843,21.153185069843218,0.8483785064061475,0.32185997077818673,0.8166377116884503,0.3901243689462094,506.37221082718145,398.46270346282023,39.07756867836288,25.834995166348865,1.7479950923107814,47.06,47.08
1896,31,36,23.2608009009009,77.41848360742753,built_up,0.16014901289625347,0.13509133459170308,19.288067980116274,0.683456857551643,0.43121804854543366,0.7894485184924463,0.3967617985915512,504.4096416925873,400.8180673718929,39.27099453953286,31.717990371468296,1.2524692909804735,45.18,45.14
1897,31,37,23.2608009009009,77.41946420866545,built_up,0.1944707120578685,0.1969194701549622,18.831253332733667,0.6605505774216729,0.44838464909074316,0.8444200505999832,0.3166967268001693,500.7161087265037,31.851416711232957,38.59505207229871,19.92566464726918,1.8857712060534553,42.39,42.68
1898,31,38,23.2608009009009,77.42044480990337,built_up,0.008226444534403701,0.07212160268823344,17.889815823567364,0.6055457635269579,0.4880516718244995,0.8339879670624446,0.37777587893057174,494.2232345023675,14.379171479907995,38.33492064934399,17.979733845798183,1.4754302745208092,44.51,43.05
1899,31,39,23.2608009009009,77.4214254111413,road,0.025929182546477813,0.0851418341457335,0.46414480748092635,0.0,0.9953585519251907,0.9747753036908487,0.9361431711264016,499.9078270759072,1373.7007665059066,37.96830901390803,26.017533677561982,1.9427747113304927,46.83,45.81
1900,31,40,23.2608009009009,77.42240601237921,built_up,0.0919886524950296,0.1551333236677708,15.384985481715358,0.7058800089121084,0.4579161402811867,0.8362598279896033,0.3511862416283343,505.19156456692434,334.13648794757137,37.94077207553099,32.49561412166082,2.294260456631902,43.12,43.95
1901,31,41,23.2608009009009,77.42338661361714,built_up,0.05611727383949647,0.12540755992154354,15.419874345810731,0.6904738508037254,0.4660406385998437,0.8318009037338688,0.40991825454314296,521.4333016895533,328.43884444260993,39.07974254581218,30.344094879218282,2.1804885417163358,46.17,45.94
1902,31,42,23.2608009009009,77.42436721485505,grass,0.46764017149228165,0.25114022728165714,0.0,0.0,1.0,0.1869086655732379,0.057446291752208105,502.54952362378447,1365.848927383997,37.91256178122761,28.946142757360793,1.6018603724262477,34.76,35.52
1903,31,43,23.2608009009009,77.42534781609298,bare_soil,0.16621399042942409,0.27856194892118213,0.0,0.0,1.0,0.26024116026692573,0.03728342619239795,498.5066670449786,1552.0633755394383,38.323865165164904,23.33464299480617,1.6762478376217127,37.46,37.33
1904,31,44,23.2608009009009,77.42632841733091,bare_soil,0.11056672281655129,0.3096255388219348,0.5500976182168364,0.09664765187113752,0.941342815288706,0.23765227435306638,0.011846379248522472,498.56958816986526,689.302414294494,38.56212292724466,28.963152201092846,2.6041312262972056,37.31,37.48
1905,31,45,23.2608009009009,77.42730901856882,grass,0.4064761637314595,0.1789989058738415,0.7718384752729459,0.0,0.9922816152472705,0.07319123911773065,0.02644639053810585,500.41778750717816,728.8938383018387,37.45937475469081,27.148820576373577,1.3355501076900669,33.37,33.85
1906,31,46,23.2608009009009,77.42828961980675,grass,0.554297721108507,0.23987138403734207,5.269538945825728,0.0,0.9473046105417428,0.13918603215641226,0.014663498374805777,495.51094513660087,1826.2026751533701,37.99976220163058,24.350217551236014,3.007638014324834,33.3,32.8
1907,31,47,23.2608009009009,77.42927022104467,grass,0.40391110383628104,0.15304797990332236,0.0,0.0,1.0,0.052433774946408246,0.0,500.2822541188124,243.13453048850135,37.96462949870359,17.59362226193905,2.281091752989782,31.51,30.91
1908,31,48,23.2608009009009,77.43025082228259,road,0.1017571335648679,0.053726922097762524,0.0,0.0,1.0,1.0,0.9640617309960283,509.4949833700861,629.1753053702653,38.233717820825895,30.78462769647657,1.853070759672856,45.64,45.03
1909,31,49,23.2608009009009,77.43123142352052,road,0.0021151962199159706,0.12238372955159546,2.5730046988195134,0.041253454804102745,0.9515805528695483,0.9960907106733797,0.9593065000907119,499.7096870095962,1043.1100441239169,38.60347314949851,32.96969096625947,2.1635661578378973,45.77,45.7
1910,31,50,23.2608009009009,77.43221202475843,water,0.022096066668752468,0.07272279855329364,0.0,0.0,1.0,0.019468637906120714,0.0,498.91950637492533,0.0,38.91111078775285,15.770366062974595,3.0166506831780135,34.83,35.35
1911,31,51,23.2608009009009,77.43319262599636,water,-0.1315738476317332,0.08560113889441542,5.2733386582661455,0.01657999374893716,0.9381476168554231,0.0,0.0,497.99197398862015,0.0,38.23457787133451,16.274925439372108,0.898530704493508,35.79,35.42
1912,31,52,23.2608009009009,77.43417322723428,grass,0.45620299234803846,0.211162719331547,2.9151788320782495,0.0,0.9708482116792175,0.08962503089115817,0.038690339491007475,502.7290755480157,996.2990893848995,38.315336098724686,30.776539962666487,2.7829488913166345,34.24,35.28
1913,31,53,23.2608009009009,77.4351538284722,tree,0.5753235945985128,0.18249876234024193,0.0,0.04320548764564282,0.9762369817948965,0.08614851542847017,0.029633780439732596,502.5053130272461,1627.3443734588218,38.45216757007591,26.363228205167022,2.88900425165783,33.37,34.94
1914,31,54,23.2608009009009,77.43613442971012,built_up,0.14901776642574144,0.14825996006783485,18.62237162518548,0.48219324166199484,0.5485700008340479,0.7907278445953386,0.3495664797244682,497.00952110299215,253.25914467552707,38.17778529598007,22.211008084618065,1.6449680171186414,42.72,41.93
1915,31,55,23.2608009009009,77.43711503094804,built_up,0.04085715140051685,0.15030755461414322,12.849989724108747,0.4618271525111297,0.6174951688777911,0.8521162759778036,0.35492289916972547,505.72059507089074,686.9219177538687,38.667123944673136,26.30942791691441,1.8270173973067352,46.15,47.22
1916,31,56,23.2608009009009,77.43809563218596,built_up,0.13243140743098739,0.10728071077221968,11.472833091290475,0.5726462193755104,0.5703162484305644,0.7988061116201408,0.3236493074947678,489.97511151524543,622.3015880630107,38.67947758753225,30.307978071360637,1.889675962239346,44.4,44.38
1917,31,57,23.2608009009009,77.43907623342389,built_up,0.08830178948172616,0.1611962687852885,12.42088134770734,0.4585076660056821,0.6236119702198015,0.7878613056940014,0.3209147817927222,487.6317136102324,1432.4787394239816,37.411369625460836,22.505074777252695,2.2426352727642733,43.49,43.83
1918,31,58,23.2608009009009,77.4400568346618,road,0.07836439191883272,0.10878657202005361,1.1036274597115077,0.043811628667361456,0.9648673296358361,0.985060444384127,1.0,491.8096584300664,918.1293962212997,38.755769436326915,30.197318458156747,1.7373974424271157,46.09,45.97
1919,31,59,23.2608009009009,77.44103743589973,road,0.001935469917143412,0.12941714282088526,0.0,0.07239873035572757,0.9601806983043498,1.0,1.0,499.6754302929223,845.5717316554494,38.55088260528185,19.603050796630654,2.1563903703611684,46.14,47.24
1920,32,0,23.2617018018018,77.38318196286234,built_up,0.11942636538565778,0.17091695233742824,9.876772358645939,0.3353481614872136,0.7167907875955731,0.7586867304052862,0.3604553970338792,512.3215151029793,499.99233198976526,38.60350744502551,31.701301934334403,1.897634784026239,43.28,43.59
1921,32,1,23.2617018018018,77.38416256410027,road,0.0136580194064146,0.09954651343304177,4.801330168062125,0.11293478765437058,0.889872565109475,1.0,0.9859200146768593,506.96159195453225,482.03140682594085,38.971837972089055,27.863923106720367,2.4924528431425435,46.66,46.35
1922,32,2,23.2617018018018,77.38514316533819,road,0.07191138092615193,0.07941180586099726,0.0,0.05698685225415656,0.9686572312602139,0.9840466662903428,0.9940998576424148,510.3941075359085,215.51048198657088,37.7854819639476,21.764929798161603,3.757545832003139,43.51,43.13
1923,32,3,23.2617018018018,77.3861237665761,road,-0.10066185377283773,0.1448627736449335,3.0060184249155024,0.01282973081515301,0.9628834638025108,0.9996108008468565,0.9857219079233103,506.99527129081486,913.6755974670368,37.99780353072777,28.948483012678537,1.733549991290265,46.96,45.88
1924,32,4,23.2617018018018,77.38710436781403,road,0.08735101412037258,0.09960580555738338,0.6088777520789862,0.010001122775732493,0.9884106049525573,0.9370280450688133,0.9202805085516402,517.8728710142519,591.6206801963076,38.471904340904466,21.17661240413407,2.236883636887779,43.73,43.22
1925,32,5,23.2617018018018,77.38808496905196,road,0.05219755599933223,0.1273939752939982,0.0,0.033574496768157776,0.9815340267775132,0.9964491633036341,0.9151899380753049,504.29453835310863,737.0127026665527,37.57144965666435,33.46731014331885,1.7306387557056386,45.29,46.39
1926,32,6,23.2617018018018,77.38906557028987,built_up,0.18444015100008954,0.15287375831651254,11.491978608174344,0.5299090609887815,0.5936302303744266,0.8037572780545189,0.36031116319974366,498.1944176826679,567.7398704403272,38.41533967193016,29.337943973971626,1.5967693452274931,43.02,43.99
1927,32,7,23.2617018018018,77.3900461715278,built_up,0.02963351632778133,0.21304802774489254,13.733878356456804,0.5041245336177742,0.5853927229456561,0.8197540700129076,0.36884664411610335,494.8920317235739,405.6841252457061,38.83842612529685,31.025314383123,1.2966351252348807,43.72,43.14
1928,32,8,23.2617018018018,77.39102677276571,road,0.02805513618574593,0.10880092732545998,0.0,0.0,1.0,0.9604514199598253,0.9312145054273868,495.1330865941368,1063.070008191881,38.658655529463765,24.80313327679431,1.2817115650582465,45.46,44.47
1929,32,9,23.2617018018018,77.39200737400364,road,0.16357367897845412,0.14995295511012097,4.854798673221285,0.0,0.9514520132677872,1.0,0.9590910326547666,507.8909079337581,1125.5093346311291,38.53159763351253,28.963101850909027,2.8532077910187676,45.08,45.94
1930,32,10,23.2617018018018,77.39298797524157,tree,0.6994039670273912,0.20158492855818133,1.2123263840461893,0.0,0.9878767361595381,0.04379378844434359,0.05489616746313118,502.2193729055511,1103.2423016409737,38.40691046803584,22.760408172772365,2.401941933004961,31.51,31.9
1931,32,11,23.2617018018018,77.39396857647948,tree,0.6749145703713031,0.18768631819214043,0.0,0.0,1.0,0.016037178598331224,0.056594494186526456,502.76374866276547,962.644130913924,38.32885183246483,28.59690677393338,2.255725919405402,31.1,29.32
1932,32,12,23.2617018018018,77.39494917771741,tree,0.8430470797494947,0.19421397508552388,3.0012417191084846,0.013646641378054884,0.962481930050985,0.03234181559941543,0.0,501.93112102398226,519.4948299836258,38.30580793169787,24.241739396119534,1.6504809440376513,30.68,33.27
1933,32,13,23.2617018018018,77.39592977895532,tree,0.7363480245534714,0.1894619517898459,0.0,0.0,1.0,0.0,0.07542414480282902,497.3019923511238,298.1023642747245,38.591489351508045,40.028940927635986,2.1550210553622615,29.58,29.59
1934,32,14,23.2617018018018,77.39691038019325,road,0.06267966391400939,0.11332268323371002,0.0,0.0,1.0,0.9797180653629344,1.0,503.75637128389235,738.8660297859105,37.87964295783927,30.42063619529451,1.5061856152594812,43.32,44.85
1935,32,15,23.2617018018018,77.39789098143117,tree,0.7711460325432744,0.18082595673384724,1.0038806895883754,0.007556386599333509,0.9858051804744828,0.07948902090069229,0.0022342330317225087,490.8852570914994,1181.4427663880529,39.08524617887011,33.32343992587973,2.171246712591504,32.38,32.54
1936,32,16,23.2617018018018,77.39887158266909,water,-0.009704300931222168,0.04724356748720909,0.44822918536642353,0.0,0.9955177081463358,0.04416893460003813,0.009865829393135335,526.6197782914396,0.0,38.20494431806064,19.001652524654432,2.395935114858803,36.65,35.71
1937,32,17,23.2617018018018,77.39985218390702,bare_soil,0.2122375402185078,0.3290389193605341,1.333993647625159,0.0018541659689097195,0.9856402722408482,0.20474188487450146,0.010408194084226352,509.0663976993051,235.70335621591073,38.72307154172178,21.596016433284184,1.8637328659296237,34.43,34.6
1938,32,18,23.2617018018018,77.40083278514494,bare_soil,0.11034096161532626,0.27153442126829475,0.0,0.042945745488120565,0.9763798399815337,0.253145969069667,0.0,508.241059653238,147.7358498369374,38.532145208361776,23.621371996981942,1.729419486090498,35.52,34.2
1939,32,19,23.2617018018018,77.40181338638286,bare_soil,0.12143727019214609,0.2762122458793384,0.2193717709989806,0.004127258512604807,0.9955362901080775,0.19614791683892943,0.0,499.1303522523379,1297.8383855675454,38.03854423343989,23.70897081722481,1.9012178443517078,36.67,36.56
1940,32,20,23.2617018018018,77.40279398762078,grass,0.41527686300546596,0.28766020039559403,0.0,0.012002960845845677,0.9933983715347848,0.1285603251584948,0.018329763785862277,511.0589056996083,861.0499937261216,39.01706593888042,25.30967794384162,2.681790829761953,35.56,34.58
1941,32,21,23.2617018018018,77.4037745888587,water,-0.1122941415450366,0.12113794319134444,0.0,0.0,1.0,0.02812852159638711,0.03205865701658138,502.5809750812436,0.0,38.93258526644632,23.890014104672815,2.3209746851191437,36.09,35.91
1942,32,22,23.2617018018018,77.40475519009662,bare_soil,0.10491335592342725,0.31394202777926167,0.600986623840599,0.0,0.9939901337615941,0.1535048818402454,0.07053845250375715,494.2499071040899,669.6036093362187,37.87173496096975,27.127792290483242,1.2328798714430746,35.03,35.25
1943,32,23,23.2617018018018,77.40573579133455,bare_soil,0.20105438608422396,0.2962632187233848,0.0,0.0,1.0,0.29349442364231804,0.0,495.5738461287901,692.1644221286722,38.47057183277235,25.00935177512441,2.634076861113056,37.1,37.37
1944,32,24,23.2617018018018,77.40671639257246,road,0.016867293055410845,0.12721415614686862,0.0,0.0,1.0,1.0,0.9772429230806922,495.4203737895678,31.969584098933638,38.58294654762119,17.47610767561458,2.5259532920834027,44.02,42.71
1945,32,25,23.2617018018018,77.40769699381039,road,0.04282278644513243,0.07062612063127864,3.210676489909768,0.00787043821204809,0.9635644940842758,0.9451594211889016,0.9078199437045562,494.935546673661,328.6500717215928,37.67146507512884,23.110106064691244,2.2785588200186937,44.22,43.64
1946,32,26,23.2617018018018,77.40867759504832,tree,0.7496867442122989,0.1559146022713817,0.9991794043901567,0.026877285873118703,0.9752256987258832,0.09829986159414086,0.030073903879795534,509.00187496930806,1119.5463237766166,37.65178212794156,20.16262017878517,3.155783366211401,30.98,29.2
1947,32,27,23.2617018018018,77.40965819628623,tree,0.7354929102293992,0.18955579724675878,0.0,0.0,1.0,0.11410372546555532,0.04422974849758762,505.49463244999225,106.62558688911037,38.16653497925908,13.215477042405237,2.214299743724762,29.69,30.25
1948,32,28,23.2617018018018,77.41063879752416,road,0.12743529021673453,0.10314158226485909,0.0,0.0,1.0,1.0,0.9055580949596082,493.9910199195507,1829.254659298936,37.97471154917517,28.18281401588473,2.458445654152565,45.93,46.11
1949,32,29,23.2617018018018,77.41161939876207,built_up,0.13646226417949242,0.11800832463724363,16.30608977340492,0.7123775951143871,0.4451314249530379,0.8548557073110772,0.3791208141782192,512.1503856792077,583.746237378351,38.08259076119939,30.686465339866885,1.930853734661707,45.08,44.02
1950,32,30,23.2617018018018,77.4126,built_up,0.0004771098456339412,0.1364134826729938,26.04120207636172,0.8433678764763685,0.2757356471743801,0.8686399886877538,0.30100305637893787,483.0401176072101,375.99338529018286,37.97477830336387,38.07573940219841,1.936581232763382,46.6,47.87
1951,32,31,23.2617018018018,77.41358060123792,built_up,0.07403783065068495,0.1319657743834619,18.05862400097826,0.7585947537597999,0.4021866454223274,0.8011178936482288,0.4055803119291266,492.907773627877,225.17152381918746,38.45104249501643,19.83445942131711,1.572180821722503,44.32,44.74
1952,32,32,23.2617018018018,77.41456120247584,built_up,0.07765531365702999,0.16118841005093884,16.723757480342385,0.8372367344083471,0.3722822212719852,0.821016681922336,0.34352411322974336,513.1447886852785,104.61385654933423,38.14308955132868,14.880159171279175,1.3578505608174714,44.19,44.1
1953,32,33,23.2617018018018,77.41554180371377,built_up,0.12325428274644051,0.1701383260417865,19.42292752973016,0.7723824466828074,0.3809603790271543,0.9562852017541084,0.3494461842232257,501.6326200002624,233.7170033330914,38.94558654217724,19.88615025920117,2.094519138937639,45.96,45.53
1954,32,34,23.2617018018018,77.41652240495168,built_up,0.08906491144278325,0.16892353936119364,17.731152987925864,0.6615983865003936,0.4588093575455248,0.875678509140841,0.30686662235564743,505.93501153567337,425.82874054338333,38.572108109327154,30.811723887915296,2.156887359593865,44.95,44.38
1955,32,35,23.2617018018018,77.4175030061896,built_up,0.13658654619869096,0.11154968696248367,16.840336010652923,0.7381869452299133,0.4255938200170184,0.7758858898691452,0.39445680834861513,486.99661667110934,1000.9722711063665,38.8177252953545,32.12072175984402,2.283677705771061,45.98,45.27
1956,32,36,23.2617018018018,77.41848360742753,built_up,0.10546390872041944,0.13403398002971442,18.7931929483871,0.758897505241524,0.39467444263329066,0.8299786044210989,0.36192599257439206,505.84946662813604,6.544088289474644,37.82469296998629,23.732475666287748,1.856281715529943,42.36,43.42
1957,32,37,23.2617018018018,77.41946420866545,built_up,0.10077169714037454,0.06121024711258213,12.85414929059894,0.7588497229521074,0.4540911594703515,0.82910853840779,0.3158624731002592,499.5757962115444,307.93677538262716,38.2487105343238,30.291099365790824,0.9463635259805966,45.45,45.7
1958,32,38,23.2617018018018,77.42044480990337,built_up,0.020683532131221163,0.09082852964200094,12.502717615757174,0.7550388345241622,0.459701464854139,0.8288750223761341,0.3887819725573967,496.5387986831755,710.7230520454998,38.55448644594179,28.38117546932613,1.8017095205048923,46.71,45.77
1959,32,39,23.2617018018018,77.4214254111413,road,0.0224757335259282,0.1113334018657729,0.23259202652743047,0.0,0.9976740797347257,0.9185189243560266,0.9806452698229481,512.7483743375365,1390.3758011951177,38.68119140772783,30.947246023494586,2.218148929238844,45.66,46.83
1960,32,40,23.2617018018018,77.42240601237921,built_up,0.0468038053359213,0.11800487726087987,15.522148928065237,0.6840045831257976,0.4685759900001589,0.8473769517936848,0.31008286166970783,488.1621132276368,613.415255290818,38.24092161381032,23.260716356763286,2.313210656411092,45.46,45.38
1961,32,41,23.2617018018018,77.42338661361714,road,-0.18182454605379253,0.10698029542052571,0.0,0.03900772633064209,0.9785457505181469,1.0,0.9928498304099174,497.2284249496749,48.6557600351324,38.299548046319416,11.967320855048339,2.8107297416869943,45.38,44.55
1962,32,42,23.2617018018018,77.42436721485505,water,-0.14887553901199713,0.088628320495442,0.0,0.06967747447320183,0.961677389039739,0.0,0.02000694689771738,485.74859109010526,0.0,38.343384326172036,28.37301059340834,2.528325243196148,35.9,37.68
1963,32,43,23.2617018018018,77.42534781609298,bare_soil,0.00565925126061724,0.3106356848140346,0.0,0.028565247671811803,0.9842891137805035,0.2031706841165038,0.028739002156494414,497.3004651167318,570.2487100178123,38.380854581347336,27.81191985044154,0.9501937722713426,37.97,36.98
1964,32,44,23.2617018018018,77.42632841733091,water,-0.10550394512855454,0.09216894964781686,1.0802960530450691,0.1405718442003672,0.9118825251593473,0.08408010636898033,0.0,498.85515617658194,0.0,39.36567892260285,22.135592644536178,1.6450095990887623,37.27,36.53
1965,32,45,23.2617018018018,77.42730901856882,grass,0.5268078288486,0.21052756112196352,1.1607221936166638,0.0,0.9883927780638334,0.02431995943033606,0.11369172716409842,500.401955185666,228.78867944614456,38.62529719504841,10.0,1.9722305326572867,30.76,30.76
1966,32,46,23.2617018018018,77.42828961980675,grass,0.4645722522733523,0.18840823139642454,0.0,0.0,1.0,0.06056393911032848,0.013346532421654917,508.9655945146937,988.0931738812351,38.51595013338683,34.17959634073192,1.9951787879564973,33.71,34.0
1967,32,47,23.2617018018018,77.42927022104467,grass,0.4883114421565256,0.2192267604590806,2.057122745923964,0.0,0.9794287725407603,0.06336470275091644,0.04630364285827518,497.7668208797826,777.2258132949928,37.996396611398836,32.62346190413503,2.28119824350851,33.36,32.68
1968,32,48,23.2617018018018,77.43025082228259,water,-0.10984811667487572,0.11760351243684433,3.2638823316971814,0.0,0.9673611766830282,0.0,0.0,492.82431882745635,0.0,38.0058616153698,13.737578605603055,3.0478058991414136,35.96,33.97
1969,32,49,23.2617018018018,77.43123142352052,bare_soil,0.17522984860646748,0.2490677745088607,0.0,0.0,1.0,0.206718926176138,0.008203342903303618,506.3129745395114,1088.935890723968,38.41471673102894,26.730772884088342,2.6675543176171934,37.05,37.08
1970,32,50,23.2617018018018,77.43221202475843,bare_soil,0.15661217826337087,0.2337399388064279,0.0,0.04744486523716018,0.9739053241195619,0.17307119407686777,0.0,506.4639166389733,579.8743186348722,38.95215006959491,29.064911415075827,1.631392501849025,36.46,35.52
1971,32,51,23.2617018018018,77.43319262599636,water,-0.03624178038238732,0.07944755837479066,0.0,0.06815954455616836,0.9625122504941074,0.0,0.05736884718524357,494.88515203563264,0.0,38.42034404157371,14.944865231545847,1.6772647738982451,35.26,34.94
1972,32,52,23.2617018018018,77.43417322723428,grass,0.46030921172553485,0.20718640529312513,0.0,0.0,1.0,0.04927186581036004,0.1084784257179212,496.15095223450226,1504.2936012875039,38.437475461011104,29.95502886140552,1.6486041095452526,33.55,32.82
1973,32,53,23.2617018018018,77.4351538284722,road,0.09163037751457884,0.12088789216870588,0.0,0.009689092354019034,0.9946709992052896,1.0,0.9540187384238619,487.46600807485095,43.83745056752696,38.20230055338697,24.182502698980784,2.1253551916865345,41.63,40.65
1974,32,54,23.2617018018018,77.43613442971012,built_up,0.17053929342870633,0.06095858290353591,13.731575307454605,0.5010456825666785,0.5871091215137808,0.8580400572927049,0.3044013303506385,502.80541990347297,1084.1836717245926,37.80333082527378,29.296812627223744,2.240160784758012,44.39,44.15
1975,32,55,23.2617018018018,77.43711503094804,built_up,0.24566070483678526,0.1438994013955204,16.349839236042218,0.4249396722931809,0.6027847878783282,0.901004765902269,0.3590509321182738,502.1579094722247,1151.1501857689177,38.674757829793315,21.735100168504154,2.3369600472525383,45.56,44.99
1976,32,56,23.2617018018018,77.43809563218596,built_up,0.18238029027857833,0.14765313397167718,10.755768348923551,0.45615313460235524,0.641558092479469,0.8908563746932353,0.36789821832880515,487.75621070378384,1294.8844685130834,38.39825994100355,23.853099714245666,1.6912061069114634,44.91,44.15
1977,32,57,23.2617018018018,77.43907623342389,road,-0.034940541408401346,0.12314774059292276,0.0,0.0,1.0,0.952759577110527,1.0,503.21478200248015,1696.3240899167313,38.678412389285725,27.504810942791636,2.181915451266306,46.41,47.28
1978,32,58,23.2617018018018,77.4400568346618,road,0.2037127538077729,0.1114041602578982,3.7549754657530583,0.0,0.9624502453424694,1.0,0.9176996461028308,499.85267894768305,1362.4161580687135,38.56185277352791,27.001715469055142,3.156377058442804,45.98,45.08
1979,32,59,23.2617018018018,77.44103743589973,road,0.07165387380343662,0.07182345073621738,0.0,0.030572503938544784,0.9831851228338003,0.9616141718393449,0.8941060596455448,499.4321861239409,1062.706438581893,38.11435992916168,27.082969109918963,1.3002818267102656,44.75,44.52
1980,33,0,23.2626027027027,77.38318196286234,built_up,0.09061489887853418,0.15587723962841898,12.805032971719324,0.3957429091768933,0.6542910702355155,0.8294585765643587,0.3871115477315131,495.65452106365564,955.2141948835831,38.590163947797954,26.941392176863918,2.2256218612640906,44.64,44.61
1981,33,1,23.2626027027027,77.38416256410027,built_up,-0.010256144815370724,0.13913958589696293,12.766712327415087,0.34827399006270066,0.6807821821913638,0.7964874809203444,0.29313089058026487,506.30681789626993,168.4454884001741,37.983579522876795,12.783950644739932,2.196457986402806,43.6,42.08
1982,33,2,23.2626027027027,77.38514316533819,road,0.0252789241732389,0.13153586464836647,0.46955412279837844,0.0,0.9953044587720162,0.9973234193387835,0.9914789320199122,499.1391071155665,22.97630639738918,38.58701686288688,23.222618876714108,2.0182151864578923,43.3,42.29
1983,33,3,23.2626027027027,77.3861237665761,road,0.09886396752873945,0.12200793965180928,0.0,0.0,1.0,0.9650845698416476,0.9149809107977314,490.26976589628424,1000.1501931418327,38.47486512190839,30.509021915613182,2.188931384148594,44.69,44.65
1984,33,4,23.2626027027027,77.38710436781403,road,-0.0021580131298581454,0.09589703592065102,1.8490659164902596,0.012778607005967436,0.9744811069818153,0.9552242588441776,0.9251047511660083,496.3611314363228,916.5481058823661,39.1162396860199,30.08949485176533,2.4271016383398996,47.58,47.51
1985,33,5,23.2626027027027,77.38808496905196,road,0.06504301106255073,0.07872319611120504,3.6460980437640007,0.029238599556381913,0.94745778980635,0.8431036004563017,0.9534139693771417,508.32589314700635,1206.5327066709947,38.15324394574558,29.71886157602443,1.9807448444287563,44.02,43.31
1986,33,6,23.2626027027027,77.38906557028987,built_up,0.05525954241691028,0.1381672466106515,13.660817489872374,0.549931170828903,0.5609296811453797,0.7792452575938149,0.32579926587053804,513.1086250245398,1000.5788666999506,37.969244800919235,26.863558803198714,1.4982436464926363,44.29,44.27
1987,33,7,23.2626027027027,77.3900461715278,built_up,0.17167412821268477,0.22956779113352752,12.246791048686674,0.4644469193729266,0.6220862838580236,0.8367234644610033,0.39395970870594926,509.9111669742103,2092.0375212526924,38.33473491571181,25.57171583421701,1.5043472664376432,44.74,44.98
1988,33,8,23.2626027027027,77.39102677276571,road,0.02779166884102357,0.12464169546657464,0.0,0.0,1.0,0.9780173651175788,0.9038498298504116,505.14685762607735,12.683921545277713,38.743634393289476,15.929547041768082,3.317300551733823,43.62,44.15
1989,33,9,23.2626027027027,77.39200737400364,road,-0.014359973443052232,0.11803037610921376,0.930905418532808,0.0,0.9906909458146719,1.0,1.0,494.5253800554726,1704.7048338931804,37.38091064786864,34.171703380538894,1.9286154812192156,44.85,45.45
1990,33,10,23.2626027027027,77.39298797524157,tree,0.8257320869274108,0.1762829287787298,0.11350780713039521,0.0,0.998864921928696,0.01775003059213181,0.0,510.55458057917275,1090.7020574181774,38.850213145449054,27.917965478772416,2.3197570501776466,32.35,33.44
1991,33,11,23.2626027027027,77.39396857647948,tree,0.6867486271762879,0.15222011782933645,0.0,0.0,1.0,0.09565849436536294,0.0,507.2136205450927,942.5371945100661,38.416553762372146,21.3576819527609,2.671151478765726,32.11,32.21
1992,33,12,23.2626027027027,77.39494917771741,tree,0.7285705165519185,0.2107738844443776,2.108396794849473,0.0,0.9789160320515052,0.0,0.010819340052984195,502.8477825842495,1498.4273436342205,38.04323596792809,27.88314439506714,2.0556185509470697,31.07,29.82
1993,33,13,23.2626027027027,77.39592977895532,tree,0.7239040515517442,0.2311108889617452,0.0,0.0,1.0,0.034715874773651956,0.0,509.27523585558436,596.6532312086324,38.35286177167381,19.662963002637007,2.221473896720564,31.0,30.73
1994,33,14,23.2626027027027,77.39691038019325,road,-0.00021413588301749317,0.1444462184059549,0.0,0.05364432351562507,0.9704956220664062,1.0,0.9532153858814303,509.3514741519579,1970.0033391744878,38.203570782560234,28.992037626358666,2.472123215827703,47.58,46.44
1995,33,15,23.2626027027027,77.39789098143117,tree,0.7441254424326281,0.1785581043783509,2.2561632935626545,0.05921083766861421,0.9448724063466357,0.04805923530631803,0.0006462536575696232,513.7391625463706,597.3589241946186,38.009957796393834,28.57191735435983,1.6539472063181215,30.66,31.42
1996,33,16,23.2626027027027,77.39887158266909,grass,0.5216237262289355,0.22788601819608514,4.5674128941462495,0.0,0.9543258710585375,0.05745097989836976,0.06417945607320014,490.95728554738156,763.2833658711263,37.72455829618506,25.832318874104843,1.2547772338316483,31.89,33.13
1997,33,17,23.2626027027027,77.39985218390702,water,-0.007095446022407456,0.03,1.005348196521428,0.060587269466213546,0.9566235198283682,0.0,0.0,497.8991359352479,0.0,38.792191578073876,16.2420414075774,1.7310720259138879,36.1,36.09
1998,33,18,23.2626027027027,77.40083278514494,bare_soil,0.1241494935009865,0.27169883318943233,0.0,0.023307369748084544,0.9871809466385535,0.27895578110606933,0.02311283515378013,510.7493245635501,1439.2695625809442,38.27620788318931,30.249704427690737,3.220482090869725,39.23,40.28
1999,33,19,23.2626027027027,77.40181338638286,water,-0.13519841813909125,0.08824575511973581,0.0,0.0,1.0,0.017788043435942733,0.0,503.874426204791,0.0,38.34340996081069,19.667933607986193,1.85490474115515,36.07,37.05
2000,33,20,23.2626027027027,77.40279398762078,grass,0.4602595799686563,0.17287800987181212,1.684661915929816,0.0,0.9831533808407018,0.0755103446232242,0.07506019404971727,497.42743865429117,650.7227622412332,38.83791110057808,20.233212667167244,2.26303614538043,33.96,34.23
2001,33,21,23.2626027027027,77.4037745888587,water,-0.1119169724181352,0.0952217725802943,2.6073623056564896,0.041781772844564996,0.9509464018789243,0.0,0.04836187874423288,492.6691890950383,0.0,38.52234574251342,24.815557345294735,1.3769547461041498,36.25,36.72
2002,33,22,23.2626027027027,77.40475519009662,bare_soil,0.11233195585127406,0.31140401356626374,0.0,0.044574207206932705,0.975484186036187,0.19726264525910114,0.0,508.7824509307834,140.32550512791846,37.87623308362753,16.240680779188608,2.9758156822085047,33.37,34.22
2003,33,23,23.2626027027027,77.40573579133455,bare_soil,0.2571405692249957,0.27470074634373154,0.37460426057760393,0.07714525080392953,0.9538240694520627,0.2087964839290157,0.05755475513669508,484.3747322602482,294.1080721998985,38.76911876149567,14.727281989768635,1.9820506740335966,34.98,33.72
2004,33,24,23.2626027027027,77.40671639257246,water,-0.07619597329464448,0.11244257892870228,1.9242413956522741,0.033801605396644556,0.9621667030753228,0.053052892117726395,0.019000786136316995,482.854527785681,0.0,39.09353432251147,25.43469740566175,1.8978712121836,35.54,35.76
2005,33,25,23.2626027027027,77.40769699381039,tree,0.6697401000573839,0.18940875022092496,0.45251190291799737,0.0023663809534924946,0.9941733714463992,0.0,0.0,491.98096874722904,878.0434436468761,38.70123764151926,32.2383308267525,2.1149997441368282,31.67,32.17
2006,33,26,23.2626027027027,77.40867759504832,tree,0.6332026882461494,0.15359157089975986,1.0451166344989173,0.0,0.9895488336550108,0.02284759051262135,0.023272860642803705,502.2611419130413,82.1916178519275,38.15399537150386,18.317964966133122,3.6923220528456446,29.84,28.55
2007,33,27,23.2626027027027,77.40965819628623,tree,0.7284565749948706,0.19196564258591106,0.0,0.01074214880279142,0.9940918181584647,0.014170838512766556,0.024956607227443035,505.78463202405715,331.8704896913323,37.910886810223694,22.990056481471004,2.459091441580197,28.13,29.85
2008,33,28,23.2626027027027,77.41063879752416,road,0.08480492495874334,0.13372441952721054,2.269575238148734,0.020155496992566607,0.966218724272601,1.0,0.9654038121412097,486.66191706925366,5.9450618919843805,38.13944290614845,16.361115435774543,2.0774674000322433,43.02,44.0
2009,33,29,23.2626027027027,77.41161939876207,built_up,0.0673245760039427,0.13738330851851338,19.65954818651474,0.7436578266545025,0.39439271347487614,0.950435435227471,0.3459016676208674,499.9384976315373,54.0681655328043,38.541213174758305,18.250004530894017,0.3563805203435709,45.59,46.58
2010,33,30,23.2626027027027,77.4126,built_up,0.019797394389203887,0.1362109048829352,18.87691721554479,0.7817639222099726,0.3812606706290671,0.9327577971518727,0.3449476259448867,499.3125658044984,792.5005529811549,39.070502510123966,32.86479902291848,2.2663901861831106,47.76,48.13
2011,33,31,23.2626027027027,77.41358060123792,built_up,0.06973605026424795,0.15618017206192603,15.567589442541674,0.7204481943575378,0.4480775986779374,0.8561029282227793,0.340735296577126,493.5278017474956,450.36858611248283,38.19625699532012,33.179972862538044,1.3894202899786223,43.99,43.14
2012,33,32,23.2626027027027,77.41456120247584,built_up,0.09254600565049871,0.11870309368485454,17.351193463118694,0.7890898152642107,0.39248866697349716,0.7989460774340185,0.32583868530233273,504.27148112446935,390.06237527568203,38.2404354072491,28.66391651818037,1.2781181595325022,45.3,44.16
2013,33,33,23.2626027027027,77.41554180371377,built_up,0.051367829362647235,0.11290792043053836,15.946971620569006,0.7634122259264766,0.4206535595347477,0.9512906261618248,0.37263146569631583,489.337086056842,773.6080836994782,38.908577674336115,30.600473803169894,1.3383508889234255,48.68,48.59
2014,33,34,23.2626027027027,77.41652240495168,built_up,0.03446680352614338,0.13985427870180106,16.8079158305757,0.8613196190349334,0.35819505122502965,0.7932946044142544,0.3625444902454184,494.51740956599,810.8353959256032,38.32639518116886,27.162540530155923,2.2885636067022816,45.96,46.59
2015,33,35,23.2626027027027,77.4175030061896,built_up,0.09760722920377238,0.17763657938456076,19.856001719742352,0.7147330367533341,0.4083368125882427,0.9958101288766713,0.3722170453460429,495.5947044093719,567.6944214478162,39.18559178918664,24.50870436737312,1.6600256032952097,47.15,47.64
2016,33,36,23.2626027027027,77.41848360742753,built_up,0.11785001760615757,0.15778383436805715,19.069194754347652,0.7863614720414381,0.3768092428337324,0.8934085504801316,0.31609735335055605,516.8644328320579,1474.1805683852099,38.44075889270978,21.997606010582338,0.9660034238187016,46.39,47.93
2017,33,37,23.2626027027027,77.41946420866545,built_up,0.12805789371439222,0.1411609015265186,17.729253178781594,0.7100837587961353,0.4321614008743096,0.8402807887519254,0.26252862340407834,512.2421076233034,1104.133413099792,38.96710804549292,29.29167119082879,1.6056410099975753,46.53,46.25
2018,33,38,23.2626027027027,77.42044480990337,built_up,-0.020601207545944453,0.16669963744608335,17.325211565224187,0.7042864382762664,0.4393903432958116,0.8746420754282038,0.2802885124265153,499.9100065424976,581.4015078710748,38.65311287711112,31.601494100631463,1.319621863482482,46.58,46.26
2019,33,39,23.2626027027027,77.4214254111413,built_up,0.08482693787397105,0.09897531804883171,18.21289377613941,0.755007011040616,0.402617206166267,0.8703665732043302,0.340832483552869,521.5123248233548,106.04076450400675,38.78283611224446,17.957397656643664,1.83847972714297,45.24,45.25
2020,33,40,23.2626027027027,77.42240601237921,built_up,0.1264070780282452,0.14729821117042072,21.874682069606695,0.7089932794102626,0.3913068756282886,0.8800577622497532,0.3702286792625703,491.5334197691381,160.85623451773296,38.42917295786562,24.750089800246236,1.4889496458610259,44.8,43.76
2021,33,41,23.2626027027027,77.42338661361714,road,0.013459927402159205,0.1387214845243761,0.5827418467282094,0.0,0.9941725815327179,1.0,0.8707028095675157,489.6334389587117,625.8095875995834,38.455335041678474,26.460255521727767,1.2554891636651673,45.06,46.41
2022,33,42,23.2626027027027,77.42436721485505,water,-0.02750136970539617,0.07709821566280861,2.4157294467319805,0.0,0.9758427055326802,0.05115918342634802,0.0,503.2792914007831,0.0,38.667567924354884,20.334991733505007,2.129726539065482,35.55,35.32
2023,33,43,23.2626027027027,77.42534781609298,bare_soil,0.140262437393278,0.3305421166062352,0.0,0.0,1.0,0.20989936070890147,0.011931480561212638,496.81691823557287,410.00110307715914,38.819255860989166,27.115716809427862,2.165922719273066,35.99,36.22
2024,33,44,23.2626027027027,77.42632841733091,water,-0.008199120675345256,0.07787836734347102,6.094866334743435,0.026413749318742435,0.9245237745272573,0.0,0.02210715361858538,500.8714629635017,0.0,38.71042463511394,24.945851729358154,1.4041915232019022,36.04,36.77
2025,33,45,23.2626027027027,77.42730901856882,grass,0.3799366608365711,0.16596442049756263,0.9024525262083282,0.041784794903047005,0.9679938375412408,0.1142952724808965,0.05689900715876364,504.20349490176204,7.53394460915672,37.79302151549256,21.970680220499545,1.010847697356623,31.19,30.51
2026,33,46,23.2626027027027,77.42828961980675,grass,0.46687438222839106,0.25950341990714293,0.42941738702828575,0.0,0.9957058261297171,0.08330714409525758,0.05227026918852914,514.3650422623845,217.73846325978354,38.60307294117101,19.76652816825456,2.3654984720034156,32.1,32.35
2027,33,47,23.2626027027027,77.42927022104467,grass,0.4716739271461287,0.19203377330109644,1.2693177408468768,0.02939156294892711,0.9711414629696213,0.08834263916853019,0.05526396809165203,509.1191657318737,705.9763719175705,38.23736508022732,28.306413091146418,2.0081625231712836,33.52,33.51
2028,33,48,23.2626027027027,77.43025082228259,water,-0.180229616029899,0.12276718463233219,2.0717371476024433,0.028187821582282103,0.9637793266537203,0.0,0.03941743497176451,516.3394051463075,0.0,38.28164805934237,15.244415294747931,2.040887866022235,35.78,36.66
2029,33,49,23.2626027027027,77.43123142352052,road,0.035669561987430716,0.07804428038910888,0.0,0.0,1.0,0.9865411264948275,0.9363688418910056,502.9824020533013,398.1084016456593,38.683001102483644,19.06622897775422,2.6474992931784946,46.12,46.13
2030,33,50,23.2626027027027,77.43221202475843,bare_soil,0.1099466070140513,0.2513939132487365,0.46892894424449816,0.0,0.995310710557555,0.20757891538273948,0.0,501.4477127113799,45.880649214044865,39.179167569450584,17.874052791642125,1.0348462334866462,36.71,34.14
2031,33,51,23.2626027027027,77.43319262599636,water,-0.060717059563869955,0.07103771322219278,0.5427817884046472,0.0,0.9945721821159536,0.0,0.0,511.0040011080811,0.0,38.40717956208059,19.223952625449524,2.2313265806026292,35.72,34.88
2032,33,52,23.2626027027027,77.43417322723428,grass,0.45779250248342623,0.19227075502154198,0.0,0.013832759548273219,0.9923919822484497,0.13503446490937132,0.03835896405868029,513.6764576647018,586.7818771062077,39.28915224434374,30.125070584622343,2.5896419302265667,35.87,34.52
2033,33,53,23.2626027027027,77.4351538284722,road,0.04076219644649683,0.05920475827691294,0.52761380166808,0.07346866066776483,0.9543160986160485,0.9279245558694068,0.9836852616784824,511.528317970924,611.1923912585283,38.061200498218746,27.347556022376057,2.052212127788007,45.31,47.04
2034,33,54,23.2626027027027,77.43613442971012,built_up,0.10801638164468083,0.18738895234425829,13.791205525143686,0.5507875079733189,0.5591548153632376,0.7613025320290996,0.3738854610708956,504.1379019241573,320.9992220790866,38.99269708206399,26.123153373960076,1.1121985698430734,43.8,45.07
2035,33,55,23.2626027027027,77.43711503094804,built_up,0.022140280761786986,0.15812005406594504,12.196209215028688,0.5541811995111097,0.5732382481186028,0.8655363465252724,0.35225822266169093,498.63640773421594,1158.5208185578513,38.672276820813664,16.209743689240536,1.4956356466737741,46.09,44.15
2036,33,56,23.2626027027027,77.43809563218596,built_up,0.12817594235096919,0.15601552079062916,11.633289620270759,0.5476813346994482,0.5824423697125959,0.8828847119730949,0.36540935566560767,500.7335774192986,1290.2950031021032,38.58342266074431,30.108748484130338,1.6069135400329264,45.46,44.55
2037,33,57,23.2626027027027,77.43907623342389,road,-0.07990073638350513,0.11723927823143707,4.1004573239151405,0.010999334335223316,0.9529457928764757,0.9841738659353486,0.9261646277811038,503.9418182417357,970.8377048228674,39.05326494984584,28.844082923723104,1.2290365660730758,47.74,46.49
2038,33,58,23.2626027027027,77.4400568346618,road,0.10855798694343535,0.08409140925957531,0.0,0.0,1.0,1.0,0.9424093735355038,495.6153802970287,51.1950373422726,38.24538685654061,23.2553624669696,2.422824550252233,42.95,43.14
2039,33,59,23.2626027027027,77.44103743589973,tree,0.6653176808678385,0.19583654830177813,1.309689353978344,0.0,0.9869031064602165,0.02021720501834571,0.09439484272258657,521.5710381004411,1699.5074201827842,39.01102768305205,28.109049482798106,2.1903866014367037,32.03,31.17
2040,34,0,23.263503603603603,77.38318196286234,road,0.12355679323768153,0.16314275789356358,5.536428874761792,0.0,0.9446357112523821,0.9360866018629999,1.0,492.28564785646677,641.7393352506914,38.416674155949494,32.58745012276885,1.7740640305436632,44.07,43.83
2041,34,1,23.263503603603603,77.38416256410027,road,-0.03033808105568892,0.1060581098670421,0.0,0.0,1.0,0.9488830603083329,0.9021629874469973,508.49929451219674,1131.3337625382028,38.24315735785243,25.797868550476608,2.7913143515638335,46.54,45.3
2042,34,2,23.263503603603603,77.38514316533819,road,0.06462131525616682,0.12402590537881808,0.0,0.04940657626133347,0.9728263830562666,1.0,0.937263989075114,486.52872111108815,1360.3291962008966,37.96933658975509,27.837767738116554,1.8663009616516824,43.94,44.33
2043,34,3,23.263503603603603,77.3861237665761,road,-0.04567820268155401,0.1214084937677256,0.1972213966822426,0.0,0.9980277860331775,0.9929198520517408,0.957652777477219,501.55958001116073,1145.5088212691007,39.13414157541743,28.962031503720276,3.0855067896569084,48.1,46.59
2044,34,4,23.263503603603603,77.38710436781403,tree,0.6808567088326115,0.1977482740230107,0.0,0.0,1.0,0.08373168521657168,0.05745722403563229,504.84958479958215,940.4455787783107,38.95650437861898,30.639545820758638,2.0386429341228287,33.14,35.39
2045,34,5,23.263503603603603,77.38808496905196,tree,0.603632057764982,0.22445070512660928,0.0,0.02930306967094411,0.9838833116809808,0.1555118425569562,0.02597865791772418,502.3298643567877,1205.7610264054765,38.30877466973613,29.665646171343912,1.6167845762051556,33.32,34.67
2046,34,6,23.263503603603603,77.38906557028987,road,0.04189004037959909,0.1805184045182153,0.0,0.0,1.0,0.9636249466586906,1.0,495.3849871281715,1203.335147258808,38.718167466883415,29.910355010984066,1.6453879494655221,45.76,47.99
2047,34,7,23.263503603603603,77.3900461715278,road,0.09426051247491891,0.13336950859775337,2.54518460390758,0.07089931846220626,0.9355535288067107,0.9954115854845963,0.9317180440671305,501.17775112448396,790.7762302040504,38.55063983374681,29.07521392891235,2.1965268849019024,46.03,46.58
2048,34,8,23.263503603603603,77.39102677276571,tree,0.8712931189025439,0.1640203004114615,1.207852511199101,0.0,0.987921474888009,0.05664091965607062,0.008515845782748914,505.40548308675545,1283.3320497160073,38.358834925123574,27.229185642168794,1.5501828843249859,31.1,32.5
2049,34,9,23.263503603603603,77.39200737400364,road,0.11501990833759952,0.15012708002444963,0.0,0.0,1.0,0.938644682518866,0.9621095190408792,501.2622889070968,1033.6119537038817,38.88590326458206,31.605052373970192,2.2866405835009638,45.6,46.4
2050,34,10,23.263503603603603,77.39298797524157,tree,0.6878933816198111,0.22311712293936078,0.0,0.0,1.0,0.0,0.011641072412934014,509.97253127518366,733.0112524996293,38.249833372524655,21.302754885661088,1.9596883296393999,31.38,30.48
2051,34,11,23.263503603603603,77.39396857647948,tree,0.7260886401464355,0.19992728569275708,0.0,0.01913138321306221,0.9894777392328158,0.06253778759160195,0.0,496.2854768435877,1026.474015248211,37.62334342553829,25.483378849339505,1.9377391998458517,31.12,30.78
2052,34,12,23.263503603603603,77.39494917771741,road,0.10693152153943711,0.14843780876774534,5.238717576083319,0.024272857797723014,0.9342627524504191,0.9593342722657814,0.947441906724867,499.08988145362446,617.5960857982893,38.60393492059751,34.36736737414341,2.11782975170682,44.2,44.58
2053,34,13,23.263503603603603,77.39592977895532,road,0.05297732060772958,0.1228846548984244,0.0,0.05440850238873133,0.9700753236861978,0.888159819746278,0.9411007218830517,509.19452218444957,1097.6592748082996,38.526706439441654,25.309657240936087,2.7692610405905764,44.91,45.95
2054,34,14,23.263503603603603,77.39691038019325,road,0.008581570441376671,0.16906470540352947,0.0,0.0,1.0,1.0,0.8788594577822642,493.34841177246824,1077.8512841189197,38.262691406109376,27.68738955688168,1.8742036043975934,44.46,44.45
2055,34,15,23.263503603603603,77.39789098143117,road,0.0023485400460929277,0.1274182852325884,0.0,0.04292400121310351,0.9763917993327931,0.8954526754369108,1.0,496.1971501041583,1504.6692290360963,38.14303185688191,33.551210335720825,2.2886589846205503,45.49,45.99
2056,34,16,23.263503603603603,77.39887158266909,tree,0.6695692626619953,0.23774295845155308,0.0,0.0,1.0,0.05215516380596218,0.06935956156384072,506.32630810102876,1293.310840221402,37.87624072739118,27.49560920297509,2.4665795058752926,31.3,31.0
2057,34,17,23.263503603603603,77.39985218390702,tree,0.7686312118728936,0.15539196333132993,1.9160422377131823,0.004641697617623485,0.9782866439331753,0.014513433989682495,0.02717416349757016,499.54939357507556,1392.7039388928633,38.35491131737767,24.664470683884954,1.4612908619014775,31.26,30.89
2058,34,18,23.263503603603603,77.40083278514494,tree,0.6891073564348512,0.1631514712379712,0.0,0.09484242348212524,0.9478366670848312,0.017865678783378212,0.07187352929780022,491.748899998708,911.0827874966643,38.14990711915992,32.79344215120875,2.461208983665522,32.0,30.68
2059,34,19,23.263503603603603,77.40181338638286,tree,0.7357505639178281,0.21700105374765966,2.7209470614761626,0.0040945021871623575,0.9705385531822991,0.023146203528355416,0.0849984655640769,494.9044203866387,502.8029802922574,38.885758373406965,26.842637517316415,2.657536520977478,30.41,30.81
2060,34,20,23.263503603603603,77.40279398762078,road,-0.08151392739048444,0.06154815952659299,1.489238862999862,0.11072338008222611,0.924209752324777,0.8780019664124002,0.9186978046734178,500.71220635830565,1377.3844070698328,38.70660104802744,27.115820606673108,2.695416838350531,46.84,46.4
2061,34,21,23.263503603603603,77.4037745888587,grass,0.4027237488508638,0.2377239946745093,0.0,0.1303580816457632,0.9283030550948302,0.10722701438166392,0.04422755092581308,500.6740556741173,371.2244816968721,38.30618643911854,20.07854266225977,1.4907352262519538,33.15,31.99
2062,34,22,23.263503603603603,77.40475519009662,bare_soil,0.1769922245341235,0.24522917340217637,0.0,0.0,1.0,0.24077818603312406,0.0,501.4919243545853,57.365947884893785,38.70908784947103,19.490636449584734,1.5766811375611054,35.24,34.71
2063,34,23,23.263503603603603,77.40573579133455,bare_soil,0.18375979861764935,0.29955728897813144,0.049320797795526145,0.008436489394578436,0.9948667228550266,0.13032123683524743,0.0,499.0240686098133,784.9024903825405,38.45701010901742,30.73188159064908,2.162940208808024,35.83,36.09
2064,34,24,23.263503603603603,77.40671639257246,bare_soil,0.1538627202564762,0.26911201377658056,1.8634458907285678,0.07103957637067865,0.9422937740888411,0.19556662916678844,0.022386556264471093,498.337166957327,440.80762605945586,38.392220326633726,26.276590901253524,2.0840119093278755,37.25,37.85
2065,34,25,23.263503603603603,77.40769699381039,grass,0.46017385937749966,0.271097928671616,2.288190943113875,0.04125922168810902,0.9544255186404013,0.07731285668744653,0.0,503.11628352764836,1102.9803597501318,38.478076086936625,22.874599223848463,2.171271513023948,34.06,33.89
2066,34,26,23.263503603603603,77.40867759504832,tree,0.8234042639119689,0.10642088432202894,6.115970731483542,0.020849347412384287,0.9273731516083532,0.09544651820818964,0.0,498.10475330588275,871.4239584486043,39.20852387767908,26.078155643644948,1.9283380339127931,33.82,34.78
2067,34,27,23.263503603603603,77.40965819628623,tree,0.6495151344768921,0.09335065890097369,0.8387633807581201,0.0,0.9916123661924188,0.12206685439384196,0.013603260964615378,499.30624965534,790.2601090557253,38.75760739595475,25.539170674952853,2.3037429597060175,34.52,35.86
2068,34,28,23.263503603603603,77.41063879752416,road,0.09201122613578888,0.08873754702021672,2.3612468989425524,0.0,0.9763875310105745,0.980826080186329,0.9768307897122943,506.76109075102397,585.6485596090972,38.38060711793098,26.985457923340665,0.6612502149100953,45.48,45.22
2069,34,29,23.263503603603603,77.41161939876207,built_up,0.015166680378008043,0.08389235872294248,18.041665675734414,0.820113850566073,0.3685207254313157,0.8724848720698871,0.35968132029520145,499.9437875482681,571.169959632749,38.85754518134784,25.929595815973784,1.9394112462581015,45.99,46.87
2070,34,30,23.263503603603603,77.4126,built_up,0.020354529382764885,0.16340605457495846,20.659820019483462,0.7553822272958226,0.37794157479246293,0.8718503815325819,0.28133802142519976,501.4403833277707,346.57445451901424,38.843123153326204,34.65832639790021,2.315976341645233,46.01,45.41
2071,34,31,23.263503603603603,77.41358060123792,built_up,0.15555397441222885,0.1340407172844482,20.68321692974791,0.7519909820714598,0.37957279056321797,0.7356949642712449,0.3409785471675907,501.5740580409075,492.03778974115966,38.603886921068536,29.209409527076367,1.404544216517084,43.55,42.38
2072,34,32,23.263503603603603,77.41456120247584,built_up,0.08995703031640868,0.124806373929033,17.610097400841244,0.7107077173345532,0.43300978145758334,0.7501697167245424,0.34574163986480433,494.0383753400151,966.4088959065749,38.368572077808444,21.039144479254862,1.7949260757830097,46.83,45.98
2073,34,33,23.263503603603603,77.41554180371377,built_up,-0.05091902118081158,0.1487305639743288,23.58378550396998,0.7510395568153581,0.3510903887118533,0.8498625954658978,0.3670538707988596,504.0361556576458,237.16768795698636,38.342156152578774,20.28597593730046,2.37561645035053,45.33,44.55
2074,34,34,23.263503603603603,77.41652240495168,built_up,0.01950222739711048,0.1595816239265159,13.336513198124223,0.7932780826691872,0.43033192255070485,0.8304100737965906,0.350123406163486,495.79513703001305,1175.441311760812,38.06994134501889,27.84018515743984,1.7141952066291315,44.92,44.53
2075,34,35,23.263503603603603,77.4175030061896,built_up,0.09494064244547568,0.1303478604016356,17.03490420177665,0.7345844461670136,0.425629512590376,0.969847008826689,0.29731646572081455,508.6630574477259,765.1603463077265,38.57219692184935,32.77789947464232,1.8357069133341652,45.31,47.09
2076,34,36,23.263503603603603,77.41848360742753,built_up,0.17238870514472457,0.15887200385574568,17.704773549175737,0.7825193570151513,0.39256661814990934,0.8614884412174647,0.38019824122425244,511.42575571055386,550.2207674549529,38.25605295093024,27.37595018146647,2.501988903271007,44.04,43.57
2077,34,37,23.263503603603603,77.41946420866545,road,0.004536901100903112,0.09068564407252702,1.1263510189919133,0.0,0.9887364898100809,0.962509751785967,0.9112972495319072,504.06671294735094,151.95719973037205,38.32531233063879,19.261039559561613,3.4064400989982953,44.23,43.89
2078,34,38,23.263503603603603,77.42044480990337,built_up,0.002796025257148685,0.10667673731243418,15.811111778096866,0.6850347781823207,0.46511975421875484,0.862572632277675,0.34353506845227444,502.9624863500616,778.2884750843322,38.749607154732836,35.451990191926804,1.2290179371154983,47.54,47.68
2079,34,39,23.263503603603603,77.4214254111413,built_up,0.12442997068571213,0.0827652626958012,14.18197575988398,0.7250674436068649,0.45939314841738443,0.8605706170981614,0.38907731814218083,487.6478589718529,340.9904790464574,39.17487300551927,23.724730333271708,1.5307594801656605,44.94,43.75
2080,34,40,23.263503603603603,77.42240601237921,built_up,0.06221720381393765,0.14499691363965808,16.846471476816053,0.7088313821600258,0.44167802504382525,0.8442673019413408,0.4048934508381873,513.5296742253773,45.68254753488259,38.649680492377605,23.19073699682407,2.1250916336077585,44.79,44.92
2081,34,41,23.263503603603603,77.42338661361714,tree,0.7227066726158121,0.20393982825921314,1.4633199542732478,0.0,0.9853668004572675,0.06274324426233932,0.0,499.84686497241535,99.09294510607026,38.45794145773523,20.255561784014084,2.4836459181831323,29.9,30.49
2082,34,42,23.263503603603603,77.42436721485505,bare_soil,0.1504787378419391,0.24652126155702758,0.40758293692000713,0.01595977952107813,0.987146291894207,0.20379319445467084,0.0,498.317053998211,1248.3067105048267,38.49249456447724,25.99656977249205,2.6101357711488253,37.1,38.43
2083,34,43,23.263503603603603,77.42534781609298,bare_soil,0.09452349600830517,0.28064290320836843,0.0,0.05102135497690335,0.9719382547627031,0.20389153875801266,0.0,500.057002068254,564.191740492686,38.95518588546506,25.40754165976384,0.6200227738187607,37.39,38.57
2084,34,44,23.263503603603603,77.42632841733091,water,-0.016445073346207276,0.07865937480481897,0.0,0.024931661822476327,0.986287585997638,0.08930437166826447,0.04787723558185004,491.17653072971797,0.0,38.6550810390442,25.43340802988832,1.0220362379398547,36.99,37.32
2085,34,45,23.263503603603603,77.42730901856882,grass,0.448159009358113,0.21944353424317922,0.9524046429470971,0.0,0.990475953570529,0.054218808470958994,0.06807201346035727,491.01147134183924,338.0316974815387,38.57749441869181,29.861224792052894,3.2580696007025223,32.78,32.58
2086,34,46,23.263503603603603,77.42828961980675,grass,0.38221313885513236,0.23836637306356534,0.26617827353707896,0.04417518098523246,0.9730418677227514,0.060740329187194755,0.0,496.4487923562382,675.2275082073352,38.60582815126814,30.40446004827606,2.6355941395985876,33.28,33.13
2087,34,47,23.263503603603603,77.42927022104467,grass,0.4625457784662039,0.1695282510013683,1.1968271582091872,0.0,0.9880317284179081,0.0676292174941251,0.07694838124565674,482.53442523637443,955.2145749926149,37.928553000692155,31.55909309872995,2.4006372360000308,33.78,34.15
2088,34,48,23.263503603603603,77.43025082228259,grass,0.46912371780404905,0.1954364506944773,0.0,0.06105234010756421,0.9664212129408397,0.19814617719855135,0.07258903467537825,515.0869733420838,475.87023008243744,38.65619056408367,29.367616209237315,1.4350882730039463,34.7,34.66
2089,34,49,23.263503603603603,77.43123142352052,water,-0.19480504398757076,0.07842135474581127,2.012146590264181,0.0,0.9798785340973581,0.0,0.0,502.8525084990962,0.0,38.149912352995955,15.756043685208667,1.9353043334509095,36.17,36.09
2090,34,50,23.263503603603603,77.43221202475843,grass,0.40349035358973934,0.22539433593072378,0.0,0.0,1.0,0.03676053736546418,0.02399048688820746,493.59608592914117,1222.0757141085255,38.65776696368566,21.713133806624136,2.541791270507196,34.83,33.99
2091,34,51,23.263503603603603,77.43319262599636,grass,0.44842877575654416,0.21319771744652521,4.420310922486514,0.019164408850931854,0.9452564659071223,0.08159229581840356,0.006650586116556674,490.55061915255,871.7067155858443,38.20592414629385,34.15857282268338,1.3401480771648926,32.55,33.15
2092,34,52,23.263503603603603,77.43417322723428,tree,0.7384568125425981,0.12256872022497206,0.0,0.0,1.0,0.0,0.021730299441037552,501.4572163432551,871.301848067177,38.73646782825161,28.832059122364843,1.7768475872515506,31.97,32.24
2093,34,53,23.263503603603603,77.4351538284722,tree,0.7530104592830497,0.16245263167296242,0.0,0.0,1.0,0.06423098536462582,0.023036326219453142,490.41172009243854,882.7732731663896,38.43877098317832,28.31705397909733,2.425240419008969,32.18,31.5
2094,34,54,23.263503603603603,77.43613442971012,built_up,0.07773068760397822,0.14843035709660365,13.972226733702717,0.47352210992791993,0.5998405722026169,0.8881822328966357,0.37092222715357026,494.2033632783562,416.8374988562242,38.04185558545935,35.21831594710076,2.145067386206073,43.69,45.03
2095,34,55,23.263503603603603,77.43711503094804,built_up,0.041110901282345375,0.0958505615710806,13.436411131930672,0.5559652433377082,0.5598550048449538,0.9210773028962974,0.30642634329295093,506.29443408304206,1058.350990536319,38.38372762139682,23.74256475908277,1.55409541142328,45.94,46.13
2096,34,56,23.263503603603603,77.43809563218596,built_up,-0.06375642076600387,0.130028085540432,11.546390919927804,0.5445211821068668,0.5850494406419452,0.8064522745510472,0.37252257388769056,499.1432933201041,321.13850786655007,39.38235541600177,17.906055401356653,2.3263820104417405,46.59,45.31
2097,34,57,23.263503603603603,77.43907623342389,road,-0.0031311185134823213,0.1559489438016711,0.0,0.045293352974179024,0.9750886558642016,1.0,0.9320694459512705,489.7326201907201,496.10119809626997,37.59077793344839,20.753774291932945,2.7422660254191773,45.12,45.97
2098,34,58,23.263503603603603,77.4400568346618,road,0.11710002255144487,0.11455212235754637,0.0,0.0416980263890285,0.9770660854860344,0.8906574366161071,0.9169550302568015,500.6503549805883,2360.209539951163,38.56653667676705,25.87642080910776,1.1140337423289184,45.82,45.21
2099,34,59,23.263503603603603,77.44103743589973,road,0.07896006470121203,0.09552830796150041,0.07078574002557365,0.04598546083011355,0.9740001391431818,1.0,0.9400944201296422,498.2510645307192,712.9854089847825,38.09577379609634,28.468694716153024,3.149678841861624,44.66,44.29
2100,35,0,23.2644045045045,77.38318196286234,water,-0.0600904791633029,0.1107791597828577,0.0,0.0,1.0,0.0,0.0060362782770407635,490.09643020437977,0.0,39.05075058965286,25.56657322981252,2.89984945793874,35.96,35.79
2101,35,1,23.2644045045045,77.38416256410027,grass,0.5174111568426569,0.2150321759394044,0.0,0.021584256349250135,0.9881286590079125,0.14854094809944793,0.013256286696992723,496.82948317066234,936.312818280335,38.82652369971731,31.37286745753596,2.3129059076513103,34.59,35.37
2102,35,2,23.2644045045045,77.38514316533819,grass,0.5148905337197477,0.21795594611207614,0.0,0.019544821593409995,0.9892503481236246,0.19156270998893649,0.03297132577047614,497.8444222025705,2075.9866734398993,38.57436399797571,17.752929307539976,2.108514719805509,34.03,33.98
2103,35,3,23.2644045045045,77.3861237665761,grass,0.5297880985350745,0.25554475019494055,0.0,0.0,1.0,0.008292277331659687,0.06859667551416995,500.61597720297283,176.2155750421408,38.8669728955028,31.202771475917643,2.6736059218689343,31.29,31.85
2104,35,4,23.2644045045045,77.38710436781403,road,0.10211085612472642,0.099879471372913,0.0,0.0,1.0,1.0,0.9700708010310732,499.6160995755521,839.7468421313013,38.597828656582706,26.35786200055055,2.520231294568674,45.58,44.16
2105,35,5,23.2644045045045,77.38808496905196,grass,0.6075880583102251,0.18389896792103858,0.0,0.035412836892169765,0.9805229397093066,0.04927800316684333,0.0,509.0521491714347,1323.706117563243,38.50244775141121,32.91121628795236,2.021197947404003,33.44,32.45
2106,35,6,23.2644045045045,77.38906557028987,tree,0.7490482786256567,0.18545474547112703,0.0,0.0,1.0,0.04604625923685822,0.05384865412621559,503.4068589246924,529.4757001635695,38.26045638284461,30.184046694169027,3.1637625962010607,30.36,30.39
2107,35,7,23.2644045045045,77.3900461715278,road,0.0773725336655323,0.059644818501945064,0.0,0.0,1.0,0.9371448277764638,1.0,488.23460682862884,556.1356510872389,38.35563416588917,28.021385870832784,0.9371790117794878,45.41,44.76
2108,35,8,23.2644045045045,77.39102677276571,tree,0.7506241062790926,0.16589991720283642,0.3888943269199381,0.07147748163426389,0.9567984418319554,0.0827313928831711,0.001252705997707694,498.9302441647937,1203.4252502346537,38.314375541404694,27.051795392349927,1.7699408754340877,32.18,32.0
2109,35,9,23.2644045045045,77.39200737400364,road,0.06809938596962248,0.11062258219581544,0.9015225001435219,0.01807912201898073,0.9810412578881254,0.9753886722997434,0.9257904957441435,505.9407647841733,1056.4712316891043,38.50413784230667,23.55053201777516,2.449945960731629,46.7,47.37
2110,35,10,23.2644045045045,77.39298797524157,road,-0.09485878294663505,0.08522493440939387,0.0,0.0,1.0,1.0,1.0,480.3294321774039,1035.2983693009464,37.743159471904406,22.848541111053677,2.1687376001294356,46.86,46.14
2111,35,11,23.2644045045045,77.39396857647948,road,0.034175167216002764,0.10458530633982042,1.3573488634053659,0.007489437028974065,0.9823073210000106,0.9619283012180606,0.9511697065543844,504.45253331786455,1086.4333918352897,38.911865737329855,27.335050230066766,2.601214076678688,46.46,45.8
2112,35,12,23.2644045045045,77.39494917771741,built_up,0.09131793845718114,0.12249657116741555,21.71618181097679,0.6007951773096591,0.4524008343699195,0.8881231613668068,0.3296879018855578,501.516589553303,919.1978309451865,39.278748672633704,22.447225844762958,1.0646176283943474,46.68,46.78
2113,35,13,23.2644045045045,77.39592977895532,built_up,-0.034716987304891964,0.11850017718961267,13.084288358885164,0.5652611534381757,0.5582634820201516,0.7965080432419456,0.35175424145203776,511.1788689111873,866.4429133126947,38.32711365013774,34.591654283614055,1.6855816416669132,45.08,43.17
2114,35,14,23.2644045045045,77.39691038019325,built_up,0.009123772659685073,0.10907288290403208,14.232151479621184,0.5369097317678573,0.5623781327314668,0.8652228541980429,0.40412395479067115,495.3927662981397,812.1977370346704,38.969980781953495,28.387799655539336,2.3842914764888605,47.81,48.72
2115,35,15,23.2644045045045,77.39789098143117,built_up,0.054262358739727665,0.12111116446169531,15.899946611806582,0.586861827206942,0.518226528918116,0.8095799773755011,0.2852283447228231,500.51670582190917,1280.7182929763092,38.44635883598257,36.37086101509304,1.0525261521125862,46.53,46.65
2116,35,16,23.2644045045045,77.39887158266909,built_up,0.12243852731254032,0.1847597999224583,13.989269435405387,0.6748223389870719,0.48895501920305656,0.7948683690743931,0.3783703458291158,513.1534982319235,969.6666723886301,38.259078831548536,26.257541401720555,1.6354932132704894,44.34,44.42
2117,35,17,23.2644045045045,77.39985218390702,built_up,0.17970869701662445,0.12203804005772045,15.587515423546009,0.5986534222083835,0.514865463549929,0.8517394924227715,0.36078695281752354,500.20828050105916,456.88483841888603,38.34728639456301,25.637922394208655,1.5163949179995238,44.03,43.54
2118,35,18,23.2644045045045,77.40083278514494,built_up,0.05055705435761808,0.1503551177595012,15.76995776276588,0.5988827335587628,0.5129149189150216,0.7551356977013446,0.3261804605227649,488.9418501062683,249.91053195230404,38.5342769933781,22.36347684048183,1.9469058363621443,43.97,44.59
2119,35,19,23.2644045045045,77.40181338638286,built_up,0.05460168494036369,0.13561702481328405,14.74522402196248,0.7779199867439204,0.4246917670712189,0.7869448483201017,0.398368498317616,498.6994559224575,312.9969541424048,38.211477489623526,26.962876859294532,1.875309242476272,43.37,43.22
2120,35,20,23.2644045045045,77.40279398762078,built_up,0.11525456062347628,0.12641367346194982,14.631129134410923,0.7695527690213797,0.4304346856941319,0.7402769976865865,0.3402050469803041,501.520572963953,1320.2390326056316,38.742472922955734,31.892336596344464,1.7437688508582927,45.04,46.14
2121,35,21,23.2644045045045,77.4037745888587,road,0.006094146129270981,0.18983045733005005,1.8977976533706182,0.0,0.9810220234662939,0.9073158635516219,0.9594773600316708,490.8490699411446,865.1210178920755,38.29228801609055,33.75286921594849,2.010707115181639,45.06,43.52
2122,35,22,23.2644045045045,77.40475519009662,tree,0.6927762130041117,0.14411920788363927,0.0,0.04259568025398456,0.9765723758603085,0.0,0.06181099300662253,508.596294982463,401.1298793852485,38.07070944345157,32.39660150475972,2.2169885517327512,30.97,31.03
2123,35,23,23.2644045045045,77.40573579133455,road,-0.054266558570436815,0.1266759262729719,0.0,0.0,1.0,1.0,0.9146234681631152,488.2227929061594,685.8359111157142,38.492033440766164,33.45767584717081,2.101209713683846,45.96,46.0
2124,35,24,23.2644045045045,77.40671639257246,tree,0.7159291538229801,0.22458565107730133,0.0,0.0,1.0,0.06676141160980811,0.027980716848855273,501.840301719232,656.8829689109493,38.22242585803046,31.27034499113093,2.180522304247181,32.06,32.34
2125,35,25,23.2644045045045,77.40769699381039,tree,0.7298769776937313,0.1675055110313454,2.0816939919222515,0.0,0.9791830600807775,0.0902175148801229,0.07551048353114213,494.5796730613045,1702.2417093345546,38.369074064209634,25.803799197556057,3.0485822525728,33.3,34.56
2126,35,26,23.2644045045045,77.40867759504832,road,-0.012756774310535061,0.0888383546404464,1.349977078734531,0.022078120219737065,0.9743572630917993,0.9835907612755007,0.9827300435190874,502.0210403400264,1513.9787015128231,38.478276294100276,32.55950678736227,1.4634786088591216,46.31,45.08
2127,35,27,23.2644045045045,77.40965819628623,road,0.02680647492761675,0.08436519135241315,0.0,0.023566219086476135,0.9870385795024381,1.0,0.9582590412767108,493.20397142343313,1019.248284996731,37.96411727538994,30.79040228429803,2.392525007381304,44.97,43.71
2128,35,28,23.2644045045045,77.41063879752416,road,0.14621943940129664,0.11087675965685864,4.526512357860319,0.04331279982210076,0.9309128365192414,1.0,0.9689057636227417,501.09282460618306,873.5160786070949,39.083546119402925,25.52908834821997,1.589556741428309,46.34,46.02
2129,35,29,23.2644045045045,77.41161939876207,built_up,0.05398490003964361,0.15221352163578916,21.580718640376542,0.7998737494024358,0.34426225142489486,0.8484521170964153,0.3580166237639292,506.0614142504143,806.4453559134968,38.82505768496237,26.03634912443019,2.488275048523407,46.48,44.78
2130,35,30,23.2644045045045,77.4126,road,0.07500386298771189,0.12018314316258866,0.0,0.0,1.0,1.0,0.9832583767803625,505.6154897921187,103.81299806177458,38.24797817923844,19.63275698639528,2.2534470061348486,43.06,45.14
2131,35,31,23.2644045045045,77.41358060123792,road,0.020929957861042223,0.07477164006841225,0.0,0.004073965016321635,0.9977593192410231,1.0,0.9539921600281924,515.2650834309895,362.17006543212835,38.49234915587601,32.445918242375164,1.4379861011285253,45.38,46.22
2132,35,32,23.2644045045045,77.41456120247584,road,0.031873032488813756,0.08026979326942554,0.0,0.0,1.0,0.902733135785795,0.9030827486444704,500.68220071972837,83.96232199947116,38.754315571604955,20.46771674087317,2.060851969114673,43.98,44.45
2133,35,33,23.2644045045045,77.41554180371377,road,7.630958271543503e-06,0.12229611709173986,0.0,0.004051802937621874,0.997771508384308,1.0,0.9873823796431827,504.13253639802673,438.8330899284152,38.5834853091532,27.977403789920846,1.3234686132225242,45.89,46.59
2134,35,34,23.2644045045045,77.41652240495168,built_up,0.042575666211377164,0.13752923740278633,22.043319510689308,0.7556456130277532,0.3639617177278426,0.8446559064837869,0.3725477107118905,500.3977939908584,594.0041781022315,39.251940693998016,27.36339503147531,1.3570097039267754,47.0,48.14
2135,35,35,23.2644045045045,77.4175030061896,built_up,0.06519697071611615,0.12755186737775887,20.223333983824737,0.6358158488136982,0.44806794331421856,0.8739300868374128,0.33092988053994926,484.7583002893541,12.695288773792583,38.4045347550426,18.586609446965912,2.00218633430409,42.82,42.27
2136,35,36,23.2644045045045,77.41848360742753,built_up,0.07783723464212787,0.14304437687511173,19.388210415575323,0.7641517690696976,0.38583442285591296,0.772664251838639,0.3651001434540556,505.8283517873822,630.3685308097769,38.97559175764672,23.344322030931497,2.2756307625723373,46.21,45.89
2137,35,37,23.2644045045045,77.41946420866545,built_up,0.11014648911240342,0.08202437580580808,14.853564515149156,0.7817850370636386,0.42148258446350717,0.836014583892928,0.43892415658943335,489.7726207073467,1325.1966217781844,37.96614502960477,31.180899265677855,2.189269299421901,45.26,45.57
2138,35,38,23.2644045045045,77.42044480990337,built_up,0.04335766322092135,0.16587307948845076,16.37110000263357,0.7084853201407726,0.4466220738962393,0.8797771653709126,0.3254658695424052,506.40885115899835,433.89640792176783,38.02768010416495,23.93035748342182,1.6640302710299666,45.28,44.83
2139,35,39,23.2644045045045,77.4214254111413,built_up,0.09068299602282122,0.060644858149736566,16.03875412194292,0.754708418114106,0.42452282881781234,0.8847338593559351,0.38546182457374895,500.4265414228914,1429.3416470167565,39.17378881825628,28.27050124053126,1.956880490209985,47.69,46.86
2140,35,40,23.2644045045045,77.42240601237921,road,0.047306322994126127,0.0901969975337487,2.1378521877690266,0.04612991797442052,0.9532500232363784,1.0,0.9338826445014663,502.25177737655923,1312.8901965167024,38.32721760481381,26.36459012688048,2.634892399232708,47.64,47.16
2141,35,41,23.2644045045045,77.42338661361714,tree,0.7486529996697742,0.13566712389923427,0.0,0.0,1.0,0.012283829405962572,0.0,515.1246202222757,203.6163433079326,38.033020951713155,23.065353255583823,3.5498360993659164,30.81,31.15
2142,35,42,23.2644045045045,77.42436721485505,bare_soil,0.07176310142741923,0.22174874634818556,2.1660724617341214,0.0,0.9783392753826587,0.18245431974585508,0.0,504.7024351381356,427.6847708794603,38.480910218896774,26.631979863289875,1.8216932038695057,36.66,37.48
2143,35,43,23.2644045045045,77.42534781609298,bare_soil,0.0006659362389453832,0.2412539217705992,0.0,0.013765892070529393,0.9924287593612088,0.24650095202665745,0.06863222519480602,486.9208446618566,1004.0893581981372,39.00559069633583,23.975029881604403,3.096229255668142,38.42,37.28
2144,35,44,23.2644045045045,77.42632841733091,water,-0.1369042715322653,0.16770374233446628,3.4588853266280934,0.08509477060672449,0.9186090229000207,0.040121991012331985,0.015275527859007767,496.77933623436866,0.0,38.194590123967956,23.957235571026345,1.4944843627585143,35.15,34.98
2145,35,45,23.2644045045045,77.42730901856882,grass,0.4019936947825412,0.23852726974186006,3.90100699792158,0.0,0.9609899300207843,0.06388255950085196,0.0,501.9575333471481,1361.8473360082176,38.483317812805694,24.696036102689096,2.8625863089235013,34.74,34.69
2146,35,46,23.2644045045045,77.42828961980675,grass,0.5267596393631893,0.2613531622077069,1.0385165324877461,0.004509431866495222,0.9871346471485501,0.16411261310073766,0.0,496.47324058771716,1629.554823828828,37.758204323386515,28.61872103879842,1.818201893832376,33.27,32.02
2147,35,47,23.2644045045045,77.42927022104467,grass,0.3855236686145107,0.21896625601606676,1.5783265142693101,0.004134927766241052,0.9819425245858743,0.15747087533098603,0.0910271267536758,503.83731456223336,1496.2299263243804,38.31246419378214,33.095202551400504,1.7768338204908523,34.73,35.13
2148,35,48,23.2644045045045,77.43025082228259,grass,0.39427947213217085,0.21527382295842123,6.012977949817567,0.09714652105856988,0.8864396339196109,0.03615303913387158,0.02948950365964809,501.08859701218717,1036.6566449202849,38.898879787726095,25.079453689250517,1.9370351105323205,34.66,34.56
2149,35,49,23.2644045045045,77.43123142352052,grass,0.5264425597025502,0.2751747724881332,0.0935404389876851,0.0560992898315201,0.9682099862027871,0.13240980415530929,0.029154768879549403,486.4147346050823,1364.9345695975169,38.18626307112836,27.585940688661065,1.7123491104806572,33.81,32.97
2150,35,50,23.2644045045045,77.43221202475843,grass,0.4863116227331209,0.23168767690340034,0.0,0.09795686366363225,0.9461237249850023,0.10762359412244309,0.0,489.5814369615648,1221.8313897164803,37.99123777673997,26.27527574479287,2.4027128823040256,33.59,33.16
2151,35,51,23.2644045045045,77.43319262599636,grass,0.49243498438441674,0.20610969530060053,1.1565629033257365,0.03338031712688383,0.9700751965469565,0.10699626104984604,0.001946355162225133,507.69084759333833,1329.389156144546,38.18955465110077,28.525798239339792,2.9007821940513216,33.72,34.2
2152,35,52,23.2644045045045,77.43417322723428,tree,0.7540608024029616,0.15498804369666075,0.0,0.003826195520288615,0.9978955924638413,0.09647855633072286,0.061614915238475954,504.67505467279955,712.8951562850256,38.25612754006729,27.72613667385603,0.9322776072103885,31.41,32.29
2153,35,53,23.2644045045045,77.4351538284722,tree,0.6717475560003492,0.1794939951000985,0.0,0.05536476465993406,0.9695493794370362,0.026014280183943743,0.0041340289350269566,516.4399288021822,1741.3437972771694,38.805885541914805,31.68159789689599,2.06971803924695,32.72,33.03
2154,35,54,23.2644045045045,77.43613442971012,built_up,0.027033173530154615,0.18406255696841087,10.323586259523426,0.48548990744792564,0.6297446883084066,0.8339878251090076,0.34689633509008094,504.95805069758103,1046.634092077351,38.65191096515588,25.517122489896828,1.3187916387898748,45.72,47.44
2155,35,55,23.2644045045045,77.43711503094804,built_up,0.11688364126312212,0.12794477412319252,13.805194178984506,0.4984394750063793,0.5878063469566464,0.7805834962782117,0.3693204083476426,500.76844294789026,664.1554644946275,38.72917639033583,33.0967400819366,2.2907824288941714,44.8,45.8
2156,35,56,23.2644045045045,77.43809563218596,built_up,0.05450947229423467,0.1279903776567729,11.998289595914278,0.569717743539371,0.5666723450942032,0.9545127219491196,0.2409584526662089,503.905395174591,1526.3414933285571,38.511372844556774,34.418662346664604,2.5231933511221896,46.17,46.67
2157,35,57,23.2644045045045,77.43907623342389,built_up,0.06703539331925205,0.16784270254345418,16.486597095241432,0.4004389567767565,0.6148926028203696,0.8566880943112496,0.42826988708452224,490.0978775920142,1019.0433429971305,38.25205541884018,29.026178850814958,1.772461548893037,45.6,44.97
2158,35,58,23.2644045045045,77.4400568346618,built_up,0.053096163434354346,0.17155678220239012,15.069565666506389,0.46439296962000015,0.593888210043936,0.8516104648455091,0.2812340861791477,511.3840201691568,927.9042567663038,38.18945385692237,24.839420886841964,1.4891879631506364,45.14,46.16
2159,35,59,23.2644045045045,77.44103743589973,built_up,0.07146049649261897,0.16914799407858688,12.325435757943389,0.49370014333135315,0.6052105635883218,0.8801705067982737,0.3581514824334295,502.4835418277619,570.959708579187,38.672931116431464,27.835564401234333,1.0365026112960547,44.68,43.99
2160,36,0,23.265305405405403,77.38318196286234,bare_soil,0.11106119223003856,0.31252141149791035,0.0,0.0,1.0,0.15601878563104649,0.016135223876242107,511.2202308221685,1438.9123033003893,39.135601145856285,27.50048388166715,3.369274028812235,37.34,38.01
2161,36,1,23.265305405405403,77.38416256410027,bare_soil,-0.010617754791582945,0.2994587500042266,0.0,0.025469117623802252,0.9859919853069088,0.19252499123324932,0.0,499.42822726686165,916.8806134674369,38.123705968622694,35.08946685464027,2.9745969737723974,38.21,36.01
2162,36,2,23.265305405405403,77.38514316533819,road,0.0484628968933237,0.08341984859063523,0.0,0.03660409237384042,0.9798677491943878,1.0,0.9732023117166594,494.80981732261665,739.9033017444253,38.09280668394291,27.587319956197174,1.0047383249417945,45.88,45.44
2163,36,3,23.265305405405403,77.3861237665761,bare_soil,0.07905064600933542,0.30671184789251293,0.0,0.044202025481471494,0.9756888859851907,0.23184515787287344,0.059509079261350066,508.5052246319047,1353.6320797649428,38.04566892267243,33.53118970997069,2.5680662387165825,37.49,36.23
2164,36,4,23.265305405405403,77.38710436781403,water,-0.18812087100200708,0.09830385127570722,0.28868348008089584,0.0,0.997113165199191,0.06811121238672545,0.0,495.7644086644021,0.0,38.8326111959515,20.445806821005036,1.5309490349288077,36.75,36.49
2165,36,5,23.265305405405403,77.38808496905196,grass,0.4256944385833317,0.20261520338131922,0.0,0.0,1.0,0.06328053297086678,0.05484190089261812,491.8474215571842,98.26692055700005,38.48314279640334,20.183325985477726,1.8948840195584618,31.28,29.89
2166,36,6,23.265305405405403,77.38906557028987,tree,0.7381937880336893,0.1609814612350712,0.0,0.06412079878831159,0.9647335606664287,0.05357723730793324,0.08038484461691366,499.45482503174395,1503.1924680596908,38.72215873465704,26.58241038379718,1.4304471026299854,31.96,31.99
2167,36,7,23.265305405405403,77.3900461715278,road,-0.0028456339252288035,0.1132307195115671,0.0,0.0,1.0,0.9687666785188755,0.8968586378174551,501.2748797739109,820.9294614615908,38.29681277675637,26.955630731281428,0.9995223874962613,45.6,46.02
2168,36,8,23.265305405405403,77.39102677276571,built_up,0.09407479586701685,0.10060427046423469,15.334511657898146,0.6142645658359562,0.5088093722112426,0.9243266549627965,0.42615626118139566,500.33944795666514,768.8166931955843,38.747294340339394,31.558860821004394,1.7457745440599979,46.69,46.1
2169,36,9,23.265305405405403,77.39200737400364,built_up,0.10925501239220221,0.13285340692512213,9.483354248276509,0.5828351468089898,0.5846071267722905,0.8382799060212177,0.291305888970206,495.9337418779552,811.9077322090398,38.38494586328695,25.07759036051855,2.7827399573393183,44.45,44.16
2170,36,10,23.265305405405403,77.39298797524157,road,0.030709951094234057,0.11071534991832575,3.422549362736306,0.0,0.965774506372637,0.9723927913549946,0.9148414462969172,510.0493460099468,609.8658692065227,37.88202977835277,31.838950265333608,1.6218667946624863,45.42,45.62
2171,36,11,23.265305405405403,77.39396857647948,built_up,0.05937020974913629,0.17149086096084137,17.652042676097008,0.6403327921612574,0.47129653755033835,0.7678443452170799,0.3693165641075217,502.16093555737353,837.9470393708575,38.869159294966416,33.76349355167952,2.1564333711114196,45.73,45.69
2172,36,12,23.265305405405403,77.39494917771741,built_up,0.08399408666594134,0.17857321816875105,17.18768079801201,0.6238781838078233,0.4849901909255771,0.8603457099241228,0.4408236311366557,496.7950172480962,28.675606137738555,38.485509893515726,17.632701824751667,2.246195882514279,41.97,43.18
2173,36,13,23.265305405405403,77.39592977895532,built_up,0.06408535910878413,0.14173213234567006,18.098875364941374,0.565746035784524,0.507850926669098,0.8745615037014537,0.2909102290248371,508.65134322344556,844.0616585872342,38.37588041822351,32.83188763324013,2.1147087081143896,46.14,45.52
2174,36,14,23.265305405405403,77.39691038019325,built_up,0.06316663570954792,0.2039495727226988,17.76376386888329,0.5514853965569568,0.5190453932048407,0.8445304112671987,0.4594527816001727,515.8305342923298,1244.8034040858815,38.61251631252213,32.19295144577174,2.744185071378679,46.44,46.92
2175,36,15,23.265305405405403,77.39789098143117,built_up,-0.030822888217232725,0.17996450815940176,13.74720415379553,0.6817421362977434,0.4875697834982857,0.8138665757222541,0.369553181849188,494.87773898865873,575.3062320771087,37.922333427894294,31.476844080826105,2.2047111963110066,45.08,45.31
2176,36,16,23.265305405405403,77.39887158266909,built_up,0.11733179816647729,0.10043304729986445,21.510122029205164,0.5761828837111328,0.4679981936668252,0.795842488697214,0.3750053507171449,510.33552909298055,568.9618012796366,38.67228924081485,25.455749991984213,2.584212240023819,45.68,44.25
2177,36,17,23.265305405405403,77.39985218390702,built_up,0.01571184695473385,0.11232863273936666,13.245239149323432,0.6547981281395319,0.5074086380300231,0.8465006939958409,0.3670333043562126,502.91895542085933,1117.1252787898325,38.261675751588015,27.522369625581156,1.213888124567985,46.11,46.19
2178,36,18,23.265305405405403,77.40083278514494,built_up,0.05540335880783505,0.11785385783376731,16.44898419153031,0.6483252282207451,0.478931282563287,0.8626476007179779,0.3215314823589508,505.1377383156197,90.2866797898148,38.43755793769039,19.516921188863325,2.0954624612401305,44.32,44.24
2179,36,19,23.265305405405403,77.40181338638286,built_up,0.05357692043628402,0.17387123999799045,13.463970841731333,0.7150784051051631,0.4720671687748469,0.7795450313444192,0.2865909650280334,488.04910191979127,712.803986556155,38.95571749354713,36.36271026998445,2.450521890638698,45.31,44.87
2180,36,20,23.265305405405403,77.40279398762078,built_up,0.12377574502657566,0.17877782311667223,19.55359135904744,0.7169543896401321,0.4101391721074529,0.808410827407109,0.31637985864160384,506.3023385721563,1340.502670036614,38.75687785852617,27.959748473077738,1.3270107446333956,45.98,47.58
2181,36,21,23.265305405405403,77.4037745888587,built_up,0.018131547205380023,0.17881998018167322,11.943705401664893,0.7042732180729646,0.4932126760432205,0.8448096366112058,0.34183241020652094,500.25016904559754,179.07607719485162,38.42944735591576,19.266842930828663,0.3,43.86,45.02
2182,36,22,23.265305405405403,77.40475519009662,road,0.05676468609332383,0.11182005442378257,2.3382787058415992,0.07951951983310629,0.9328814770333755,0.9863458456354066,0.9172512653584616,490.8968069814342,1431.9686215545303,38.45956653624584,23.40825837924307,1.400948866703721,46.87,46.18
2183,36,23,23.265305405405403,77.40573579133455,road,0.1242223794380713,0.13662114831449432,0.14963475531644224,0.040758278014923426,0.9760865995386278,1.0,0.925281720915221,500.2383624179624,7.650327746049925,37.475772202545826,16.112578195824135,1.748254299224861,42.67,43.24
2184,36,24,23.265305405405403,77.40671639257246,built_up,0.07225630246235751,0.18632820639507355,20.056369471061025,0.7217503400704977,0.40247361825061606,0.7153383441669346,0.32376829458250933,500.81924771892886,432.0432901590898,38.17124325208153,25.263407178765622,1.9304088318801575,43.37,44.04
2185,36,25,23.265305405405403,77.40769699381039,road,0.03196635487729862,0.11727769763729215,0.0,0.0,1.0,0.9725278306416578,0.9218718932939513,514.77070129616,282.67794237819726,38.56685086869431,21.445350253068995,1.860139098314455,43.8,43.93
2186,36,26,23.265305405405403,77.40867759504832,road,-0.10525255276270135,0.1634979758025796,0.0,0.04499541745720187,0.9752525203985389,0.9459556785496421,0.9727711254237134,499.61482112003836,1004.1261992005509,38.19433399367274,22.303761554102977,2.1800758427920326,45.2,44.21
2187,36,27,23.265305405405403,77.40965819628623,road,0.017177745701721366,0.09034040277284937,0.6425496297405362,0.0,0.9935745037025946,0.8835413573300581,0.9259399708142593,522.9501518082036,420.94978666012594,37.969426961697,25.336485548521804,1.8326776303895187,44.05,43.19
2188,36,28,23.265305405405403,77.41063879752416,built_up,0.09446298938125594,0.1327131191520028,22.521452314753255,0.687458925113726,0.39668306803991815,0.8550651718140108,0.3774479073544052,498.5656426428416,95.10891098516356,38.69205988788724,12.556050832331358,1.610568233029481,45.01,45.49
2189,36,29,23.265305405405403,77.41161939876207,built_up,0.07866822998517978,0.13071511268413008,17.213476365293143,0.7926809690465011,0.3918907033714929,0.8701474791636478,0.37207067509257197,502.6423694626634,951.9867051318831,39.022577778002216,33.607617038955354,1.6347942743009762,47.19,47.65
2190,36,30,23.265305405405403,77.4126,road,0.10825558203443829,0.1013986029441089,2.04867226468533,0.0,0.9795132773531467,0.8673472016182645,1.0,497.3331324781321,595.942047466281,38.21144105456651,28.425631871186333,1.8056545977933776,43.93,43.67
2191,36,31,23.265305405405403,77.41358060123792,tree,0.6464870522462196,0.14185968859205744,0.0,0.03214488649108774,0.9823203124299017,0.02417285996937632,0.0065683820039449045,494.04391137013187,1054.940549996019,38.85000411195605,29.2416469059519,2.6737096988766544,32.55,33.73
2192,36,32,23.265305405405403,77.41456120247584,tree,0.7721118005450438,0.1654755525671416,1.7102906634759176,0.0,0.9828970933652408,0.03312253773119703,0.018011569012054095,505.1458717190031,32.78568075298523,38.789922293622915,15.640053446828531,3.007472738838228,28.39,29.73
2193,36,33,23.265305405405403,77.41554180371377,road,0.0601436770530395,0.18493462919400672,0.4578029508880167,0.0017859045971576324,0.9944397229626831,0.9757916164703075,0.9691284664667569,487.1167690807507,1340.2788127191957,38.109272773671805,32.64517268028939,1.5073175758980084,44.74,46.07
2194,36,34,23.265305405405403,77.41652240495168,road,0.08887121725824107,0.0906645238550896,0.07886807530174605,0.0,0.9992113192469826,0.9949617511946006,0.9524540345395344,501.82906844787937,10.199994717141522,38.20892509916119,26.012244718166393,2.3296544266927692,44.0,45.34
2195,36,35,23.265305405405403,77.4175030061896,built_up,0.05110738963966442,0.17438173738700535,16.203720879297787,0.591576130599993,0.5125959193770259,0.8424684807409002,0.4464596444184759,506.7910213022529,228.83431737185055,39.22124106868692,20.267690484796482,1.0805887265612646,45.27,45.26
2196,36,36,23.265305405405403,77.41848360742753,built_up,0.07696389337372488,0.16039578109978897,12.969370555224655,0.6721970502534675,0.5005979168083462,0.8699173437664872,0.41377946295243584,496.4854145466073,1323.5086862987835,38.05319091687836,26.083518658706012,0.9189666772517058,45.91,44.71
2197,36,37,23.265305405405403,77.41946420866545,built_up,0.03474058427998387,0.0384346201474792,19.025691536015817,0.7325012363884895,0.40686740462617255,0.8868092141733956,0.37788419488293334,501.53400043542473,431.36050462646614,38.25639191377325,30.20898081573581,2.152414842086451,46.97,46.68
2198,36,38,23.265305405405403,77.42044480990337,built_up,0.06675869736018646,0.12618795794987125,15.959157774552844,0.6048120189195118,0.50776181184874,0.7892846026533653,0.34346314807496303,482.0730641545787,421.0771990350578,39.28629956849997,30.939188701485236,2.7341245787499364,44.92,44.82
2199,36,39,23.265305405405403,77.4214254111413,built_up,0.05994306959229616,0.13615007251084962,15.961160697310154,0.5657815968085442,0.5292085147821992,0.9276197611636964,0.2925507732848798,493.4547114361987,24.942821584193325,38.27245228175145,23.48133910741692,1.6257864225375502,44.35,43.78
2200,36,40,23.265305405405403,77.42240601237921,road,0.10794185178297057,0.12264260366121488,0.0,0.0,1.0,0.9889796617038892,0.9001378279510318,503.0459152171701,355.52603134857856,39.04119636277609,30.65556318805483,3.2999783843723245,45.05,44.71
2201,36,41,23.265305405405403,77.42338661361714,tree,0.751178350916804,0.19457167534459957,0.0,0.0,1.0,0.03765873807785704,0.0,500.62907748714696,526.1149694933933,38.091193372484994,31.855969687845693,1.81107983623086,29.82,28.78
2202,36,42,23.265305405405403,77.42436721485505,bare_soil,0.08472030720720712,0.2411331315847163,2.9669729475805733,0.0,0.9703302705241943,0.3176675431890922,0.011397184378260358,502.81271489347847,699.0794164103877,38.55530700642719,25.229455687454767,2.0348699208721186,38.82,39.46
2203,36,43,23.265305405405403,77.42534781609298,bare_soil,0.14049430379101052,0.3127806199918444,2.7605658268636075,0.0,0.972394341731364,0.24277486998068454,0.02988557674358655,500.28713759403087,1561.2445963641908,38.934368164945944,31.64762963975764,3.165298993277619,38.94,40.41
2204,36,44,23.265305405405403,77.42632841733091,grass,0.5551660091015361,0.24713788809667392,0.0,0.0,1.0,0.13772000660834022,0.08438134234203068,483.7707379076274,1273.9605497706934,38.31301366149247,26.184795028468137,1.6524016073488095,33.31,35.45
2205,36,45,23.265305405405403,77.42730901856882,grass,0.4347080677588792,0.16572991496756717,1.173490388074923,0.04546933267369304,0.9632569631487196,0.08243256712662819,0.0,513.6967274151542,422.6278931948836,38.53989452502751,17.960282086679044,2.709590017235412,32.64,32.86
2206,36,46,23.265305405405403,77.42828961980675,grass,0.519568339045102,0.17460849024437933,1.0400126191343833,0.019375357882924646,0.9789434269730477,0.14367080032544532,0.08971933572936305,493.4909623069168,1043.7092248863378,38.79777451280461,26.148064374936364,1.9742637474616866,34.82,34.67
2207,36,47,23.265305405405403,77.42927022104467,grass,0.36800595691148996,0.1786625514858213,0.0,0.020466363630309802,0.9887435000033296,0.18384339100725317,0.1043578235933563,497.1608693673953,962.6691806556933,38.139202741277806,25.78438666928575,1.759618045365184,34.99,34.96
2208,36,48,23.265305405405403,77.43025082228259,grass,0.5065803279174296,0.24296148065426879,0.0,0.0038052518977610356,0.9979071114562315,0.09449095391522559,0.02166504215296783,497.26871658539136,776.8270695941035,39.3961419993066,28.964148127773253,1.893131135801489,34.28,35.51
2209,36,49,23.265305405405403,77.43123142352052,grass,0.4256511551055085,0.18593747018795978,2.156450707619219,0.02581288669558688,0.964238405241235,0.19382968715843152,0.04478072081077203,496.6643188103525,550.3424221306922,38.91508976830719,31.351964061340862,0.8861601901595355,34.83,36.04
2210,36,50,23.265305405405403,77.43221202475843,grass,0.45284196404097177,0.23658625490126786,0.0,0.0,1.0,0.0630494843720943,0.030721000632475466,505.92226927855546,147.681041553491,38.357087094854435,20.771248720160155,2.95665380811264,31.8,31.58
2211,36,51,23.265305405405403,77.43319262599636,grass,0.46590500703730015,0.22663358590773064,0.0,0.0,1.0,0.06318381293110237,0.03563225213461328,509.01454930198224,1516.6300532047044,38.406070869383846,36.03455144496516,2.335780118584334,34.62,35.7
2212,36,52,23.265305405405403,77.43417322723428,grass,0.3825611791668915,0.21439065457993287,0.0,0.005459215551058557,0.9969974314469178,0.12988239600655702,0.0928384474221595,485.7083409014041,400.95065887357157,39.26468829743249,25.899865912503458,2.1086647803566643,34.73,34.88
2213,36,53,23.265305405405403,77.4351538284722,tree,0.7286482081125376,0.13144834900576127,0.4305303771282615,0.031150127253523285,0.9785621262392796,0.0,0.025303414801938866,490.3023125198796,1660.0223870280163,38.3580741734046,20.04914987451937,1.7689340083757863,30.99,30.33
2214,36,54,23.265305405405403,77.43613442971012,built_up,0.09239876554761153,0.12079807913098903,9.973980427023296,0.523755130460021,0.6121948739767554,0.9178967751051208,0.31913984363192566,496.4828426714247,623.643877027341,38.311136603011754,29.111976225068567,2.016779117471661,45.59,45.45
2215,36,55,23.265305405405403,77.43711503094804,built_up,0.1733295542631288,0.0827407859309726,16.026910377593367,0.4728463479281833,0.5796654048635654,0.8464192440066879,0.33637461401131286,501.9168070518572,662.2869810380271,38.95846615977045,25.820591613457562,2.2710533047092065,45.44,46.97
2216,36,56,23.265305405405403,77.43809563218596,built_up,0.14350298819526078,0.17296991128382316,10.097438155289208,0.5124607067679599,0.61717222972473,0.832175306988344,0.35206533960245706,512.2012071788075,717.7014065903724,37.93977692204425,23.657260327534875,1.7236094395081167,43.81,44.46
2217,36,57,23.265305405405403,77.43907623342389,built_up,0.13559296638977522,0.1537137553685691,11.81342295754583,0.4848140460902956,0.6152180450748791,0.8624205961658444,0.3036658675158123,495.1462092510425,559.678096144779,38.46866713245049,26.809866877788004,2.3505604753398477,45.06,44.6
2218,36,58,23.265305405405403,77.4400568346618,built_up,0.0634028737106784,0.1803510588820465,13.49314565770792,0.3821488393841825,0.6548866817616205,0.836331615646034,0.35934499443677215,505.9527078424497,784.5547502936543,38.533663696549176,24.86635203819352,2.038574310447117,44.74,45.58
2219,36,59,23.265305405405403,77.44103743589973,built_up,0.005754090574146234,0.13830971288676752,13.20482798346634,0.4528351451565079,0.6188923903292572,0.8057661259729215,0.42018475213921247,499.2094756808518,1234.4708003558853,38.21851449312088,25.260845875915305,1.8171383480990837,45.46,46.1
2220,37,0,23.266206306306305,77.38318196286234,bare_soil,0.08028195589666999,0.3131952399509364,1.4296172313776847,0.015733171458028418,0.9770505833843075,0.14241725883440082,0.05376120906473066,506.0552237838156,1678.787535201278,37.87376037948268,34.090015248438746,2.7221969905881434,35.99,35.71
2221,37,1,23.266206306306305,77.38416256410027,bare_soil,0.12222176146140919,0.27775416508430095,0.0,0.11394989721554283,0.9373275565314514,0.17287768660388964,0.0,497.0139506727051,877.2374266506395,38.52764017750581,28.497297913191517,1.8477388824614833,37.05,36.38
2222,37,2,23.266206306306305,77.38514316533819,road,0.10559081018835517,0.0693202280415082,0.0,0.009526158211943185,0.9947606129834312,1.0,0.9785252922638857,512.9521388049244,1289.2297156722534,38.775272293874465,26.938555029863284,1.446043770086732,46.33,45.33
2223,37,3,23.266206306306305,77.3861237665761,bare_soil,0.10778283119531813,0.30566669584516587,0.0,0.0,1.0,0.24881317972906652,0.018422673038955374,507.712030491556,662.7370979254048,38.22837780755029,34.390457674491415,2.168146404538419,36.68,35.2
2224,37,4,23.266206306306305,77.38710436781403,bare_soil,0.1970870282464662,0.300110766316387,0.0,0.010367395839603853,0.9942979322882178,0.2173463946968347,0.0,496.91988358892144,1227.1384843089781,38.02807709428504,26.818093708839893,2.216101150622174,36.78,36.19
2225,37,5,23.266206306306305,77.38808496905196,grass,0.42449196503506575,0.17591743376435034,0.737221911347251,0.04180170869636454,0.969636841103527,0.1534267314461898,0.05129242254154039,506.5464580068531,1528.0569249773985,39.00243253237967,23.079485713916082,2.041507165982544,35.38,35.22
2226,37,6,23.266206306306305,77.38906557028987,tree,0.7247793490430958,0.1164324995300434,2.899453041687618,0.0,0.9710054695831238,0.0,0.0,519.8766234566878,1227.3806243587046,38.71125114823058,22.694172208849412,2.8801415897305644,32.47,33.6
2227,37,7,23.266206306306305,77.3900461715278,road,-0.03249698449636296,0.08949750702654784,0.0,0.027120188885316972,0.9850838961130757,0.9939646168966074,0.912855742358886,502.5371723494261,674.4060951878524,38.35527882543039,27.680015806174122,2.485377592175499,46.42,47.16
2228,37,8,23.266206306306305,77.39102677276571,built_up,0.14281490124284998,0.14168889806854304,11.607062407647557,0.5601591981620841,0.5758418169343781,0.8691622484892512,0.33100537201989955,505.84073643377474,1267.5516638495653,38.86834182710538,21.430994469030587,1.7694158216399973,45.51,45.69
2229,37,9,23.266206306306305,77.39200737400364,built_up,0.15210933190457043,0.16130415596468534,13.221541817794968,0.45351145075100363,0.6183532839089984,0.8593323297423352,0.363672169003987,500.40957553483776,579.3381674276903,38.5966958804575,23.310172405439353,1.8613498847636614,43.68,41.99
2230,37,10,23.266206306306305,77.39298797524157,road,0.070729797501243,0.08263849225913383,1.71430702886063,0.08503423625796074,0.9360880997695153,0.9673601209521374,0.9675393612992845,500.26222229036006,1162.124752477569,39.21568598022076,26.47497423398112,2.190898474637482,45.66,45.93
2231,37,11,23.266206306306305,77.39396857647948,built_up,0.08620670627929856,0.12449059066495577,11.992324591834091,0.6420298998478198,0.5269603091653582,0.8719276492361556,0.3832205967444117,503.1925032225787,1360.596899555791,38.76566777625313,32.52775380024953,2.0396341734315686,46.55,45.07
2232,37,12,23.266206306306305,77.39494917771741,built_up,0.0262419630643531,0.14249544333408917,15.765288513964219,0.6392643079206561,0.4907517455039969,0.9836538049750285,0.36630074488169667,494.711194078782,248.43846799933908,37.94405380841714,25.167251249310695,1.7769614285160944,46.59,47.38
2233,37,13,23.266206306306305,77.39592977895532,built_up,0.025711115982837915,0.11677641666981989,7.493960585869608,0.5528839160636752,0.6209742403062826,0.885837035066907,0.3530159895675252,497.9310031975689,9.023674630636037,38.23650431406281,22.638588655444718,1.7878307162189793,43.13,43.94
2234,37,14,23.266206306306305,77.39691038019325,built_up,0.14302459877511792,0.1553543987276119,14.957344315339403,0.4884740737351219,0.5817658162922889,0.8254613748191005,0.36734873540097374,499.7714609815936,889.9325954943091,38.255637880797615,27.98449690201568,1.165353889244937,44.85,44.9
2235,37,15,23.266206306306305,77.39789098143117,built_up,0.12112676969409228,0.1446421692606468,16.854432949144837,0.5682363804558737,0.518925661257821,0.7888614121798487,0.3690944272909318,505.45926769230533,1027.6748943425887,38.62382401613407,25.718378322097394,1.432728576017174,43.76,44.5
2236,37,16,23.266206306306305,77.39887158266909,built_up,0.08789517072329958,0.13027877185900105,15.995422208759791,0.6410521804058043,0.4874670786892098,0.8719648723811175,0.4542855822651468,492.63356971598307,2355.715434497535,38.37860428213465,29.553434075673575,1.8810986097007936,46.78,47.69
2237,37,17,23.266206306306305,77.39985218390702,built_up,0.004590734490302631,0.1515700617923181,12.71517911768665,0.6489065695398397,0.5159495955762217,0.8991061412426875,0.3513033071937209,507.7846434317217,505.771154655287,38.04908519403088,35.12786326786187,1.86499737456809,44.86,44.96
2238,37,18,23.266206306306305,77.40083278514494,built_up,-0.04299184845932509,0.1588012739761776,16.009177706468737,0.6209228771157718,0.4984006405216381,0.8294719233779048,0.36626326940714465,493.4837368225764,880.5600588686498,38.73565596709359,28.565667937045237,1.0462036836957622,46.45,46.32
2239,37,19,23.266206306306305,77.40181338638286,built_up,0.15131822113741727,0.20180210433839169,19.669353080349644,0.664062289931294,0.4380722097342918,0.8628832549952384,0.33399005891419425,496.2748521870723,1104.797677521943,38.900046878920904,26.15199892302803,1.4441348788922261,46.0,44.8
2240,37,20,23.266206306306305,77.40279398762078,built_up,0.061549396500543675,0.1509829892326907,13.971359951180805,0.7352744312003155,0.4558854633280184,0.8338771668174871,0.3935191668265984,494.36941458180456,266.89828371827633,38.458906221989814,19.369339045759354,1.2847414924445724,43.46,43.14
2241,37,21,23.266206306306305,77.4037745888587,built_up,0.15968190688147213,0.1212197745594343,12.670339814705965,0.6251949144441238,0.5294393989086722,0.8928354340499135,0.38042482173007425,493.89999133626947,306.6309593324608,38.58378335955969,26.933230644671617,2.4505726428049295,46.36,45.46
2242,37,22,23.266206306306305,77.40475519009662,built_up,0.12038094957755793,0.17947761635578213,16.62178582735763,0.7149067039700896,0.4405834545428744,0.8936716533273994,0.43612012927386146,490.7542721503963,266.3042234355574,38.112977326094885,22.19503752283158,1.8246762145305913,43.84,42.93
2243,37,23,23.266206306306305,77.40573579133455,built_up,0.04961159995311407,0.1648257244614424,16.356872361538755,0.7122789586028866,0.4446778491530248,0.8560921476587381,0.35006948503562724,500.8591725950909,1094.9503574643804,38.29098504374261,24.945305612674815,1.9121696241832635,46.44,45.78
2244,37,24,23.266206306306305,77.40671639257246,built_up,0.021764861063656486,0.13554631427207287,14.127970070892234,0.7168091356445337,0.4644752746865841,0.840223556962978,0.3927697253027158,499.9614142356048,338.84852950660263,38.30734678816272,29.624730022996847,1.6972812193990452,45.86,44.09
2245,37,25,23.266206306306305,77.40769699381039,built_up,0.06519739711563666,0.19170272640821526,13.403900461341873,0.6821068819137531,0.49080221033401705,0.8518004022000033,0.3245429421367973,503.92545338211164,515.0677821564714,38.72343460070824,30.272646204391705,1.4526516297363652,45.34,46.22
2246,37,26,23.266206306306305,77.40867759504832,built_up,0.0953590941578207,0.14353484405834854,17.214059057571646,0.655942732604738,0.46709090649167756,0.858804621459682,0.2794636465642371,494.62431214696124,772.6377280311556,38.60241054477814,29.376186802624677,1.5207470101613252,45.12,45.32
2247,37,27,23.266206306306305,77.40965819628623,built_up,0.15138125214250575,0.21048248375845513,16.51890352599298,0.683015747024862,0.45915230387639616,0.8761141775430094,0.42479875259314603,512.2619583420873,2.133010335560357,38.36812309997426,15.655027396012557,1.955730957786407,42.83,43.87
2248,37,28,23.266206306306305,77.41063879752416,built_up,0.07156944875226195,0.16551101849436273,19.97742692144,0.7602164865665715,0.3821066631739857,0.8275625707995439,0.3733186087162931,507.4348064390159,39.90256499447247,38.352247063240256,19.40210742178471,1.5387664730816426,42.6,43.32
2249,37,29,23.266206306306305,77.41161939876207,road,0.10981415394663313,0.13975878541894007,0.0,0.04624549141797238,0.9745649797201152,1.0,0.984046106110948,512.6077844355254,494.7691104650802,37.71287270663191,25.892814175724556,2.4763977591969684,43.59,44.04
2250,37,30,23.266206306306305,77.4126,tree,0.7398912789493745,0.10083815234519448,2.7895567414359412,0.05097932087950942,0.9440658061019104,0.11780171523923633,0.0,507.6963630863609,1007.364546951211,39.142349753657946,27.704586028154296,2.234642515773757,34.75,35.46
2251,37,31,23.266206306306305,77.41358060123792,tree,0.6809450032356258,0.21167893280892164,1.1576017775824212,0.0,0.9884239822241758,0.07922404102349512,0.0,486.5925446831075,683.2766377833211,37.66582164976003,25.333557756426536,2.3663193855474587,30.28,30.42
2252,37,32,23.266206306306305,77.41456120247584,tree,0.7160801578141522,0.2221144071309272,0.4542978026012196,0.03892596633685098,0.9740477404887198,0.0754404683025075,0.06083829418771178,492.908741239678,605.1809178760814,38.668752193172224,32.97336789919186,2.3829377800054514,31.13,32.3
2253,37,33,23.266206306306305,77.41554180371377,road,0.021555845815668155,0.12961050151516312,0.6395326919104098,0.0,0.993604673080896,0.9631033230040742,1.0,486.4451910543097,870.0889457180471,38.51508388252361,28.74755124737258,1.8794864949251513,46.7,46.24
2254,37,34,23.266206306306305,77.41652240495168,road,0.10448677780398093,0.1273651145750716,4.927520628244989,0.04692578235376112,0.9249156134229816,0.9992061856868848,0.9313308176632844,503.22133957744745,868.8760451138746,38.39372707838942,21.527448736861167,1.952976362645277,45.43,45.41
2255,37,35,23.266206306306305,77.4175030061896,built_up,0.08021002546161665,0.11771520172266296,14.318545323672552,0.7227530312135813,0.4593003795958047,0.7759841896109214,0.33113829242169934,480.5460762329851,959.8197660225519,38.49672293661068,22.68113243897009,2.151553244194525,44.83,44.58
2256,37,36,23.266206306306305,77.41848360742753,built_up,0.14924280255027125,0.1423684418078732,21.744812015040512,0.7728506268487652,0.35748403508277404,0.8739892857573605,0.3454714255635113,497.204815048934,842.0136333881003,38.23480677979094,32.81902872934859,2.4487705519192713,46.0,47.82
2257,37,37,23.266206306306305,77.41946420866545,built_up,0.07152638954634276,0.1564469060497235,18.542800701248783,0.6851877042761594,0.43771875563562446,0.9047892907811494,0.34085794972110345,500.1707083891626,91.2376998378167,38.76112615292101,19.279709919745102,2.13210709240123,44.62,44.05
2258,37,38,23.266206306306305,77.42044480990337,built_up,0.06376299590042445,0.2047459536792624,14.542818253861508,0.7090804012169535,0.46457759679206045,0.8272754423877716,0.2614439399393623,504.47176338629475,322.6037980972569,37.974572827431636,26.440755776548087,0.41385145362969916,42.13,43.29
2259,37,39,23.266206306306305,77.4214254111413,built_up,0.09914247298048036,0.16969156887715617,17.17658640110543,0.6936068835764181,0.44675035002191577,0.8066030038096462,0.3782730144343184,498.48252788967784,376.72399371832375,38.63112585651553,32.51416323441264,1.3589884968972037,43.68,42.45
2260,37,40,23.266206306306305,77.42240601237921,road,0.07963466572271577,0.14398948558797542,3.7028061388961806,0.10854115012031118,0.9032743060448671,1.0,0.9705588847107416,508.73238193564055,201.75595669169928,38.22889461396885,19.3939319299406,2.181048412176707,45.24,45.33
2261,37,41,23.266206306306305,77.42338661361714,tree,0.619681834131309,0.16568973574486723,3.193110443382539,0.0,0.9680688955661746,0.07328052938295597,0.04293189210861938,501.9541210995353,29.9656007074949,38.32922880241512,15.219486859916362,1.5213864280443667,30.91,30.75
2262,37,42,23.266206306306305,77.42436721485505,bare_soil,0.1405623447667309,0.2673533960875593,4.257152980514059,0.05684392314676067,0.9261643124641411,0.18068534620429472,0.08062945913965214,502.7496912743349,142.88061163330258,38.3400372706102,15.489437855284308,1.4682637886604655,36.18,35.26
2263,37,43,23.266206306306305,77.42534781609298,bare_soil,0.115301683031618,0.3290583378388682,0.0,0.0,1.0,0.13200768411180985,0.0,493.3260820487684,103.91313796068494,38.433857774568544,22.510049957078937,1.9487699102729192,33.64,33.04
2264,37,44,23.266206306306305,77.42632841733091,grass,0.4129035549178528,0.2721484985350309,0.0,0.03927608504560519,0.9783981532249172,0.1545784508454044,0.0,493.34790070059245,1125.6282361540052,38.70086134109418,36.117845778131596,2.3863936970641992,34.91,35.36
2265,37,45,23.266206306306305,77.42730901856882,grass,0.41194301966918734,0.24098761514873904,4.193306052594119,0.0,0.9580669394740589,0.08215329185782627,0.022069145091562343,495.7890683914366,464.2009930960095,38.48568180789349,31.358262742354164,2.5274060081052436,33.5,33.2
2266,37,46,23.266206306306305,77.42828961980675,grass,0.42047275111509846,0.2195424782211456,0.41221200408428466,0.047670542132149024,0.9696590817864752,0.09874406655949992,0.07472699789203896,495.26559938601383,193.2821426033289,38.87319178654985,18.47244409491752,1.9555669105013616,32.87,32.0
2267,37,47,23.266206306306305,77.42927022104467,grass,0.4317147579352849,0.23387477963715972,2.1511667578618936,0.07301167928112699,0.9383319088167612,0.11451001519918436,0.06012104023335319,510.95023493905165,430.37655093070515,38.91795866336391,27.093127141284704,1.8858302906824076,34.2,35.01
2268,37,48,23.266206306306305,77.43025082228259,grass,0.43739154003654485,0.3031273963159886,2.1409723557564364,0.025535015434818564,0.9645460179532854,0.14468454221628635,0.0,494.8253885713467,340.11107161088336,38.623507159915825,28.193904003469388,1.6697702767479536,32.63,32.61
2269,37,49,23.266206306306305,77.43123142352052,grass,0.47511649918254995,0.2089310180526917,0.23847122282605,0.0,0.9976152877717395,0.018679703625718316,0.06539905748616087,485.90242850289644,508.8894728953976,38.77303608874385,19.920126056227577,2.50186934038477,33.58,33.88
2270,37,50,23.266206306306305,77.43221202475843,grass,0.3710716632007132,0.1936077648937931,0.5046464070493589,0.06175114803014101,0.9609904045129288,0.021950250553315023,0.007711679267962859,486.007645656459,596.6269497038172,39.30997226858741,28.093875861338045,2.4254870532065933,34.84,35.82
2271,37,51,23.266206306306305,77.43319262599636,grass,0.4543135241179769,0.24301232701457698,0.0,0.027527590996226144,0.9848598249520756,0.05136799954639932,0.0,500.539901560734,1239.672185948725,37.93466840353177,30.336363505704366,2.7276080755893775,33.08,34.47
2272,37,52,23.266206306306305,77.43417322723428,grass,0.4439727158920224,0.187206080662837,0.0,0.0,1.0,0.13020162374774497,0.07301431325210392,508.0916959270782,943.1188597025738,38.930454582598834,35.09175273595714,2.277851537929469,35.11,33.05
2273,37,53,23.266206306306305,77.4351538284722,tree,0.7873596410737341,0.14937059140135203,4.457165831061978,0.0,0.9554283416893802,0.0,0.07461745637978806,494.318924630379,1038.369441252608,39.117938480641214,32.362939007906064,1.3880802790656472,31.92,31.82
2274,37,54,23.266206306306305,77.43613442971012,built_up,0.018151517184543352,0.21090810222021367,17.554880884069465,0.5782370885173839,0.5064207924747441,0.8544178868637174,0.38922796919001434,499.5755834907305,1568.2074543832762,38.673468345034514,35.71969605957391,1.5976459801385239,45.57,44.06
2275,37,55,23.266206306306305,77.43711503094804,built_up,0.055363438179097446,0.18754113247210752,11.594330243287981,0.47108019268782786,0.6249625915888148,0.8266735512654073,0.35769809458866725,496.8944332565932,1277.930174630913,39.261618321318686,34.72232729273179,2.3069883751835065,45.54,47.99
2276,37,56,23.266206306306305,77.43809563218596,built_up,0.05114078099591892,0.16372365563552096,16.287862646465094,0.47982108983765653,0.573219774124638,0.9609164217384923,0.39510117371486797,517.1058920941992,1030.9778470604708,39.20950219532672,33.57877362705368,0.9609059893101122,47.51,47.65
2277,37,57,23.266206306306305,77.43907623342389,built_up,-0.019687552016996124,0.11881588327217843,10.726373983210518,0.41575887396777084,0.6640688794856209,0.7402047676850503,0.39098586962849025,485.1198467058847,1553.3629588527951,38.36518637237004,28.104805668297512,1.8603228053928014,45.23,46.11
2278,37,58,23.266206306306305,77.4400568346618,built_up,0.21113299816819098,0.1166500018293693,12.949815751903891,0.4309156388493569,0.6334982411138147,0.8913537973387389,0.30222356853979465,498.9456713632758,1676.923397144299,38.39582296094913,29.37942472620326,2.023486755600554,45.72,45.16
2279,37,59,23.266206306306305,77.44103743589973,built_up,0.07706776821032812,0.09114116936731992,14.828658248327828,0.3734591141366509,0.6463109047415637,0.8539367071607109,0.3733057718743603,500.95880254588127,2412.5194954726185,38.71224290475852,21.319315052685614,2.9208822752248422,47.0,46.68
2280,38,0,23.267107207207207,77.38318196286234,bare_soil,0.16402880466431666,0.2739294963775896,1.5066572614948242,0.010497231430367841,0.9791599500983494,0.20221847063026355,0.019751487749309064,496.52730419670314,1284.6307678189587,38.25035428463282,28.52139522243859,1.8239985816629514,36.63,37.62
2281,38,1,23.267107207207207,77.38416256410027,bare_soil,0.08967053171064654,0.22311411226527064,2.850501526906757,0.0,0.9714949847309324,0.20706935186663974,0.0,494.1581107025445,631.3873268128536,39.584488335575216,30.264641527496813,2.102741844398897,38.01,38.47
2282,38,2,23.267107207207207,77.38514316533819,bare_soil,0.17689781747241004,0.3156916479218251,0.06483641141401598,0.0,0.9993516358858598,0.11534649678244056,0.04181724736687307,494.58754344672565,565.0200750611801,38.81553413305997,26.866554787566447,3.211727902566913,35.92,37.43
2283,38,3,23.267107207207207,77.3861237665761,bare_soil,0.12175580529025269,0.26997622926598946,0.0,0.0,1.0,0.2168271586383896,0.0,504.08206859757104,1169.7579633079579,38.518615231073426,21.833456119955713,1.8470063841559325,37.62,36.87
2284,38,4,23.267107207207207,77.38710436781403,water,-0.037147482021825995,0.0550356474805017,0.5817945687625269,0.031913729493698105,0.9766295030908407,0.0,0.045088130225444924,486.6697784673495,0.0,37.93591941644537,26.33120966659864,2.8182294580441676,34.59,34.39
2285,38,5,23.267107207207207,77.38808496905196,grass,0.3477787337317853,0.19792375080027383,0.0,0.04157503595131165,0.9771337302267786,0.09223548313773051,0.006185051244497777,487.6062176305226,435.33912502664884,38.600767475914274,29.624279445673604,2.413319192996878,33.54,34.0
2286,38,6,23.267107207207207,77.38906557028987,tree,0.738612357030712,0.20644364283551617,0.0,0.06055072614123074,0.9666971006223231,0.0025041300460422883,0.0043783752478856915,497.55083536175465,1780.248646952144,38.02574019472909,34.882440968071016,2.03985260367014,30.78,31.38
2287,38,7,23.267107207207207,77.3900461715278,road,0.03801954760805715,0.05604701632226946,2.379135763147531,0.09229637883139434,0.9254456340112578,0.9675129638949321,0.9141167069981513,506.9140593174753,1970.8993326676916,38.80396694642316,30.96869374985563,2.3972816215736756,47.28,47.66
2288,38,8,23.267107207207207,77.39102677276571,road,0.08092390523717512,0.06130980939612188,1.8867045384310357,0.02021036938885085,0.9700172514518216,0.9322684838280385,1.0,503.50680919023324,1619.5971105728402,37.49912146010898,33.47377293645271,2.0861695279844072,45.88,44.69
2289,38,9,23.267107207207207,77.39200737400364,built_up,0.016311430993167536,0.15196333233095075,11.429903650014408,0.5460621249198178,0.5853667947939561,0.9238612725127445,0.29294329073482916,489.04799070629986,1413.3472815516106,39.05348990737297,32.652354531527614,2.965131735320987,47.32,46.47
2290,38,10,23.267107207207207,77.39298797524157,built_up,0.07915263350423296,0.17513789678457653,11.895344143547868,0.5483145157574593,0.5794735748979187,0.8844064409957628,0.35840800760160957,485.6900213707022,2320.5609765785857,38.33034200576594,25.282311824160015,0.7990718470936267,45.52,45.83
2291,38,11,23.267107207207207,77.39396857647948,built_up,0.09273946891415093,0.09978748743390449,14.943277962828326,0.5792052903248988,0.5320043106930223,0.8996961787290982,0.3870857960423555,498.2892436368278,22.055345166524944,37.82331161270101,17.96411743126858,1.6504102068901492,44.71,43.32
2292,38,12,23.267107207207207,77.39494917771741,built_up,0.10768178190823485,0.0907275183701084,17.43817988448188,0.5330083166425403,0.532463627001784,0.8817480167327756,0.3237532475262455,496.0637147030142,456.6506227902592,38.493443864161996,26.286487863026487,1.665080588010448,45.26,44.46
2293,38,13,23.267107207207207,77.39592977895532,built_up,0.1229648916176421,0.121359590578413,16.56147359172561,0.5516760940445111,0.5309634123582628,0.8384290873747322,0.3514225975983697,501.23057284732,369.31104294689817,38.50672917998325,24.1345671605903,1.7219355770990337,44.07,44.1
2294,38,14,23.267107207207207,77.39691038019325,built_up,0.12222845895808146,0.131859823821718,16.23741720407899,0.5922882247686809,0.5118673043364357,0.8793226950212448,0.333546330080794,493.683215281005,1019.3935428464001,38.47427291172211,35.06047832046572,2.2921242658518834,45.68,44.98
2295,38,15,23.267107207207207,77.39789098143117,road,0.0003759698520447406,0.15376359349238328,0.16914175552928232,0.0,0.9983085824447072,0.9507267023291324,0.9100278184006563,508.58335024305313,1167.6029076361654,39.0518907117441,28.169078824849393,1.9304709215348257,45.99,46.2
2296,38,16,23.267107207207207,77.39887158266909,built_up,0.07633740223980179,0.1487022111020091,15.124146472409347,0.6589879412660606,0.48631516757957305,0.8759915821411831,0.37799902816890385,498.46523215856365,440.2902676884166,38.65235162301524,29.838032587172062,1.982520574395037,46.18,46.1
2297,38,17,23.267107207207207,77.39985218390702,built_up,0.1199037851014523,0.186540210461426,18.335446576947984,0.7062017980322145,0.4282345453128021,0.8581015924436992,0.3112003563062498,492.9505027231642,1421.5255856553213,38.8184353924829,22.675881483238634,1.8039636219193822,45.3,44.59
2298,38,18,23.267107207207207,77.40083278514494,built_up,-0.031716611312215884,0.1851427011701879,13.823645422666601,0.7342054495860674,0.45795054850099687,0.846469910415948,0.37890283289025417,519.0803711861299,542.8476605595962,38.40050977042977,31.274336461971778,2.1170033845633602,46.06,45.37
2299,38,19,23.267107207207207,77.40181338638286,built_up,0.05918401861372567,0.11915482402777824,13.50493680215713,0.632184430039583,0.5172491954566579,0.8222579568820697,0.2999897214347109,498.3161511345762,909.6009659492985,38.67079959451913,26.36218684738054,1.7087637625146324,45.89,47.04
2300,38,20,23.267107207207207,77.40279398762078,built_up,0.0262456759442862,0.13512650585820177,19.73558406817505,0.5880080487416932,0.47923973251031826,0.9465833626968304,0.32303905708115993,501.6072328095403,1301.7969883737587,37.9766048125197,33.043885665598566,1.8947851077382536,46.84,47.19
2301,38,21,23.267107207207207,77.4037745888587,built_up,0.1750604128633701,0.15409462110840566,14.684917417256305,0.6297567280071519,0.5067846254235033,0.8212553790722842,0.42557026173857815,496.93483595133813,802.4014336464963,38.60324113397664,25.258355773955003,1.7065184019327289,44.49,44.71
2302,38,22,23.267107207207207,77.40475519009662,built_up,0.01737456636012691,0.10530968309272493,16.679313893460773,0.6620961161810784,0.46905399716579904,0.8374147170821581,0.2908372072821404,499.4121018162185,1394.635083316738,38.19671649440197,33.327551716324415,1.2667852682855567,46.42,46.47
2303,38,23,23.267107207207207,77.40573579133455,built_up,0.028817720017194542,0.1669230562326022,8.132876207212185,0.6470775234272509,0.5627786000428902,0.7544804672711938,0.39944814889105273,507.0302217996998,83.49929250197204,39.027854624394344,23.763439879766285,2.606875156685589,43.32,42.5
2304,38,24,23.267107207207207,77.40671639257246,built_up,0.09735662907215743,0.17605128287872968,20.35311390748459,0.6750742237338054,0.42517803787156117,0.7395571910167015,0.3140584013414833,506.12915675939394,1632.2897994038094,38.53020206888129,26.13724066009987,1.3419951340813394,45.1,44.59
2305,38,25,23.267107207207207,77.40769699381039,built_up,0.07674049990571181,0.12179534642862463,23.107959760360608,0.72298804547904,0.37127697738292187,0.7886115997052335,0.3452436951967003,507.9994211734615,531.6461891207862,38.76514734386753,33.671363026240115,1.4318317875609945,45.69,43.53
2306,38,26,23.267107207207207,77.40867759504832,built_up,0.12766163514031334,0.09184977899011387,13.65339732409997,0.6723070169199756,0.4936971674530136,0.8358903305427371,0.3633579528348671,505.09408195863716,1786.0391190890582,38.6049290310852,32.595205186274285,1.3444749273910428,45.7,45.13
2307,38,27,23.267107207207207,77.40965819628623,built_up,0.03568659241202234,0.13058033002682878,15.567859977415846,0.7682081624473668,0.42180691087978983,0.9066975196432323,0.33209377923213274,516.5259666576277,187.2114211819325,39.22252058731952,21.958527765406505,1.8766159040649446,47.38,46.82
2308,38,28,23.267107207207207,77.41063879752416,built_up,0.14179507305281766,0.18363567683001364,14.019161808316023,0.7469808298212147,0.4489689255151716,0.7137476979372307,0.3829684942253423,491.18715343435946,816.972882792053,37.87585497453028,24.02553041095826,1.491431794829126,43.77,44.26
2309,38,29,23.267107207207207,77.41161939876207,road,0.07529932007823853,0.1436041543866886,2.2255383751691924,0.0027947496225804902,0.9762075039558888,0.9609761744421775,0.9470244267998962,491.0719878830629,422.191110280185,38.45448126307934,31.200449388321225,3.0795555539126336,44.64,44.1
2310,38,30,23.267107207207207,77.4126,road,0.012558261102615015,0.08635344518491753,0.0,0.0,1.0,0.8224944224750536,0.9376848323242859,502.88398918639757,815.0089490084999,38.11596516463834,28.26404020002531,2.5203703806032056,43.87,44.58
2311,38,31,23.267107207207207,77.41358060123792,road,0.044202886790276945,0.10632577516674915,0.0,0.0,1.0,1.0,0.9110324375707938,500.6308086060138,701.3330375374735,37.68014682716526,28.19739406126607,2.0338925362878193,45.27,45.04
2312,38,32,23.267107207207207,77.41456120247584,road,-0.01933243838548599,0.14024813016773754,1.0096023619640166,0.0,0.9899039763803599,1.0,0.9905031374874059,486.51071291449733,338.6593735606922,38.08998831225421,28.295318588470458,1.6474695469557974,44.94,45.07
2313,38,33,23.267107207207207,77.41554180371377,road,0.17799855646664312,0.08053455570977142,0.1658344820789467,0.06154966883131466,0.9644893373219875,1.0,0.9818587738288314,505.9007309481336,554.3572828000201,38.968814261682034,27.87951584199498,2.1032700711346743,45.11,45.08
2314,38,34,23.267107207207207,77.41652240495168,built_up,0.03246113643578147,0.15304292577468637,16.231891112677005,0.684982259084164,0.4609408463769397,0.9241235943568293,0.33476016033692624,513.649043219253,681.365383387872,38.48792987144299,24.537506083590117,1.9703677034283569,46.25,46.88
2315,38,35,23.267107207207207,77.4175030061896,built_up,0.07045113611155901,0.08547314828273127,22.40919536120915,0.7024029349827867,0.3895864321473757,0.736461010274795,0.3895090252856542,499.5984655037032,101.17055523264094,38.41209155345404,13.93855780345412,1.6420273101780236,43.97,45.06
2316,38,36,23.267107207207207,77.41848360742753,built_up,0.135871004890351,0.06353802808894543,15.1748966977547,0.680393637149009,0.474034532590498,0.8926093973555393,0.4396100617892602,498.04184949534147,812.8148098754785,38.80940046410169,21.11317645015231,1.6706548062050157,47.49,46.6
2317,38,37,23.267107207207207,77.41946420866545,built_up,0.24490329768758912,0.1401421042368183,17.964282316095275,0.6253272083229715,0.4764272122614129,0.9479583580820983,0.321480946204574,502.1485703614404,720.7838211273571,38.54617297409832,29.19736980601434,1.2552037340836,45.49,47.07
2318,38,38,23.267107207207207,77.42044480990337,built_up,0.08512029932090802,0.1269705896628974,17.21664894584986,0.7662007070938484,0.4064231216398847,0.9640466987956491,0.342994285043029,496.4042936879099,215.61778628629867,38.74533326919942,10.30474945925156,2.703985370736628,45.82,45.05
2319,38,39,23.267107207207207,77.4214254111413,built_up,0.24116813638233875,0.14386504694890462,19.208787635620038,0.7037303237096328,0.42086044560350144,0.9604200849341353,0.34009198887670256,491.14345352778986,1570.3136031620543,38.62913763999263,30.904891334369424,1.5976436055749703,46.56,46.39
2320,38,40,23.267107207207207,77.42240601237921,built_up,0.13419838667848788,0.15368849306963756,20.05730444779687,0.6846511300782274,0.42286883397900615,0.9284950345319855,0.3598636758203602,507.21559059761506,925.4110682477401,38.71708083173347,30.024663880963438,1.057800556566889,46.69,46.21
2321,38,41,23.267107207207207,77.42338661361714,road,0.010482975898186375,0.10383828669987522,0.0,0.013274354765816647,0.9926991048788009,0.9572098796800745,0.967435982564154,503.21521253338125,787.2847480199371,38.32012508448795,26.789094274374712,1.5504308565415215,45.11,46.47
2322,38,42,23.267107207207207,77.42436721485505,water,-0.08664887981576674,0.06301524732664085,0.0,0.0,1.0,0.0,0.0,500.79881944626504,0.0,38.91883496349078,24.106108867389736,1.9935383822327497,35.75,34.8
2323,38,43,23.267107207207207,77.42534781609298,water,-0.2,0.14757328939005426,0.0,0.072352893084185,0.9602059088036983,0.0,0.06792465697233001,490.786417092654,0.0,38.01514714607855,18.959711972156402,3.313272969703032,36.19,36.84
2324,38,44,23.267107207207207,77.42632841733091,grass,0.3844626348211476,0.29802229565883565,0.0,0.041422627647788424,0.9772175547937164,0.12252887131594206,0.02897937492858739,504.1417589166642,1435.6566393722817,38.465608100348504,29.674267129404992,2.0786416497791502,35.39,33.4
2325,38,45,23.267107207207207,77.42730901856882,grass,0.4900923558659366,0.22487364619836786,1.2983073449458737,0.09575193427663925,0.9343533626983898,0.07915948134604885,0.0,491.2279922348378,269.77085732073425,38.938768596019806,12.167312180703014,1.923254982905691,34.27,35.0
2326,38,46,23.267107207207207,77.42828961980675,grass,0.3971232218176009,0.19459279055451995,0.0,0.012370896444689892,0.9931960069554205,0.11183358627294336,0.0007888834589924662,507.95120054235844,1073.1923365162077,38.43837433603452,19.032711701062752,2.699448503523084,35.09,34.92
2327,38,47,23.267107207207207,77.42927022104467,grass,0.5448785182474487,0.24540283121340148,0.0,0.06527441518162479,0.9640990716501063,0.11367930431564277,0.061919144755222005,505.76343787757867,769.2532935835864,38.327658580933196,27.058689436140615,2.711111084441055,33.1,32.76
2328,38,48,23.267107207207207,77.43025082228259,grass,0.45619622282583633,0.21605876103837404,0.0,0.0,1.0,0.0653097223616492,0.03796662625865544,508.6846790337898,1255.1305253115172,39.41537633337221,29.691423798603626,2.5954526118397028,35.46,34.84
2329,38,49,23.267107207207207,77.43123142352052,grass,0.4332232143007057,0.19959470098539123,0.0,0.0,1.0,0.0,0.0,510.9979308652919,1811.7376422037748,39.067436719978765,31.80104405446721,2.319925562764874,33.93,33.87
2330,38,50,23.267107207207207,77.43221202475843,tree,0.7652364584358836,0.17825542124249644,0.0,0.0,1.0,0.08059196238368557,0.05319525089975942,505.51048800652,1514.0458823147455,38.55665316282245,27.29095396027724,1.5373982144112182,32.62,32.3
2331,38,51,23.267107207207207,77.43319262599636,grass,0.5665771358526729,0.20784932944779655,7.013280120257744,0.0,0.9298671987974225,0.06108442772224017,0.03800001013659008,504.3922073809473,844.7921164195327,38.1118089426956,28.986269736679088,1.700314093978004,33.55,32.21
2332,38,52,23.267107207207207,77.43417322723428,grass,0.4202540436152013,0.28607756242014887,0.0,0.0,1.0,0.18454128264411002,0.063966107646384,508.7577377739816,1060.05343307764,37.68596602510908,31.144957243499327,1.2454432841672478,34.58,33.87
2333,38,53,23.267107207207207,77.4351538284722,tree,0.6374407985503256,0.18253859144497758,0.0,0.012115353279736826,0.9933365556961448,0.08267014668902048,0.0630167875033153,499.26089520159275,1362.8118365018595,38.78346467323468,27.488961417736892,2.0601166343334496,34.36,35.08
2334,38,54,23.267107207207207,77.43613442971012,road,-0.024230732420188257,0.138998943724032,1.686444840199794,0.0,0.983135551598002,1.0,0.9935888484024238,500.6291673934532,604.2854383546367,39.00634741922315,30.349032749937095,1.9320820880448042,46.02,45.66
2335,38,55,23.267107207207207,77.43711503094804,built_up,0.09066534830395434,0.1565735224065201,10.595619194639555,0.43433809784863825,0.6551578542368535,0.8760811170927983,0.38293271807100054,517.1980587819459,1375.2917589073872,38.65830827136957,23.48475914195648,1.6232061726818623,45.54,44.83
2336,38,56,23.267107207207207,77.43809563218596,built_up,0.007455097941436978,0.20119350614975068,15.056257820257901,0.37208773611926954,0.6447891669318228,0.7984854993865722,0.3303376631638025,506.7047855372916,120.31211974209828,37.81571992382038,13.374275329400408,2.0311649241430585,42.62,42.66
2337,38,57,23.267107207207207,77.43907623342389,built_up,0.07285325503481388,0.16343146566366418,5.080790733910995,0.4972789455158538,0.6756886726271705,0.8933471725945937,0.31613389853806867,490.77370185336724,665.345532157332,38.56412766743583,25.864543406888355,1.5714441752997523,44.32,44.76
2338,38,58,23.267107207207207,77.4400568346618,built_up,-0.08032587305492388,0.130214303176379,12.461586800778795,0.3865267216324879,0.6627944350943438,0.8986024791279213,0.3541026872262145,502.0801419852276,922.6520798368017,38.30525971758939,31.099002049208774,1.7265336369415296,47.19,47.78
2339,38,59,23.267107207207207,77.44103743589973,built_up,0.12458263688134358,0.17871682057567656,10.639639036314282,0.4730640531313993,0.6334183804145874,0.8886013728914035,0.36671482439366104,513.4164335528521,787.6370590969832,38.56466259845081,25.155820297734074,1.6283961264146474,45.42,45.72
2340,39,0,23.268008108108106,77.38318196286234,bare_soil,0.09470710109778295,0.256691218709125,1.8125541118526032,0.0,0.981874458881474,0.1652125430526574,0.07652590506978156,514.476046512486,1021.542930483214,39.27737105884957,30.603230089994305,2.1650781866971722,38.43,39.52
2341,39,1,23.268008108108106,77.38416256410027,road,-0.05204448420237644,0.16590552351046856,1.1768263443661326,0.02103611878064618,0.9766618712269832,0.9852500504797786,0.9179872908519636,496.6937163524904,1497.696443362258,38.81576063775192,23.892098071542144,2.3962024458678655,47.03,47.07
2342,39,2,23.268008108108106,77.38514316533819,bare_soil,0.09314637836795014,0.29298950584754657,0.03341394289207419,0.0,0.9996658605710793,0.28105653214030757,0.03376131710247816,502.64518140719736,1409.3759841281142,38.730429853063086,25.669943636257184,1.3930938929808911,39.12,38.91
2343,39,3,23.268008108108106,77.3861237665761,water,-0.2,0.06520461193839151,0.0,0.006234310989565889,0.9965711289557387,0.016295610221686584,0.005653552996560122,509.4287132266877,0.0,38.4818622214146,20.96816096792256,2.468538912343407,37.09,37.88
2344,39,4,23.268008108108106,77.38710436781403,grass,0.40204494165778704,0.23243043998437996,0.6598416431212029,0.0,0.9934015835687879,0.15982649339896524,0.09172888489940323,503.40469605821704,323.6673590539002,38.665789835003146,25.330319097473833,2.3523264328190314,33.63,32.99
2345,39,5,23.268008108108106,77.38808496905196,tree,0.7295835147233103,0.1902102769774819,0.0,0.06736223140405512,0.9629507727277696,0.04420306696811748,0.10418169416225953,506.26493771626826,1189.5718341032568,38.21079270740887,26.008172188081282,2.414850088593388,29.89,29.53
2346,39,6,23.268008108108106,77.38906557028987,tree,0.7752256430400252,0.2259265581939529,2.2476300436094614,0.0,0.9775236995639054,0.017003986637131388,0.0,480.4742471211746,1112.099448564417,38.72197433242736,17.566346916902106,2.259440963790361,31.19,29.76
2347,39,7,23.268008108108106,77.3900461715278,tree,0.696739821712866,0.16997614380142023,2.5721438358338613,0.0,0.9742785616416614,0.14475518241229507,0.0,492.232390700635,369.75178068762534,38.42265260947548,31.356984916798933,2.392071524991724,32.06,33.69
2348,39,8,23.268008108108106,77.39102677276571,tree,0.763365063461858,0.21454458167490192,0.0,0.0,1.0,0.12651381110304155,0.0,508.08176142293354,686.8187723974422,38.171097740446754,27.525604003182746,1.9506003497019992,31.37,33.25
2349,39,9,23.268008108108106,77.39200737400364,tree,0.7438257214266113,0.21230765166961874,1.1906404742185608,0.0,0.9880935952578144,0.11980486306070602,0.031564055397185924,529.4600760478577,93.64244319350439,38.82600070215905,16.218690187845613,2.4542762953340227,30.46,30.3
2350,39,10,23.268008108108106,77.39298797524157,road,-0.07319561839417886,0.13982781703801175,0.0,0.039630469765663645,0.978203241628885,0.9250809555061953,0.9521653099685591,503.6585398489293,648.4670749133163,37.60737834098605,35.330420041513726,2.8615715401929047,44.35,45.04
2351,39,11,23.268008108108106,77.39396857647948,road,0.043909782350595714,0.0691542145736543,0.9870571453707944,0.07227240121852704,0.9503796078761022,0.9181211017741007,0.8980818662392862,509.5193685096333,236.82384519467655,38.2821502883185,16.843465460335118,1.8650049907462358,43.42,44.05
2352,39,12,23.268008108108106,77.39494917771741,built_up,0.13043605870850547,0.14166045457839302,13.242818673848221,0.6374383344364082,0.5169807293214932,0.8964073904208513,0.36118862513167477,482.77866785164974,1225.3368370308326,38.74532815684555,25.93784534315691,1.5527066131387737,45.6,45.77
2353,39,13,23.268008108108106,77.39592977895532,built_up,0.015748404450859357,0.13335854152310278,14.540452847812567,0.6705035734010987,0.48581850615127,0.8373378971025393,0.2930891265578801,511.75714966658813,1206.9249278485274,38.989833870085256,24.152858165922115,2.048016772145658,47.22,48.31
2354,39,14,23.268008108108106,77.39691038019325,built_up,0.12577854829629959,0.18465254010587548,19.061873593570176,0.5424327887354919,0.5110432302597776,0.7804505123629141,0.38369876974086853,497.90026146554345,733.3411979149505,38.68868119854618,32.41508305071673,1.502325949926783,45.36,44.22
2355,39,15,23.268008108108106,77.39789098143117,built_up,0.012699836426070421,0.15751689847362976,15.98744963383524,0.5904542862586353,0.5153756462193982,0.7805828876182236,0.39836600115225806,502.0456360659272,1353.6945401522398,38.23116524023493,33.73516326653967,1.425642152230634,44.92,44.75
2356,39,16,23.268008108108106,77.39887158266909,road,-0.09618075137277393,0.1117046945888984,0.0,0.001807364351232593,0.9990059496068221,1.0,0.964797894647865,500.1449778726963,777.1343093524607,38.479627049566105,33.33557308858441,2.4523276868433515,46.67,44.79
2357,39,17,23.268008108108106,77.39985218390702,road,-0.06358591066240266,0.08280295838556206,2.8032188613542024,0.0,0.9719678113864579,1.0,0.9830548374192207,507.0336408829408,913.670790398216,38.616509817208566,33.297442933609645,1.9199472237928445,47.61,46.7
2358,39,18,23.268008108108106,77.40083278514494,road,0.003839506004729796,0.10546543819543683,1.6009647514667458,0.0,0.9839903524853325,1.0,0.929995222271981,499.3097267263834,685.4327989394926,39.124213760330555,25.610759764125742,2.9142650440668407,46.5,45.04
2359,39,19,23.268008108108106,77.40181338638286,road,0.027610045194248686,0.07059074947825442,0.3793125841974009,0.029718231600050073,0.9798618467779985,0.8777774244301952,0.8979685696955076,507.16692285036635,1056.8935968938326,38.868239197483895,34.68971484183146,1.9048048033102423,46.11,44.46
2360,39,20,23.268008108108106,77.40279398762078,road,0.04792447411744662,0.0895355571418298,1.78903152565017,0.0,0.9821096847434982,0.9731331978516777,0.8977402825240561,498.70398445742757,165.33051562280116,38.87117180655449,19.217579714608117,1.6963042193861764,45.23,44.78
2361,39,21,23.268008108108106,77.4037745888587,road,0.07534865164861519,0.12299545492355347,0.0,0.054514960823637326,0.9700167715469995,0.9321842321632176,0.9485886212612765,495.0814293801515,1031.1858840222415,38.52616771395092,21.829451522704797,2.1707777479139274,45.37,45.7
2362,39,22,23.268008108108106,77.40475519009662,road,0.06860654733548083,0.14905869618428097,0.20746112144323672,0.0,0.9979253887855676,0.9584565765132858,1.0,497.40004286210734,318.18037691029565,38.07160547403336,26.29406571344869,2.4592157276509323,43.24,42.64
2363,39,23,23.268008108108106,77.40573579133455,built_up,0.1069599112627749,0.1557217811703453,14.77209299432061,0.6648544860265836,0.48660910274217295,0.807635203143826,0.37090278796464465,500.4527955997374,39.6027281639025,37.93758346562906,21.303811234662337,1.900938778408897,43.22,42.73
2364,39,24,23.268008108108106,77.40671639257246,built_up,0.07942737036666726,0.11800926882898483,20.397200806876597,0.7294618500366189,0.3948239744110937,0.8438860328036452,0.35324256618378486,508.11020982350385,519.1359761197832,38.37949362442021,25.42069902621094,1.9125198434412087,45.48,44.82
2365,39,25,23.268008108108106,77.40769699381039,built_up,0.12550355146780928,0.18432158388606038,15.6548871433787,0.7738385737424889,0.41783991300784407,0.9177558445252925,0.35994235209523706,496.4487039848513,709.260164614795,38.77977226622059,28.58758979766447,1.4330915811836553,45.86,45.99
2366,39,26,23.268008108108106,77.40867759504832,built_up,0.06532994624733185,0.11621684432188645,18.330722176576504,0.6461468924928636,0.4613119873631599,0.8330722705006927,0.33698393224771067,489.07792434583246,907.8037771014494,38.29924557002491,30.14635950474643,2.2604481922831425,46.25,45.71
2367,39,27,23.268008108108106,77.40965819628623,road,0.016299717574152647,0.1489652993028317,0.0,0.0,1.0,0.9347678642576236,0.9515611682411717,500.35742585764547,939.2115249167239,38.728869861233754,29.64245344482516,1.2067910950522374,45.32,44.41
2368,39,28,23.268008108108106,77.41063879752416,road,0.034021139420000256,0.1728175308666368,1.1405431603018787,0.0,0.9885945683969812,0.9264261828517191,0.9713918987538285,491.85337508346385,858.1902884784342,38.18212582933666,30.62053149929577,1.7235867639413287,44.46,45.3
2369,39,29,23.268008108108106,77.41161939876207,built_up,0.1337383427003851,0.16759226528531998,15.036532159127562,0.7536829477277743,0.43510905715844844,0.8661294619174926,0.3256851575714168,498.72479083334093,791.7648492544313,38.243831645177586,27.279806241042138,1.7207148798407725,44.89,44.1
2370,39,30,23.268008108108106,77.4126,built_up,0.03962893413053654,0.14905578357268998,20.838126086561587,0.7565301876220225,0.37552713594227166,0.8540993096757197,0.3593657043472471,495.6954964959347,299.61023761032516,39.06320396205955,17.09086729665382,1.3366725087339293,45.92,44.78
2371,39,31,23.268008108108106,77.41358060123792,built_up,-0.01223177773020484,0.14753329160368234,18.91574636368362,0.7040672146962453,0.42360556828022883,0.8061337902432879,0.35264513902111394,510.7341165424763,1005.1157966153813,38.80674888762075,22.11931257739419,1.5497951877451808,46.92,47.59
2372,39,32,23.268008108108106,77.41456120247584,road,0.02823153816442147,0.17142291205239146,6.746792474724663,0.0,0.9325320752527534,0.9677057615914849,0.9777332519696647,492.6961890629012,985.3352129374637,38.37740451123443,27.647982843869485,1.5675276783040641,44.55,43.03
2373,39,33,23.268008108108106,77.41554180371377,built_up,0.08608806160768868,0.1511491546846076,15.657009254202752,0.6626310933901982,0.47898280609336336,0.7507267267042239,0.40939123585830534,507.5315715443753,905.0076604295259,38.16777956505931,25.851078659975148,1.6426395866049195,44.47,45.58
2374,39,34,23.268008108108106,77.41652240495168,built_up,0.10089956905276877,0.07087316777675623,15.122281250708763,0.6845190597773689,0.47229170461535935,0.7959326823745986,0.28225912180257123,492.18109720561085,603.1392398423855,38.87956596567813,27.526327818172167,1.954814322383311,44.52,43.6
2375,39,35,23.268008108108106,77.4175030061896,built_up,0.08296393889119405,0.16722568501813162,22.040041560234393,0.7258193947014236,0.38039891731187303,0.8412225158071438,0.42201306048246745,487.3445085765448,448.2171537372318,38.8505840923964,19.71764426854284,1.4130595411143128,45.47,45.54
2376,39,36,23.268008108108106,77.41848360742753,built_up,0.026796595384118306,0.1643656234369491,17.165949702443235,0.6283607780993687,0.4827420750209147,0.8136452732302557,0.30034065998036186,490.06793272082206,1381.470058191209,38.75567892423157,21.926258433688833,1.3265492569697703,46.69,45.79
2377,39,37,23.268008108108106,77.41946420866545,built_up,0.07139390187498107,0.19308746264956744,14.365054494396556,0.7017481919425981,0.47038794948760554,0.861354133015828,0.3851872629199594,502.0363880385122,1115.032006568178,38.42886861364687,30.039919045004268,1.5159763108407278,45.6,45.61
2378,39,38,23.268008108108106,77.42044480990337,built_up,0.11325185675058771,0.10726184330254868,18.252968122762212,0.6637423401085578,0.4524120317126711,0.8111640210420253,0.3777591110680324,507.3724683824578,398.8051451641936,38.06216352021611,21.458074121783675,2.235371618645299,44.76,44.29
2379,39,39,23.268008108108106,77.4214254111413,built_up,0.05896610490179885,0.0983863909604601,11.728182180408073,0.6478845851479487,0.5263816563645474,0.8896027241073773,0.3270693722237289,511.4223493110413,557.4630040840847,38.494065623019544,27.239859872678224,2.316027844157184,46.03,45.15
2380,39,40,23.268008108108106,77.42240601237921,built_up,0.06793944049258885,0.13132724868388548,18.502405884278666,0.6026467435724455,0.4835202321923682,0.8435519916337205,0.3281051218885436,495.5074556932666,698.1031240479751,39.06303994888771,24.676816862365946,1.5178960196718785,45.08,43.64
2381,39,41,23.268008108108106,77.42338661361714,road,0.02320060255307542,0.14155013895962065,0.0,0.027750287249116892,0.9847373420129857,0.9886377573280833,1.0,497.58092024997575,552.2093280610802,38.13638445003977,24.42268825387697,2.4896791617164182,45.56,45.07
2382,39,42,23.268008108108106,77.42436721485505,grass,0.49470231526658925,0.21051991474422652,1.2459792118588677,0.1168957202768402,0.9232475617291491,0.05105236686500429,0.09126681865553457,496.0623469735161,1393.1033992173043,38.518981370885044,28.341229436784218,2.1217948723634805,34.08,34.51
2383,39,43,23.268008108108106,77.42534781609298,water,-0.05883724868645471,0.09800982977946536,0.0,0.0,1.0,0.0,0.0002510416598590579,498.52870842988784,0.0,39.15431683178106,20.114241054335352,2.970429139111628,35.67,36.28
2384,39,44,23.268008108108106,77.42632841733091,grass,0.36536069390772175,0.22067935359476637,3.1566324639943764,0.04720242673417019,0.9424723406562626,0.1011500888203336,0.13249672408899935,495.38117356063475,727.4080704282737,38.37830683248803,30.185115587159675,2.2616705465486793,34.32,33.67
2385,39,45,23.268008108108106,77.42730901856882,grass,0.3629691001817913,0.20789094065172173,4.469535323417452,0.0,0.9553046467658255,0.023608440342198694,0.06487995533178553,503.1136819376702,1210.0957080867774,38.4490071823008,23.591979041475323,2.04189762761179,33.35,32.71
2386,39,46,23.268008108108106,77.42828961980675,grass,0.4321769353054278,0.18978628406192938,0.0,0.027742249319227683,0.9847417628744247,0.09638365299616442,0.04551820693128661,495.70545369725943,1031.778463895388,37.95983899755502,24.46217279001153,3.14064048251434,34.07,33.91
2387,39,47,23.268008108108106,77.42927022104467,grass,0.4498191637223841,0.19882378251430377,0.34987538772544224,0.0,0.9965012461227456,0.13085822339392647,0.0649262764492911,504.0123023324163,26.56511457902627,38.749280254819695,24.49292204570672,1.6434161216848961,32.91,32.91
2388,39,48,23.268008108108106,77.43025082228259,grass,0.3921137547742384,0.20090269400679173,0.0,0.0,1.0,0.14626242370337506,0.05794617754155516,496.609189362107,1165.1068088261316,38.20376081633259,27.10147117497864,2.391522528625714,34.54,34.54
2389,39,49,23.268008108108106,77.43123142352052,grass,0.46973052314792885,0.2190142356698843,2.8705617565125814,0.0,0.9712943824348742,0.1026379768631711,0.0,491.97656436170786,214.2602374489877,37.87815860972301,21.463557557616163,2.984971196846023,31.52,31.13
2390,39,50,23.268008108108106,77.43221202475843,tree,0.660848570932126,0.18249301683466457,0.0,0.0,1.0,0.035041844090406685,0.09090970500234977,490.902558809623,298.2758369046311,38.118576555802704,18.01151847447464,2.5996961365962923,30.64,30.31
2391,39,51,23.268008108108106,77.43319262599636,road,-0.02072535555440607,0.10784315496065032,1.2869282814676362,0.030929380694273412,0.9701195578034733,1.0,0.9456704453583122,496.8294310407456,1762.9501243322925,38.583378478908735,29.820978814405688,1.7214710371663988,47.77,47.51
2392,39,52,23.268008108108106,77.43417322723428,tree,0.5529474973832086,0.18188277067332442,1.0750173612348557,0.09368420011884575,0.9377235163222863,0.0,0.0031944944628257387,489.1391183911062,73.17126877072894,37.867957961980935,10.044999312223212,1.6674012033571184,30.81,28.64
2393,39,53,23.268008108108106,77.4351538284722,road,0.017728458442414566,0.1349928127283722,3.014923970827753,0.0,0.9698507602917225,1.0,0.942091252066721,504.4525902329801,1575.8075916925313,37.94567386595465,32.60560843605171,1.3385674146297517,46.49,46.12
2394,39,54,23.268008108108106,77.43613442971012,built_up,0.06834617363904488,0.17230923147275023,9.800926035151173,0.5255417615746011,0.6129427707824577,0.9016836636394242,0.3872083682649248,490.51982950140405,922.0772586963319,38.72371366104078,26.178849288322947,2.61138846404182,47.12,47.82
2395,39,55,23.268008108108106,77.43711503094804,built_up,0.09813050781338083,0.1532915732120418,12.875393361612186,0.5520072532565503,0.5676420770927755,0.7852176994664954,0.3403899666406732,486.4978231996888,1362.1561742241847,38.47104625797692,23.004318404089048,1.257344725320549,45.64,46.89
2396,39,56,23.268008108108106,77.43809563218596,built_up,0.11327716684641705,0.2404581009714878,14.90267060151626,0.48489185532136625,0.584282773558086,0.8627447537836919,0.33733556357494215,501.0439015517161,1216.3275391306886,38.13440424888474,23.75001421504078,2.1910321514429367,45.48,46.54
2397,39,57,23.268008108108106,77.43907623342389,built_up,-0.03788556027865331,0.14590740771520996,12.339335516537561,0.5437494475488424,0.577544448682761,0.8434164120098757,0.319378185846819,502.1482566566397,1142.1585078405765,38.37149308110492,26.94564793069026,1.1169653131194566,46.44,46.52
2398,39,58,23.268008108108106,77.4400568346618,road,0.022163962612598776,0.07163033567610175,0.0,0.0,1.0,0.9691759250543834,0.9792861289276439,494.6038852860331,1021.2491322236453,39.19526823205609,27.558418354442477,3.7342545500375897,46.57,45.5
2399,39,59,23.268008108108106,77.44103743589973,road,0.06247229801648932,0.10191793147632695,6.522964967998725,0.012443325045652737,0.9279265215449037,0.9179051483862082,0.9164278902769427,492.4805216913013,746.32327896884,39.01269269317407,28.564774049869477,1.3482389842429943,46.48,45.99
2400,40,0,23.268909009009008,77.38318196286234,bare_soil,0.15221868709316508,0.2468047163109771,0.0,0.05713734541303416,0.9685744600228312,0.17401139227238707,0.03685946251238531,486.53623796951734,1009.1196639379199,38.45702659483047,23.229390193535252,2.1975378490582447,36.32,35.63
2401,40,1,23.268909009009008,77.38416256410027,bare_soil,0.0668432767535523,0.288993128697769,0.0,0.10348284401091963,0.9430844357939941,0.11803075529575789,0.05543124575514967,507.02621668483397,1322.571056804356,38.82647291070135,31.48468476347638,2.860593908018359,37.69,36.42
2402,40,2,23.268909009009008,77.38514316533819,bare_soil,0.12326599521071945,0.3356487601196973,6.177409723528051,0.0,0.9382259027647195,0.20788846868920724,0.0,490.64570081660247,1372.5082187974328,38.5484012353836,25.902902399229827,1.7342186408340499,37.24,36.39
2403,40,3,23.268909009009008,77.3861237665761,grass,0.46497734417912256,0.17169336140844868,1.1400049629741575,0.01415699265280001,0.9808136044112183,0.0699377656229204,0.003339093564846813,503.3902381392817,1918.811750450416,37.79032229059473,25.702744614431992,2.518782675504667,34.08,33.42
2404,40,4,23.268909009009008,77.38710436781403,tree,0.7439037377793242,0.20341452753758282,0.0,0.0,1.0,0.08040083864430253,0.0,501.65761358642806,1334.6201407424162,37.71873759498846,27.094926236154997,2.0309007967172317,31.48,30.22
2405,40,5,23.268909009009008,77.38808496905196,road,0.027687954002305486,0.11958116097314803,0.1445496194594313,0.0,0.9985545038054057,0.9210946616877237,0.9463874660280834,510.43604802714884,1573.7676760499537,38.13626688650132,30.651326054074516,2.4315083366496055,45.39,46.23
2406,40,6,23.268909009009008,77.38906557028987,built_up,0.05928006226983372,0.12901686684109093,11.63706920369013,0.4659665741749552,0.6273476921668734,0.8643874711551095,0.39229925581465613,518.102473879722,620.4672921743413,37.86969872909927,27.86439722261283,2.4238675900377604,44.68,45.23
2407,40,7,23.268909009009008,77.3900461715278,road,0.0690708208148465,0.12627003209018162,0.0,0.0,1.0,0.993768654842234,1.0,502.152376836149,615.7501104800346,38.608626732872374,25.830625308130266,1.9429779463739538,45.52,45.48
2408,40,8,23.268909009009008,77.39102677276571,tree,0.7105640214810095,0.1457947791867461,0.046275714733162054,0.0341704013833391,0.9807435220918319,0.015369995770800289,0.0,502.21504858209795,732.7440194789133,38.28002418627886,26.705025464870978,3.0742824670356526,31.79,32.13
2409,40,9,23.268909009009008,77.39200737400364,tree,0.6749598099129321,0.15722095189906038,1.0006298142421155,0.0,0.9899937018575788,0.09652228162102047,0.05809806668431823,497.8349439610054,697.4423806310558,38.67013161799985,32.87662399420323,2.401805480287445,31.83,32.11
2410,40,10,23.268909009009008,77.39298797524157,grass,0.4576625103221936,0.21563820454593416,0.0,0.09570518760295427,0.9473621468183752,0.13571678737053022,0.011460598338883188,484.668934305019,842.2396009992526,38.67627840453687,32.22148616331352,3.2981430784712646,34.51,33.85
2411,40,11,23.268909009009008,77.39396857647948,tree,0.6847213907978784,0.1781828039076945,0.0,0.0,1.0,0.02943390487794982,0.012308988963446617,498.11033855140164,933.4144744639264,38.77601098306126,29.46335690402216,1.7008322126977742,31.95,33.57
2412,40,12,23.268909009009008,77.39494917771741,road,0.12127064270874346,0.09454957438258908,0.0,0.0,1.0,0.9544444421416485,0.8939499630413525,507.6807703568666,834.355875825052,38.127751626873525,28.594436839679393,1.8147539850643724,44.61,43.92
2413,40,13,23.268909009009008,77.39592977895532,built_up,0.1363678991003914,0.18397091169350288,12.230727077498226,0.5519493745080014,0.5741205732456169,0.9165843400768572,0.357568703175084,504.17207949598316,1374.3418129741297,38.7062686833753,37.254426790573454,1.709606507058057,45.74,44.24
2414,40,14,23.268909009009008,77.39691038019325,built_up,0.1337908792198422,0.15231078659873115,18.110015795671156,0.5769901100616115,0.5015552815094022,0.8759707199128925,0.34292965982592677,508.1644133525928,483.284243604696,38.11781504949493,29.85405819953558,1.178842640955709,45.41,45.56
2415,40,15,23.268909009009008,77.39789098143117,built_up,-0.02097138028477452,0.1596477436226045,12.290568789319952,0.5353328059111786,0.5826612688556522,0.9132464967240201,0.388651182047647,497.25999415323764,712.8296122811145,38.784535972610875,28.722442072171447,2.2955343790560296,46.7,47.21
2416,40,16,23.268909009009008,77.39887158266909,tree,0.7519944083544674,0.19987514617690574,1.29202833715909,0.02354267454486061,0.9741312456287358,0.04093054139270132,0.003581234249296416,491.1507050430961,437.92266458045964,38.98906166386654,27.191666222530035,2.1322024338825782,31.78,31.51
2417,40,17,23.268909009009008,77.39985218390702,grass,0.46928907959651034,0.2301378085268504,1.9745613727174591,0.0,0.9802543862728255,0.017038717765162983,0.014811795503408552,491.84041883643727,856.890268433659,38.78926142951588,29.427228839383314,1.500380756292074,32.89,34.01
2418,40,18,23.268909009009008,77.40083278514494,tree,0.641407402947606,0.2154069642777019,0.0,0.0796337120649746,0.956201458364264,0.07621509252559312,0.0,516.7579601228306,874.540597996247,38.42916898281805,15.818986857468138,1.6764307744093578,32.23,32.39
2419,40,19,23.268909009009008,77.40181338638286,tree,0.7299671643701254,0.17804363842880738,1.1663833048423655,0.026271030573631622,0.9738871001360789,0.0067513024067449925,0.011457941978788614,500.9256076620038,1011.8461531595543,38.72670730142252,32.11086224112723,1.6604940330234303,31.43,30.69
2420,40,20,23.268909009009008,77.40279398762078,tree,0.7559813566238385,0.1849362538252189,0.0,0.0,1.0,0.0,0.04370404657521741,495.0721832470882,604.1227512330372,37.88669202530397,22.912923648837058,2.7541956879289318,30.25,29.72
2421,40,21,23.268909009009008,77.4037745888587,tree,0.734264634418649,0.18011802504683072,0.0,0.0,1.0,0.06344312791935469,0.007486853702883772,499.30879642034523,1259.5101973418064,37.79651774754441,25.127684821914645,2.474305753032276,30.7,30.83
2422,40,22,23.268909009009008,77.40475519009662,road,0.06031909163598853,0.09287583183668911,0.0,0.0799718452256753,0.9560154851258786,0.9646308774019197,0.9515952497270667,505.3131645492597,769.811149477209,38.686718433074965,22.399269911375725,2.083153614623466,44.59,44.66
2423,40,23,23.268909009009008,77.40573579133455,road,0.007630912881179407,0.08769738313225625,0.0,0.032900967218193876,0.9819044680299933,1.0,0.8913858365201983,514.1022746199726,501.0490036706667,39.02309377633913,25.054342092459095,1.9664832852304748,45.8,46.89
2424,40,24,23.268909009009008,77.40671639257246,road,0.08548960009533674,0.08787394168373505,0.0,0.0,1.0,0.9634521625147467,0.9709637261028479,500.24953965581534,504.73113472009334,38.00742051569139,26.638698342636136,2.0567617158736407,44.55,45.3
2425,40,25,23.268909009009008,77.40769699381039,built_up,0.14708139911189322,0.14005957463183472,17.348002526244276,0.8356136400008112,0.36693247273711105,0.8495980746666979,0.3221661954853507,503.84767813946803,983.2722409594601,38.50607384196071,31.557404743421305,2.440953179176385,45.27,43.86
2426,40,26,23.268909009009008,77.40867759504832,built_up,0.09805900749685388,0.14470737386808172,20.46235544712219,0.7532398536729432,0.3810945260086593,0.8441449423944014,0.32426021752440554,503.4336227451699,280.0142452436645,38.67554542067193,25.15625881429601,1.5497654404730394,45.21,45.06
2427,40,27,23.268909009009008,77.40965819628623,road,0.08310970008658163,0.12272168828680718,6.675077596186174,0.07366484477771022,0.8927335594103977,0.9260629751013312,0.9292484527356246,484.68839732476937,473.57694211903254,38.25417926254929,35.764418756899865,2.5980576058701,44.03,42.91
2428,40,28,23.268909009009008,77.41063879752416,tree,0.7268296120388853,0.14422848881124983,4.102964329073005,0.057895772817605856,0.9271276816595868,0.03642527832171813,0.006867502386304687,511.88298365429876,1445.7477481979317,38.364246906990026,28.40895069941864,1.94404560848041,31.41,32.72
2429,40,29,23.268909009009008,77.41161939876207,road,-0.025955874477632195,0.07816450581488968,0.0,0.021559585268643704,0.988142228102246,0.9543164171832043,0.9680885665664795,515.6023891102268,118.76219051108035,38.74529731393808,19.123745829824294,3.1942757382774514,45.13,44.25
2430,40,30,23.268909009009008,77.4126,road,0.0032594471962461673,0.06839024253516218,0.0,0.0,1.0,0.9436394417619566,0.9707991026539201,501.2076502649914,732.3522527905026,38.54327456939642,31.118271469968295,1.4684849096395909,46.11,46.29
2431,40,31,23.268909009009008,77.41358060123792,built_up,0.06159813322204058,0.13356176038372813,16.070241822336733,0.6822843014696933,0.4640412159683012,0.8709504655603537,0.2730603725776573,502.30353061225185,149.88812628070036,38.54502288906286,16.583424694843977,2.1087661954726116,44.63,44.0
2432,40,32,23.268909009009008,77.41456120247584,road,0.009668541594070688,0.06315401304489503,0.0,0.013894201655918544,0.9923581890892448,1.0,0.9025467392975675,503.2707089435263,1158.332156518904,38.1070806382877,24.13659950993664,1.7390318900547643,46.26,44.48
2433,40,33,23.268909009009008,77.41554180371377,built_up,0.0503785976268318,0.14002739345169254,11.672533279983847,0.6448040858325015,0.5286324199922857,0.8635260108599069,0.3882186961682372,495.20577767379234,1929.9894970830533,38.487540259869924,26.531147974980758,2.862789135023895,46.32,45.19
2434,40,34,23.268909009009008,77.41652240495168,built_up,0.09883337841209001,0.10179929372737512,19.974734818587564,0.6227303365101247,0.4577509667335557,0.8664213512698934,0.31283035749220467,489.1405244051384,1085.7070190064196,38.34083466948651,27.864634279106518,2.0504762826837077,45.76,45.54
2435,40,35,23.268909009009008,77.4175030061896,built_up,0.06441338219323643,0.1917701616368076,14.103706880478395,0.6020802388269118,0.5278187998404146,0.826016725787712,0.46562035198931917,506.67132485893643,893.1742728851216,38.36224723619117,19.7325785990124,0.9552846130242003,45.92,46.43
2436,40,36,23.268909009009008,77.41848360742753,built_up,0.11521635260935469,0.1254546967501479,23.344790150451892,0.6967237315900116,0.3833540461209746,0.868215814179265,0.38939451798054014,489.81405421082366,190.1749904703147,38.28343837106587,24.26779788480262,1.2363243570080888,44.64,45.12
2437,40,37,23.268909009009008,77.41946420866545,built_up,0.06526916659044342,0.16973984655300384,13.132501187849943,0.6633910777831982,0.5038098953407415,0.839557523981695,0.2870245676949724,495.9285468879449,916.3795891191585,38.48908792808743,28.96029768342307,2.092852294743604,45.75,44.55
2438,40,38,23.268909009009008,77.42044480990337,road,-0.05899617874148909,0.1523400378112688,1.1701134635811927,0.017300332566570355,0.9787836824525744,0.9804094038975036,0.9063071210770571,494.80242519699453,843.1427620290567,38.152688885678614,31.192790290019303,2.572655357359057,45.57,45.85
2439,40,39,23.268909009009008,77.4214254111413,built_up,0.040900687731315236,0.1456624722022836,13.801221151672326,0.673163767737812,0.49174771622748015,0.8763040298997952,0.2848924537640133,500.5384682920079,80.30801213636335,38.50483591097064,13.718055403402897,2.0314830878523695,44.56,45.41
2440,40,40,23.268909009009008,77.42240601237921,built_up,-0.031662458623402195,0.12218323248462884,22.85896057211496,0.6804360643179124,0.39717055890399855,0.91960520218285,0.37433666154094775,501.6435470744226,1147.695808367171,38.353987368553895,25.339727092764473,1.7408062658986059,48.73,49.19
2441,40,41,23.268909009009008,77.42338661361714,road,-0.008374282119750949,0.12411543850192325,2.9427445310620866,0.03497108610048883,0.9513384573341103,1.0,0.9573040063851465,513.5366452146443,616.3600439239267,38.127162515827024,25.136892486731433,1.9695490696517062,45.72,45.39
2442,40,42,23.268909009009008,77.42436721485505,grass,0.5770615458005293,0.2372082226718246,0.0,0.0,1.0,0.05960044834647192,0.0,499.2902463489505,104.83527283089131,37.720563558234275,19.18902775237866,2.852048357235647,30.2,30.24
2443,40,43,23.268909009009008,77.42534781609298,bare_soil,0.19756550692163527,0.2833216862321299,0.1753741971442368,0.0,0.9982462580285576,0.16154811482047027,0.0,512.9424411238197,55.03821830979621,38.87898637914943,19.865749538291272,1.6803264372182738,34.95,35.09
2444,40,44,23.268909009009008,77.42632841733091,water,-0.18051422458395097,0.12239520176216134,0.9689116470493476,0.006036839373004023,0.9869906218743543,0.017013423769602666,0.03815601493044667,500.79900253394914,0.0,38.79852391494253,23.4783454503254,2.22044496367379,37.07,38.33
2445,40,45,23.268909009009008,77.42730901856882,grass,0.4939913923425332,0.2326703162992986,2.928883368634466,0.0,0.9707111663136554,0.06353290512071641,0.04568355538856737,492.44390746766453,366.5193000936041,38.178058355717056,28.395037357038746,1.8064998669809404,32.85,34.38
2446,40,46,23.268909009009008,77.42828961980675,water,-0.08816016527578786,0.10685022899300703,0.0,0.02740675636272263,0.9849262840005025,0.020168375715894193,0.0004198143038412002,501.0877052535767,0.0,38.772667222698516,17.03452397952353,1.7693156059986612,36.2,36.78
2447,40,47,23.268909009009008,77.42927022104467,grass,0.3921449654163822,0.24319134436872974,0.0,0.0,1.0,0.15979586573632246,0.0,498.0672700180476,2038.5265800029085,38.09008508014014,36.7508548633433,1.9246000665516902,35.22,35.27
2448,40,48,23.268909009009008,77.43025082228259,grass,0.511533039618658,0.19788484111187618,0.0,0.0,1.0,0.1655972115519571,0.0,491.5026484650536,1239.0853195821553,38.37714835810625,26.937723560890156,1.7588421945066437,34.61,34.58
2449,40,49,23.268909009009008,77.43123142352052,road,-0.07086821803666196,0.08266768542046775,0.0,0.0,1.0,0.9117690051551037,0.9641496159653592,504.4301202234612,576.0443950087054,38.28788808688991,24.372716623545983,2.5298280607091503,45.9,45.97
2450,40,50,23.268909009009008,77.43221202475843,grass,0.549645438681987,0.23018818205043193,0.0,0.08103902731414195,0.9554285349772219,0.07383378073664915,0.03715493857290432,496.10575021440457,1244.5320818025457,38.388963634498744,20.459393216251687,1.2909060220661404,33.0,33.18
2451,40,51,23.268909009009008,77.43319262599636,tree,0.6911083027317623,0.16737431056368893,0.0,0.0,1.0,0.1035907294225654,0.0,499.70281858969395,1002.6079027514531,38.758471977902616,28.361639072716095,2.4586104585902553,33.26,32.8
2452,40,52,23.268909009009008,77.43417322723428,tree,0.7125219430843659,0.20904895870200085,0.0,0.028395862177748102,0.9843822758022386,0.0,0.0,489.2184788332682,817.4747119904529,38.33925035978657,30.763069526489065,1.8080739194113484,32.38,34.15
2453,40,53,23.268909009009008,77.4351538284722,road,-0.004692676558798972,0.15914815392422077,0.6034160068778358,0.0219893010072951,0.9818717243772094,0.9246248216283495,0.9796030845137164,513.1058078430091,1444.320498321836,38.36414421655385,23.440118678550483,2.2021479787446783,45.78,45.07
2454,40,54,23.268909009009008,77.43613442971012,built_up,0.0012792454988795332,0.1260757444162576,13.0075754550197,0.4590876088436882,0.6174260605857744,0.9766495426630402,0.3307089427695247,499.6531891942305,735.2770586793786,38.79729088626273,30.499961621904916,1.7785475249349942,46.64,47.81
2455,40,55,23.268909009009008,77.43711503094804,built_up,0.09390102283070641,0.18147050048066496,12.779083733136414,0.46499306990878647,0.6164629742188033,0.7963044776877057,0.398353454734695,498.8504484953561,968.229168249873,38.52468319068179,28.334564317343126,1.6089073110477898,44.53,42.55
2456,40,56,23.268909009009008,77.43809563218596,built_up,-0.06033623083892993,0.1361835019738963,11.243423731244748,0.37257499341549144,0.6826495163090321,0.899480571510558,0.3285903032309224,515.1645510216798,1795.129393988218,38.26328480221636,20.906523830971068,2.5562091839663124,47.41,47.16
2457,40,57,23.268909009009008,77.43907623342389,built_up,0.036805783354973795,0.18107940956812818,16.025560206170553,0.42379488257969616,0.6066572125194616,0.7983669945274613,0.263785812838863,503.0435327927179,627.7079866134576,38.59625669385563,30.502743611303288,1.6663411014044571,44.55,44.25
2458,40,58,23.268909009009008,77.4400568346618,built_up,0.10462957565138753,0.12296447046024746,9.801787166820418,0.4114891773518739,0.6756630807882652,0.7850091540265886,0.3275218687848962,494.1070986487669,1133.8740224877413,38.897064799447485,26.93979922734155,2.281923686918958,44.54,44.75
2459,40,59,23.268909009009008,77.44103743589973,built_up,0.0862554851711204,0.10786474736783361,14.25403517682422,0.4193530156465512,0.6268154896261546,0.9251219674978666,0.35964329203944295,500.55283231083087,922.1514282761859,38.92236661202799,23.49556181709229,2.237267357023849,45.94,45.61
2460,41,0,23.26980990990991,77.38318196286234,bare_soil,0.15689036352425506,0.2810070025348505,2.1461642728074617,0.08023311987792299,0.9344101413390677,0.16365735659099317,0.034538543133516834,504.6809294113236,1432.8258363450218,37.970148607778654,31.827605122049484,1.98302133402216,36.42,37.67
2461,41,1,23.26980990990991,77.38416256410027,bare_soil,0.09400804921832996,0.26761100813754185,0.0,0.0,1.0,0.15799377670237716,0.005820108569937424,493.9374531681768,1395.0903349014752,37.99018238430321,31.751460758412414,1.445266150549151,37.78,37.56
2462,41,2,23.26980990990991,77.38514316533819,bare_soil,0.12341724536961267,0.28507367733661865,0.0,0.003444914681686891,0.9981052969250722,0.18763387608995713,0.04118172319071865,496.4608857657433,1338.64412981533,38.899633681236814,23.40883615565063,1.6694465729602168,37.32,36.39
2463,41,3,23.26980990990991,77.3861237665761,tree,0.6416177433750117,0.20136224495815563,0.0,0.0,1.0,0.0,0.0,496.1482293429985,1873.9349724935857,38.38499222037866,29.17381598192129,2.9672789470327463,32.76,31.89
2464,41,4,23.26980990990991,77.38710436781403,road,-0.008599371410751865,0.04372486452795943,0.9136657163883717,0.0,0.9908633428361163,1.0,0.9331569296469173,497.8079358592484,1697.1540180347147,37.61999762419937,28.813095699232576,2.4864101101130416,46.14,45.71
2465,41,5,23.26980990990991,77.38808496905196,built_up,0.11706377064610352,0.10260868848981036,9.64158924028398,0.381748024529872,0.6936226941057306,0.9801610481260694,0.31549170859583,509.35850387781824,806.3910338162159,38.208039335128404,27.72831972055673,2.0034911261584627,45.62,46.27
2466,41,6,23.26980990990991,77.38906557028987,built_up,0.015208667165492351,0.14064682328229985,11.813895106089477,0.5228442312572847,0.5942967217475985,0.8907191957290624,0.32639435924262883,488.48036465862424,448.14416302805637,38.324383214468206,25.937375269524235,1.5579754348615977,45.67,46.48
2467,41,7,23.26980990990991,77.3900461715278,road,-0.10694747779785901,0.10176621075238955,0.0,0.0,1.0,0.9168174446175751,0.9493566448641774,494.9443628117889,914.6457774354373,38.37497223309578,27.406310432293907,3.2390931590838123,45.24,44.16
2468,41,8,23.26980990990991,77.39102677276571,tree,0.6979665090612514,0.18746190722149061,0.0,0.0,1.0,0.0,0.01798669743762357,500.7095345791811,906.8513604482814,38.80597137340499,31.754013370422342,1.679135407176017,32.79,32.07
2469,41,9,23.26980990990991,77.39200737400364,tree,0.8347100424305105,0.1848833610707521,0.0,0.02495724844299522,0.9862735133563526,0.15564317688338636,0.03010892175770299,482.2121331939522,1186.5514605568753,38.12833287143223,29.636603734483554,2.2712859026608276,32.09,31.13
2470,41,10,23.26980990990991,77.39298797524157,tree,0.6672458744172042,0.12232574442578542,4.243903117701222,0.07407232501641932,0.9168211900639571,0.004741123954493914,0.0,501.28133769530467,503.01107476617983,38.874212954972435,20.288528632163143,2.417869274670807,32.89,32.63
2471,41,11,23.26980990990991,77.39396857647948,tree,0.7118955813806583,0.1586045393209789,0.0,0.0,1.0,0.09134491637271755,0.06815156158399295,499.1983680866125,902.8457359133613,38.61405298986644,19.426160556606206,1.4165762520374134,32.32,33.19
2472,41,12,23.26980990990991,77.39494917771741,road,0.06774942111808402,0.11005703434516716,4.323909622083516,0.0,0.9567609037791649,1.0,0.9454319053959257,491.0303000505786,2020.2017270465828,37.985383705455575,20.57154847401107,1.7147326763533197,46.31,46.46
2473,41,13,23.26980990990991,77.39592977895532,built_up,0.22311202235094796,0.13376390187716614,15.36649350648247,0.5389473007145865,0.5499140495421526,0.8344852578717759,0.3047000325419391,489.7579024716284,1794.7878284924332,38.37221052515571,22.567148703996104,1.578821477617531,45.48,45.98
2474,41,14,23.26980990990991,77.39691038019325,built_up,0.07767392696982313,0.14151754780674275,12.448013170318948,0.5827904561216433,0.5549851174299066,0.7748102914075432,0.3190504575008782,490.401802304129,1495.6232680711005,38.69786683369102,24.979314889157603,2.2334779394598763,45.45,46.12
2475,41,15,23.26980990990991,77.39789098143117,built_up,-0.01911390182367978,0.10462353508336483,9.570593484453635,0.5393620320373976,0.6076449475348948,0.8270239509543414,0.38911121508236435,498.22401728424194,620.8244031026547,38.51582487518778,26.189189902257432,1.6332532695068134,45.15,44.62
2476,41,16,23.26980990990991,77.39887158266909,tree,0.7379944874186988,0.1667129063135875,6.024769656727211,0.0,0.9397523034327279,0.0706855891284891,0.05305823133422584,495.0422879660469,886.2732988012443,38.651589320075566,27.73775932598167,1.3060348891626472,31.92,30.77
2477,41,17,23.26980990990991,77.39985218390702,road,-5.07271057413293e-05,0.1182206242384007,0.25231047763846937,0.0,0.9974768952236153,0.9222218221765308,1.0,504.6911939054061,12.65489311897909,38.26503357379216,19.864646504086608,1.279337912486408,42.68,42.15
2478,41,18,23.26980990990991,77.40083278514494,grass,0.4247778245997367,0.17291811912680674,1.9052034151123256,0.0,0.9809479658488768,0.10020388875813567,0.0,497.47548810988917,1154.026627635329,38.721907230823994,27.80557572063469,1.7265417231116689,35.23,35.97
2479,41,19,23.26980990990991,77.40181338638286,grass,0.5133499291108666,0.24539263359834307,0.0,0.0,1.0,0.11266567286390475,0.0006089764259495298,486.72787418472524,96.68472687395627,38.34061521831512,24.574520958121482,1.3059348844214793,31.38,31.92
2480,41,20,23.26980990990991,77.40279398762078,grass,0.5399864861221461,0.1842561585598197,0.11890174599400088,0.0,0.99881098254006,0.09231091611343288,0.0172055413272945,506.31309610760826,738.2823803585666,39.51846626375401,21.29321378299489,2.6599204159504843,34.03,34.1
2481,41,21,23.26980990990991,77.4037745888587,grass,0.41246072040264253,0.22154031472705588,0.0,0.02379722986269457,0.986911523575518,0.06595165748319087,0.005065153889212335,504.1043802966477,498.33706754145726,37.972219215806064,29.335825837264018,2.6706487331234,33.27,34.12
2482,41,22,23.26980990990991,77.40475519009662,tree,0.6989390307262878,0.21502890705944044,0.0,0.024919250085637428,0.9862944124528994,0.09747620136604895,0.06667588795886582,517.4121601507381,363.6375619943459,39.57918036777852,29.316397467998524,2.1921488585291016,32.04,32.17
2483,41,23,23.26980990990991,77.40573579133455,tree,0.667923850002292,0.20451646354227523,2.3506027846683946,0.0,0.976493972153316,0.07424022456148077,0.12896827442796469,500.8373152504517,1130.531180749152,38.11954070252859,22.949262545946063,2.02293006206587,31.9,31.6
2484,41,24,23.26980990990991,77.40671639257246,road,0.1246042431359957,0.18511238448811562,0.6142490782391911,0.06265167729252763,0.9593990867067179,0.9405752941869545,0.9509952377789477,496.42838020080177,288.2694306413007,39.008489848221686,22.135138202511136,2.602002834949214,44.25,42.84
2485,41,25,23.26980990990991,77.40769699381039,road,-0.06618202636933687,0.12290097718487848,1.124222314957298,0.0,0.988757776850427,1.0,0.9056007361155186,502.0581516760678,434.14042114004894,38.8309762894886,29.49028659036351,2.608325492378814,46.54,47.68
2486,41,26,23.26980990990991,77.40867759504832,built_up,0.08641688145305726,0.16695599799838565,18.40347190742389,0.7086567807471433,0.4262040515148322,0.8790077813708358,0.29909022233028915,509.07623704999736,100.91466026332432,38.136173926531775,19.826989717483045,1.2389284529304607,43.19,43.1
2487,41,27,23.26980990990991,77.40965819628623,road,0.023637954489000947,0.09946019235993622,0.875308231556841,0.0,0.9912469176844316,0.9720744693592418,1.0,489.63797301452905,621.2570940812024,38.73978858801481,18.329223040424683,1.6849718007391445,44.91,44.5
2488,41,28,23.26980990990991,77.41063879752416,tree,0.6531523701439448,0.20023048918699782,0.0,0.001926822012588367,0.9989402478930764,0.0,0.07166159324779355,500.58231933537866,685.1105232157582,38.30167610396128,31.85513800936361,2.622814240073959,30.58,30.49
2489,41,29,23.26980990990991,77.41161939876207,tree,0.7697436972608025,0.14245774421209287,0.0,0.008502708078990727,0.9953235105565551,0.0,0.0,493.4299013963533,41.91116552862411,38.60993983179787,20.906747589424928,2.3579141851490357,29.18,30.53
2490,41,30,23.26980990990991,77.4126,road,0.009368199184769842,0.12567296424816632,1.8747008177155768,0.09047053242176654,0.9314941989908726,0.9788687778021808,0.9561743519347364,499.80095550291253,771.2611160586608,38.5591469172393,29.614313138492864,2.4946557949371555,46.65,47.54
2491,41,31,23.26980990990991,77.41358060123792,built_up,0.10390204449948844,0.16766353278443166,18.97969408333909,0.707780252917342,0.4209239200620709,0.9255086410826905,0.3510702823855542,495.10745840561935,388.3874609923534,38.36027605697231,14.437108083067866,1.2782947213690128,46.31,45.99
2492,41,32,23.26980990990991,77.41456120247584,built_up,0.07364990918346559,0.10749094756901265,15.115121947626703,0.6230703924888581,0.506160064654861,0.8671980130817484,0.3641528439651259,485.8486797856611,289.1866943956931,38.32702800844247,17.87393174846608,1.403512722655079,45.28,45.7
2493,41,33,23.26980990990991,77.41554180371377,road,0.13951133075521566,0.12889340023428514,1.135841257612987,0.0,0.9886415874238701,0.9943641277019616,0.9494196032644777,493.62602913628405,375.5955673952455,38.63634895289032,22.265242367888362,2.4670733320430887,45.39,46.49
2494,41,34,23.26980990990991,77.41652240495168,built_up,0.05172479487568709,0.09533980216981824,13.201198702155132,0.6632912284048879,0.5031778373557603,0.8076000954308458,0.337963274541491,487.1547772670145,1031.7219106837194,38.138471100858766,33.17368775090856,1.43493598578808,45.68,45.99
2495,41,35,23.26980990990991,77.4175030061896,built_up,0.2048287664912219,0.17082186798503157,19.236575339648947,0.6996660562358791,0.4228179156737771,0.8632792920573055,0.35346091602641216,492.683787096409,986.7880303264847,38.15356201546348,23.579916416134274,0.9906635063533198,45.56,45.67
2496,41,36,23.26980990990991,77.41848360742753,built_up,0.11784250694881684,0.12610971241154725,17.607268446565797,0.6278689878080168,0.47859937223993276,0.8184872315685772,0.3810042139633999,503.4442194684151,538.4287345650675,38.881990460929316,33.917065294148756,1.4245227835264882,44.97,43.09
2497,41,37,23.26980990990991,77.41946420866545,built_up,0.05914003071224623,0.14524318247918383,11.569535364115122,0.6180865473905856,0.5443570452940266,0.7867445443492086,0.3504741227064073,508.7089476852978,907.3611380306977,38.67135448366899,31.811397631334607,1.6983838980910728,44.33,45.45
2498,41,38,23.26980990990991,77.42044480990337,built_up,0.04931012191360089,0.11880209468655058,14.124728979708662,0.7486565022790894,0.44699163394941416,0.8534031148254665,0.35799003761155396,483.1109629927356,94.23838903658327,37.977333121335484,20.885398948565975,2.508355582275633,43.64,42.71
2499,41,39,23.26980990990991,77.4214254111413,built_up,0.07734938708779278,0.12505513791296397,16.18069163533069,0.6467462238302113,0.4824826605400768,0.8800226123510184,0.27523353434108694,491.1581713341171,652.1888608725218,38.098688070134344,32.541557708186126,1.3456554579448061,45.45,43.77
2500,41,40,23.26980990990991,77.42240601237921,road,-0.00884419249900116,0.10069167242568239,0.27256855335840363,0.0,0.997274314466416,0.9896135061296663,0.9717593812537908,500.52063254478384,1080.8398104906632,37.64539566052571,24.2223306824718,2.1606300941138334,47.09,45.47
2501,41,41,23.26980990990991,77.42338661361714,tree,0.589623516979253,0.16241895141869658,2.2308272722590146,0.0,0.9776917272774098,0.0,0.014949272403786868,499.86144775378733,472.651535213789,38.86387592785016,24.938938425897668,3.39518760846247,32.26,31.49
2502,41,42,23.26980990990991,77.42436721485505,grass,0.5606144300693194,0.22859472261408675,0.0,0.0,1.0,0.12027882710012341,0.0,517.2209544193009,974.4059794480509,38.77543042342315,31.689447702911657,1.543955536726302,33.08,33.52
2503,41,43,23.26980990990991,77.42534781609298,water,-0.0664016817176506,0.08746061505616438,2.8039235897669963,0.0,0.97196076410233,0.0,0.04136552028061867,512.004639294704,0.0,38.06449716453526,16.240746701046586,2.56717452593233,35.81,36.85
2504,41,44,23.26980990990991,77.42632841733091,grass,0.34088213003746703,0.22502565361050927,1.213531046881608,0.00736911885890436,0.9838116741587865,0.09701854620277496,0.0,496.999918887327,690.6366169859857,38.75986037088063,22.696733691484688,1.7619307658012835,34.41,34.72
2505,41,45,23.26980990990991,77.42730901856882,grass,0.4171055879092082,0.1624378471931894,1.4618413333119664,0.04328812407940058,0.96157311842321,0.060267771965275996,0.02256113567478822,496.02470766795193,582.5217242985032,39.294200485140344,26.714815359418743,2.4034956384940704,34.83,36.39
2506,41,46,23.26980990990991,77.42828961980675,grass,0.4795899531364063,0.23551956855871398,2.686928094843857,0.05269645100113821,0.9441476710009354,0.09140969533892468,0.14368417744451173,512.3996156626301,520.1112404554704,37.884264540756284,24.47143840125499,3.5203404007823322,33.21,32.85
2507,41,47,23.26980990990991,77.42927022104467,grass,0.4575959271955326,0.1604256001225887,0.0681440820673459,0.08368473812829309,0.9532919532087654,0.23906522351841292,0.02514885870541603,502.67905908026404,1175.3688569807437,38.25395969415101,35.461542030978265,2.624953696829775,35.13,34.92
2508,41,48,23.26980990990991,77.43025082228259,tree,0.8387822142914043,0.15051076986007364,6.638782621798396,0.0,0.933612173782016,0.0,0.007389551843100764,493.523159954429,1106.2852014196158,37.875523415911715,31.10143522568862,2.2302744409432784,31.58,29.9
2509,41,49,23.26980990990991,77.43123142352052,tree,0.6208563517419642,0.18424920114182722,1.659922348382774,0.07414169962547806,0.9426228417221594,0.08403030438098122,0.07685097915993366,495.15465861833417,1118.0621159724728,38.87941755467112,25.696060244383467,1.591931598714607,34.28,33.76
2510,41,50,23.26980990990991,77.43221202475843,tree,0.5862463803323341,0.17658036123442292,0.9668782060239834,0.023861627130054824,0.97720732301823,0.0,0.004393363563973183,497.99391599314015,731.0629475005858,38.46157694085631,23.99453279703448,2.075649555762667,32.42,30.58
2511,41,51,23.26980990990991,77.43319262599636,road,0.07350035079837304,0.10349517696204918,0.2483174014964359,0.0,0.9975168259850357,1.0,0.9955693674525921,497.5332660444884,2395.8168011707317,38.34075803661721,29.354657967672836,1.8589371510963577,47.18,45.97
2512,41,52,23.26980990990991,77.43417322723428,built_up,0.034011332136017626,0.17021590741640774,10.729288184652507,0.5447882150128331,0.5930735998964167,0.8847501996733215,0.30953047530592753,498.9551762839555,1929.5708084193097,38.590967222142005,32.75017762000082,1.1132365067643821,46.28,46.85
2513,41,53,23.26980990990991,77.4351538284722,built_up,0.03114190578511291,0.15205597961353914,13.708347334846328,0.4923769853540438,0.5921091847068126,0.7634434806229572,0.3831450013725323,500.09293025494736,1573.0330914441543,38.27722643610016,29.163638229026386,0.7721122686740034,45.76,44.24
2514,41,54,23.26980990990991,77.43613442971012,built_up,0.09390548631216901,0.1419340769479078,13.561908159291491,0.43337395639692633,0.6260252423887755,0.9279053113634339,0.33498342628861977,497.0995077258193,1692.874346729748,38.33934708266463,24.195885230754794,1.4471601074118863,46.55,45.12
2515,41,55,23.26980990990991,77.43711503094804,road,0.044840531730403796,0.10290649904611882,1.0345502338832577,0.031299203931330795,0.9724399354989355,0.9740830186628139,0.9868932034005904,489.83556504271377,1203.4332111605786,38.609904986238114,22.253188193939952,2.157027745854881,45.74,44.16
2516,41,56,23.26980990990991,77.43809563218596,built_up,0.12801618104938153,0.15865385314852454,6.544722838815071,0.45269185129906037,0.685572253397366,0.7892981543737309,0.4014308681734795,496.87460878402703,1685.850517376985,38.25596887016031,26.48764012064171,2.5104278576521692,43.86,44.56
2517,41,57,23.26980990990991,77.43907623342389,built_up,0.0069773694948433995,0.1517192835219562,11.923387670650442,0.5852521139878302,0.558877460600189,0.9088963843814076,0.3945553707988319,516.2224619357798,1266.504920756439,38.312405797820496,29.263422577339384,1.447050304043628,47.86,49.34
2518,41,58,23.26980990990991,77.4400568346618,built_up,0.07402962433709727,0.1335942836079272,12.477977286669699,0.29650633367711277,0.712141743610891,0.8501163103854191,0.35907166148539765,498.75319618089713,385.42813313759575,38.43739196037973,26.11806125397217,2.0484156600240837,44.99,44.92
2519,41,59,23.26980990990991,77.44103743589973,built_up,0.07100980484319316,0.09398902372215734,15.84655512760958,0.41005109970313863,0.6160063438871779,0.7468647973406877,0.3417395619371999,507.1631870918981,1265.307524985849,38.536536080435084,32.03085131503413,0.9981492323195248,45.89,46.74
2520,42,0,23.270710810810808,77.38318196286234,bare_soil,0.06516863550991321,0.2596525544547422,0.0,0.0,1.0,0.1370216929273572,0.0072960900939879215,489.330126123739,1688.415195644849,38.74065773814483,30.1086912650905,1.7197587016138052,37.37,36.32
2521,42,1,23.270710810810808,77.38416256410027,bare_soil,0.18426635093397664,0.24990437689799921,0.0,0.0,1.0,0.19842411028429705,0.020273909737284435,503.7044217267311,1407.5545715806597,38.73329113928034,28.94939788319839,0.7316022993951943,37.78,38.89
2522,42,2,23.270710810810808,77.38514316533819,grass,0.5432319331702403,0.2218109219695457,0.0,0.0,1.0,0.18178934374910316,0.050386234738000635,501.6516186517144,1386.1320922296254,37.90016438443174,30.02979308498983,3.5404745433265905,33.61,32.97
2523,42,3,23.270710810810808,77.3861237665761,built_up,0.08961613549292302,0.1529956670935284,10.868631518384088,0.4947291518593095,0.619212651293539,0.8237567377705313,0.31386851526702325,486.4732428810128,1016.8409421380029,39.06318052448898,22.44340639543891,1.9656081449544283,46.66,47.26
2524,42,4,23.270710810810808,77.38710436781403,built_up,0.15605015368415986,0.1262794957253466,8.594206466182353,0.4680196977076914,0.6566471015989462,0.817446610186302,0.4119306838490853,508.596782123306,474.4908718153972,38.52364675391962,26.007079566289804,1.983983224828099,44.44,44.42
2525,42,5,23.270710810810808,77.38808496905196,road,0.0195663158868664,0.08734185969299417,0.0,0.0,1.0,1.0,0.9467317084865616,495.87078998682324,18.771396050442263,38.36733563304598,15.839011344762703,2.5211318104032308,44.34,42.61
2526,42,6,23.270710810810808,77.38906557028987,built_up,0.04005108081644926,0.15655414284342398,9.161645712126408,0.5412775632776036,0.610680883076054,0.8208182569076629,0.35774879279918387,496.8068867561754,470.7882682295668,38.13858371922489,29.537548962406575,3.1401986978064316,44.64,43.84
2527,42,7,23.270710810810808,77.3900461715278,road,0.05641776328489874,0.0920596189024457,0.0,0.0,1.0,1.0,0.9502459499323591,508.8525551004406,1343.85365661176,39.29566684154782,23.89995745951854,1.9388355127991894,46.95,47.1
2528,42,8,23.270710810810808,77.39102677276571,road,0.09638594509051547,0.09307565554091572,0.0,0.03813464377069351,0.9790259459261186,0.9865099371832858,0.9313453446831828,505.9417072619359,1162.8671033956691,39.443945272935146,28.32774924717403,1.598015191966976,46.94,45.28
2529,42,9,23.270710810810808,77.39200737400364,road,0.06833630844807904,0.07932816707587156,2.444041154990551,0.0,0.9755595884500945,1.0,0.9887301328186303,505.49038394043913,928.5421494883857,39.24647226723435,27.34195399549171,3.3668688617291855,47.72,47.99
2530,42,10,23.270710810810808,77.39298797524157,road,0.07257415338728329,0.14332356660886536,1.5168321634586788,0.010129867287853268,0.9792602513570939,1.0,0.9289718201831813,512.1119163986884,118.78320789773773,38.548566276875725,22.399968252125397,1.4493441970401473,44.08,42.81
2531,42,11,23.270710810810808,77.39396857647948,road,0.032064163248686814,0.09782126244226057,0.0,0.015259800008247887,0.9916071099954636,0.9237262197107758,1.0,489.1831564934312,459.9759316567802,38.63764210103692,23.21331810767396,2.9688757275106186,44.24,44.73
2532,42,12,23.270710810810808,77.39494917771741,built_up,0.017258981742207954,0.14595494349279006,16.42545840993815,0.5708542720244559,0.5217755662871676,0.9236172146086993,0.3169092781829904,505.26977170021564,760.1140237267247,39.09641450881051,29.80704485323661,1.7433433124603703,48.09,46.87
2533,42,13,23.270710810810808,77.39592977895532,built_up,0.09368444726039434,0.1732604327873817,9.876120322366727,0.6547948803998103,0.541101612556437,0.8427378000940866,0.2857348997118968,494.4572198806845,939.7101748155155,38.40369965290494,23.722092659216536,2.0084507827902214,44.62,45.02
2534,42,14,23.270710810810808,77.39691038019325,built_up,0.0384154371531413,0.0785632114847744,14.562267021647248,0.5296400353883584,0.5630753103199304,0.8825569976092592,0.3072645055786659,518.0922364121723,1122.4999643154047,38.716521030978164,24.142720280488334,1.1041349432513945,47.02,47.75
2535,42,15,23.270710810810808,77.39789098143117,built_up,0.09180766660566413,0.15869370249589307,9.975203483108405,0.551129003376786,0.5971270133116835,0.9391510385357791,0.3371946923741881,499.49739346139756,610.0733671988178,38.59088769243273,27.42961540877981,3.150846121971807,45.34,45.19
2536,42,16,23.270710810810808,77.39887158266909,road,0.11787048375776095,0.10266097100302392,0.0,0.12894075612757425,0.9290825841298341,0.911248828000012,0.9461047908215001,493.26564557388065,470.7356521161723,39.26750712685622,32.777319692784616,1.9147599633076093,43.18,43.11
2537,42,17,23.270710810810808,77.39985218390702,tree,0.6564100532030012,0.1638002351724278,2.460083130335423,0.0,0.9753991686966458,0.11304037912772212,0.06353592266811908,504.0724739440652,863.4850789130129,39.074531115406096,24.633593558326993,1.7616803547068902,33.75,35.09
2538,42,18,23.270710810810808,77.40083278514494,grass,0.46659835150941215,0.26270237290830417,0.0,0.036364484491760656,0.9799995335295316,0.06269140233619232,0.06302990088624169,495.0911972396816,1133.4349808226305,38.44481134360308,20.888773353452315,2.5087898622780176,34.82,34.12
2539,42,19,23.270710810810808,77.40181338638286,grass,0.3570908798963401,0.1692227973562224,0.0,0.07177650131289375,0.9605229242779084,0.12681422105851267,0.05116457850886337,506.88155050807217,561.9463695251242,39.11002024108709,24.218902230067464,1.784392438424351,35.65,35.17
2540,42,20,23.270710810810808,77.40279398762078,water,-0.06335506836184332,0.06260981079701247,0.0,0.0,1.0,0.0,0.0,497.9635352061515,0.0,38.49846291096857,18.459352284132333,2.4546759080341736,37.38,37.96
2541,42,21,23.270710810810808,77.4037745888587,grass,0.4415638974199576,0.22465798263685977,0.0,0.020872820520657337,0.9885199487136385,0.07531599405031617,0.037928150980966,494.6776220799867,1249.5117703796018,38.28168887598251,35.476183448771856,1.4367828470716533,33.86,34.24
2542,42,22,23.270710810810808,77.40475519009662,grass,0.5073669426311432,0.18851833683148736,1.312497924753639,0.07231357787729087,0.9471025529199536,0.052591064392930334,0.0,505.88047561435445,54.33232340795735,38.38586537200086,21.553323497257942,2.2389666950669787,31.49,31.27
2543,42,23,23.270710810810808,77.40573579133455,tree,0.673349223450473,0.149560042960364,1.8687107369770264,0.0,0.9813128926302297,0.03576982975866281,0.0,509.1881080056709,263.2441748207386,38.55896451085558,16.986995290158614,1.824361180956443,31.07,29.98
2544,42,24,23.270710810810808,77.40671639257246,tree,0.6355439966610416,0.13659622917952477,1.7341490864620825,0.03829325632485916,0.9615972181567067,0.11242772787258017,0.0,498.1503028472704,1893.1230230399487,38.18597995570563,27.43491831109486,1.7034351981294686,33.68,34.56
2545,42,25,23.270710810810808,77.40769699381039,road,0.011861003100660787,0.09309774101188285,0.0,0.02649753867744606,0.9854263537274046,1.0,0.9254227511051248,495.31971768519315,519.4654971329805,38.29295249175439,34.28387400952055,1.625672555914644,45.63,44.52
2546,42,26,23.270710810810808,77.40867759504832,road,-0.013805198626249633,0.07295710771024878,4.519878796583691,0.0,0.9548012120341631,0.9624878413561672,0.937236535848695,499.355919997259,875.1507611636066,37.92264664501824,27.038495986107026,2.6821337915025247,46.78,48.83
2547,42,27,23.270710810810808,77.40965819628623,road,0.0020884917804961066,0.14418060588144513,1.494539698099549,0.0,0.9850546030190045,0.9466882688251784,0.9933970614397553,498.70366249806915,28.481488513712975,38.171006965854495,19.08649888501022,1.9778663463445163,42.55,41.47
2548,42,28,23.270710810810808,77.41063879752416,tree,0.7812638713976748,0.1582101465476036,2.171251939583186,0.0,0.9782874806041681,0.03156687443796169,0.06639874402944188,500.04104584077,943.1606545017627,38.593818759528396,26.3782487647643,2.0715198706237703,31.6,30.61
2549,42,29,23.270710810810808,77.41161939876207,tree,0.6658841557969637,0.1904311568043755,0.0093806674765177,0.012166703253433988,0.9932145065358461,0.15196399520783427,0.07218358547023905,506.3359467610422,1042.8972977710287,38.91685530515143,30.7842638280308,2.4495728119299667,34.0,34.31
2550,42,30,23.270710810810808,77.4126,road,-0.024549351718207414,0.09586312740826396,0.0,0.0,1.0,0.9356733087671082,0.9488350166960057,490.19993042149764,619.8261616760337,38.86561282136857,25.898406586022073,2.884094400665248,46.6,47.09
2551,42,31,23.270710810810808,77.41358060123792,road,0.02075822951241432,0.07597313638606706,3.813967161326108,0.0,0.961860328386739,1.0,0.8598289511248439,498.86213429141276,41.775310798050555,38.67193593758031,23.489146405008196,1.6209359075352472,43.23,42.35
2552,42,32,23.270710810810808,77.41456120247584,road,-0.009267283055699509,0.16430463366609724,0.0,0.0,1.0,1.0,0.9357701233586467,501.20570534019856,186.86573251250212,37.88829033649394,24.25108297108234,2.332385530210527,42.94,44.46
2553,42,33,23.270710810810808,77.41554180371377,road,-0.021912985923763166,0.0863695759456095,1.9960828561543578,0.0,0.9800391714384564,0.9275869878221241,0.9564727787441046,500.63583616534953,936.6585127113813,38.15559897697609,30.45395947742014,1.6409999957057864,45.68,45.98
2554,42,34,23.270710810810808,77.41652240495168,road,0.0010919260124025408,0.10767285467479729,1.0541965853084037,0.0,0.9894580341469159,1.0,0.9506577451282093,491.1918974952332,103.5597234807326,38.42102290063378,19.10317248931356,2.0661421069080843,44.99,44.77
2555,42,35,23.270710810810808,77.4175030061896,road,0.024036086043732783,0.09349322568787827,1.8865165548977016,0.0,0.981134834451023,0.9951523281941055,0.9160551553434197,499.81603219115954,1325.4634990137968,38.885133242183706,22.406125141149012,2.8176284772736313,46.61,46.96
2556,42,36,23.270710810810808,77.41848360742753,road,0.021112302475074587,0.09341107508215495,0.0,0.0,1.0,1.0,0.8954562228164392,499.6006585095676,177.46263357869577,38.27725829049603,19.10410363691195,0.7923679868355467,44.73,45.82
2557,42,37,23.270710810810808,77.41946420866545,road,0.005374667379514628,0.11788308091888171,0.0,0.0,1.0,0.994525972996672,0.9552455236536573,502.7116661377686,205.63933575456417,38.01209769393734,17.325709427752976,1.6462726293868921,45.27,46.72
2558,42,38,23.270710810810808,77.42044480990337,road,0.04740646222609787,0.09199975320378477,1.7850733716370846,0.0,0.9821492662836292,0.9655195310803936,0.9539550837932984,510.7954564045061,751.3200804505506,39.079315271699954,24.883922395566685,2.0464869823397116,46.13,46.3
2559,42,39,23.270710810810808,77.4214254111413,tree,0.7312971451008029,0.191264706854486,3.13271800137166,0.0,0.9686728199862834,0.0,0.0,505.3135620816808,835.8675658347435,38.206026802179245,27.042527855168913,2.3979444092087934,30.91,29.76
2560,42,40,23.270710810810808,77.42240601237921,tree,0.7046194518535823,0.16241716615255042,0.45208176259404426,0.01048616133672025,0.9897117936388634,0.07399149040250705,0.0,485.88555546899175,285.0510013337176,38.0488517970955,21.916942064094325,2.9197860172061154,30.92,29.79
2561,42,41,23.270710810810808,77.42338661361714,road,-0.051067731559749086,0.06791222196483256,3.924340873461488,0.0,0.9607565912653852,1.0,0.9862799285800666,507.89971707271803,899.0505859831933,38.590934133638626,25.508759146682827,1.1630829954180466,47.28,46.01
2562,42,42,23.270710810810808,77.42436721485505,grass,0.5291945817452234,0.27350199192763547,0.0,0.02237358501406718,0.987694528242263,0.16378970411773253,0.0,498.04073674631263,467.089213610349,38.47997014351089,22.500750724252455,3.034278659846206,33.14,32.56
2563,42,43,23.270710810810808,77.42534781609298,road,0.05765867857725291,0.053057022399960276,3.591567448660486,0.026689828217534062,0.9494049199937514,1.0,0.8554674339554856,491.67888725040507,1545.6344252290623,38.29994949721743,24.16501384312026,2.4616271211084073,46.49,46.52
2564,42,44,23.270710810810808,77.42632841733091,tree,0.7093556477749268,0.12827808261696483,0.5540553946942066,0.033957905194344655,0.9757825981961683,0.07657461900528954,0.013983791415754177,509.08450874850706,470.53019948120806,38.500147158446524,34.76138280804997,2.0357103835719776,31.65,31.84
2565,42,45,23.270710810810808,77.42730901856882,tree,0.7524053419397296,0.18405052930398116,0.0,0.0,1.0,0.03282038033125012,0.02129013664933728,497.6582336131489,1209.858064226902,38.129623807334625,30.194961017606353,1.318578794349974,30.68,31.69
2566,42,46,23.270710810810808,77.42828961980675,tree,0.6878408810253627,0.22704872992019404,0.0,0.04600403905218046,0.9746977785213008,0.09816084330480984,0.02663448661357117,500.61407984189026,501.20191709464336,38.29536767506024,24.169063586575938,1.8377483297516946,31.78,29.91
2567,42,47,23.270710810810808,77.42927022104467,tree,0.6889757130214235,0.1865935078838879,0.0,0.059154208799536145,0.9674651851602551,0.027270510312567248,0.00423742156199456,486.6821551426889,1210.3214906403161,38.48554821208497,33.156017124545095,2.778480046001359,31.49,31.48
2568,42,48,23.270710810810808,77.43025082228259,tree,0.7531931293166361,0.20931245687979652,2.58359067400676,0.03944732697258743,0.9524680634250092,0.0915557974984051,0.04440275051441732,506.1127465281451,9.098514440793792,37.68565753024349,19.040162445961105,2.1737249073720264,28.38,28.79
2569,42,49,23.270710810810808,77.43123142352052,road,-0.0359874427054139,0.07210417926112345,3.175432527382005,0.0,0.96824567472618,0.9488568909328848,0.9502662906635944,490.0505644230331,1125.8823329531804,38.88202621557226,37.11210336010056,2.0649499939864393,46.3,43.77
2570,42,50,23.270710810810808,77.43221202475843,built_up,-0.047823412162558684,0.10467530969227985,13.939869402461929,0.46055710914968234,0.6072948959430555,0.9149556551818515,0.3518511775453457,509.05656106049304,1138.6552255253735,37.950838328778026,29.04820883453738,1.3630923724668704,46.75,47.16
2571,42,51,23.270710810810808,77.43319262599636,built_up,0.0792842138034593,0.11010313535137031,15.537883240192809,0.5335144910480017,0.5511881975216709,0.9542323951277789,0.3831360147168478,496.82077618971584,1128.8160414850151,38.12445750790434,30.262075803505105,2.1666966309534277,46.69,49.15
2572,42,52,23.270710810810808,77.43417322723428,built_up,0.10532827864146155,0.17488874888703498,16.289191379475547,0.49203374073137446,0.5664895288029885,0.789223946076289,0.2758464552368725,490.8836043222478,712.9135829806611,38.90006139131799,31.349153762149903,1.7442611364164995,44.27,44.97
2573,42,53,23.270710810810808,77.4351538284722,built_up,0.1702601221694245,0.18558516466573582,15.15199723965884,0.5502144443467897,0.5458620832126772,0.8146303632183577,0.28938736911793644,491.9477716291087,16.348169316865892,38.72772459971261,25.943910150668444,1.6841755172067843,42.26,42.54
2574,42,54,23.270710810810808,77.43613442971012,built_up,0.013162684895870552,0.12482159070873752,12.93325724807857,0.4839223199307324,0.6045101515573115,0.815518168624565,0.3727579175366969,494.63648252476384,1063.968988760697,38.5349292471328,26.243975916434888,1.8038676210037756,46.05,45.8
2575,42,55,23.270710810810808,77.43711503094804,built_up,0.013401065473212806,0.1726600193613315,12.331515851168684,0.4994489390276975,0.6019879250230795,0.7891903306440119,0.3569769668486033,504.5786697975109,62.41320596075718,37.81672366674818,25.598210751029768,1.5242359714578753,41.55,41.76
2576,42,56,23.270710810810808,77.43809563218596,built_up,0.15008582009620103,0.10251726247666287,12.567826692283885,0.5431634391631933,0.5755818415374048,0.8977451506167841,0.2904024832198296,498.5757191793552,1726.6531476190207,38.25772768210449,25.504829769871975,1.4203794134235137,45.45,46.83
2577,42,57,23.270710810810808,77.43907623342389,road,-0.01900650094960063,0.0992036077366465,0.0,0.028501946286122678,0.9843239295426325,0.903150428583463,0.9750444087023015,495.01760656875047,1130.0347942735987,38.413537260428946,26.554216508230247,1.280206391242117,46.75,46.44
2578,42,58,23.270710810810808,77.4400568346618,road,0.016507722774547866,0.12799300522420962,0.0,0.07202172211448064,0.9603880528370357,1.0,0.918187092102216,510.92238212929686,1321.3294967060754,38.442592974391175,28.035683613958348,1.7993482626983166,45.87,46.94
2579,42,59,23.270710810810808,77.44103743589973,tree,0.7301930007797037,0.20544627156231737,0.0,0.0,1.0,0.05124707334232593,0.0,516.5897485725866,805.5322337394787,38.95656749917548,31.681721812963822,1.1199036969418878,32.35,32.77
2580,43,0,23.27161171171171,77.38318196286234,grass,0.45241484087378603,0.2257589341887244,3.0781853990330097,0.0,0.9692181460096699,0.01939673005157347,0.0857773922867873,500.64415107313073,1629.641503052525,39.29771734508444,26.679151274443964,2.460744504984775,34.44,35.9
2581,43,1,23.27161171171171,77.38416256410027,grass,0.5014018342202803,0.2509002572729704,0.0,0.0,1.0,0.00018714820263140974,0.0,500.4972087341469,848.1900803201273,38.74594141827156,34.60288541059236,1.7994197924293371,32.87,33.85
2582,43,2,23.27161171171171,77.38514316533819,tree,0.6515459482691361,0.1815126467866146,3.3573551084043074,0.0,0.966426448915957,0.0,0.07089698855655062,493.8070604091166,1912.8410595667947,38.286243371783534,33.305801807666455,1.938235447726775,31.94,32.11
2583,43,3,23.27161171171171,77.3861237665761,built_up,0.06421198416779442,0.143093903227417,15.591441184841313,0.36894876074447736,0.6411637697421243,0.7974947364114389,0.33693808153613874,498.8802567732382,2468.6196942421357,38.98576532897872,28.158386957072832,1.8651413883542403,45.13,45.24
2584,43,4,23.27161171171171,77.38710436781403,built_up,0.026716320680276434,0.10087257516032898,9.586618963487322,0.45976856446396874,0.6512610999099439,0.8746017881766354,0.321716516344876,500.16828914784105,2094.7933611684007,38.26417216333692,24.135788981112498,1.478936102141769,46.15,45.87
2585,43,5,23.27161171171171,77.38808496905196,built_up,0.08211010891164777,0.1496297006975801,16.8838565651951,0.42480963542941796,0.597516134861869,0.8118295640711372,0.3312127159861002,495.77671585913544,186.4877976343887,37.45052231802484,24.004474387332166,1.2543127122226023,42.96,43.84
2586,43,6,23.27161171171171,77.38906557028987,built_up,0.08827964857976253,0.1465082390675378,11.929923574255751,0.48353545927202246,0.6147562616578301,0.8629054420024974,0.29735392122286824,502.3091195769338,1351.2664019906192,38.000186672117195,19.617482688752446,1.973571581541401,45.68,45.15
2587,43,7,23.27161171171171,77.3900461715278,road,-0.06582608788203481,0.15389348067106381,0.0,0.0,1.0,0.9900977655930246,0.971387951631332,506.2213704367658,1327.7578352950168,37.55123106764559,30.965176828659423,3.3334060316740786,45.79,45.89
2588,43,8,23.27161171171171,77.39102677276571,built_up,0.048817819138580396,0.14325683880458046,12.062447960119384,0.502442250187034,0.6030322827959375,0.853422832980301,0.32980365561695585,497.2222566706963,96.67027733227928,38.346468167157866,16.704721140269314,2.310039726506312,43.18,43.01
2589,43,9,23.27161171171171,77.39200737400364,built_up,0.1298078011796348,0.14892672520965755,7.313313259822856,0.5444801114995435,0.6274028060770226,0.8473486095721762,0.31252711534554467,491.79659856507755,654.458883489094,38.42868650122707,33.02505500826024,2.5255863049839404,44.84,43.63
2590,43,10,23.27161171171171,77.39298797524157,built_up,0.02410847996130777,0.11608435998688194,17.554524498009485,0.5343256235061964,0.5305756620914971,0.9518005158936735,0.359029544624808,504.63412576067066,534.332515203462,37.86293152002717,22.456744658849644,1.1541288072222893,45.7,45.9
2591,43,11,23.27161171171171,77.39396857647948,built_up,0.06991829705325776,0.13754959486585203,15.072804757522151,0.5240807767005627,0.561027525239469,0.8675663745866056,0.3626211150823625,497.5771386198382,748.3072916317789,38.15835402545303,25.351222127002046,1.7189977061944752,44.99,43.62
2592,43,12,23.27161171171171,77.39494917771741,built_up,0.03986041191830359,0.1724691106708615,12.982468743610472,0.5536057033077281,0.5656921757446448,0.8421722432672331,0.39250469571509283,484.09529871982147,1079.4976615226813,37.9294572939993,29.75257651473777,1.7196454891733068,44.61,44.21
2593,43,13,23.27161171171171,77.39592977895532,built_up,0.004705370017528909,0.15172104498404032,13.584075133457102,0.4736482688185466,0.6036527008152284,0.8668819893408349,0.3589672727863359,498.15023074066596,853.0270492678715,38.449198803174866,30.406448476903176,2.572392561202803,45.8,46.4
2594,43,14,23.27161171171171,77.39691038019325,built_up,0.08969066494988817,0.17534660609571817,13.37196106014588,0.6083996359727503,0.5316605896135285,0.8481274864707408,0.40182938498072246,498.1188666523163,549.9330812468888,38.15860574336497,25.495603821478696,2.234904604875639,44.3,44.45
2595,43,15,23.27161171171171,77.39789098143117,built_up,0.014139409725252142,0.13898553537352745,12.377084278648777,0.6379038215129813,0.5253820553813725,0.8064393729120011,0.3223990652212723,504.6486648721897,1454.3227299091095,38.90397581528784,26.671500193583526,1.7025506168044224,46.7,46.84
2596,43,16,23.27161171171171,77.39887158266909,road,0.0738627223895461,0.14176054029341162,0.0,0.0,1.0,1.0,1.0,505.71361889151433,1393.6735122810785,38.56787382651405,31.810545045711038,0.8269824736336038,45.06,44.28
2597,43,17,23.27161171171171,77.39985218390702,tree,0.7715119592605798,0.14382076631608218,0.0,0.07483871445073563,0.9588387070520954,0.08601695891643041,0.01745641357729481,512.0700624018465,1004.6509539643615,39.14191492616956,32.02718249615973,1.4799411974151386,32.51,33.45
2598,43,18,23.27161171171171,77.40083278514494,grass,0.49533477829743866,0.2312359433731606,1.352905662196261,0.03063345834507313,0.9696225412882472,0.164983703846656,0.08719826088180535,496.3912710478749,978.1553831020861,38.318093992458685,26.592954870944453,2.548421974974923,33.76,32.96
2599,43,19,23.27161171171171,77.40181338638286,water,-0.023739464887158154,0.07605321793961427,0.0,0.0,1.0,0.0,0.0,494.0301735281506,0.0,39.35774651451876,17.571472565679958,2.007556478436065,36.34,36.98
2600,43,20,23.27161171171171,77.40279398762078,bare_soil,0.10339055498157702,0.317833051379543,0.0,0.0,1.0,0.20521386769357702,0.04242646401182378,509.1490141216489,494.7378942340784,38.50100798023316,22.523921901728507,2.1338738361441503,36.53,37.7
2601,43,21,23.27161171171171,77.4037745888587,water,-0.04039488949548346,0.03,2.1783279600273735,0.0,0.9782167203997263,0.02233219702563806,0.04516746112982495,507.09784271526985,0.0,38.288614039185696,21.014546472443797,2.545801851013436,35.15,33.77
2602,43,22,23.27161171171171,77.40475519009662,grass,0.42316605527903217,0.24150799363708228,1.7207372853309122,0.013796559603927417,0.9752045193645308,0.0,0.07792195444215749,511.0100831186247,813.610588295625,39.46349433986598,31.250516143214682,2.850529320533007,34.5,34.13
2603,43,23,23.27161171171171,77.40573579133455,grass,0.46371467620507945,0.23509181140957874,3.6511070085618664,0.012527709181829641,0.956598689864375,0.09044126773438274,0.04526080453931519,499.9111209761847,717.7369982044155,37.768597575480044,28.60542468477811,1.7026239531001957,33.03,32.58
2604,43,24,23.27161171171171,77.40671639257246,tree,0.6140484377350075,0.19568494788046356,2.9286376219315082,0.05101863818846836,0.9426533727770273,0.09754957346494053,0.017879907550739017,501.165409545408,1300.670483217118,38.27892855209887,24.30001497658489,2.496384464561708,33.77,34.02
2605,43,25,23.27161171171171,77.40769699381039,road,0.08204125758970672,0.15459068759816694,0.0,0.0,1.0,0.9633715837564407,0.9122786937944105,489.42835913558974,928.272925102337,37.83398041422817,35.14607950231167,3.1668703044161206,43.94,43.09
2606,43,26,23.27161171171171,77.40867759504832,road,0.05403302366763478,0.11738677676704354,0.8843631074595839,0.0,0.9911563689254042,0.9559973757414231,0.9382612622445385,500.3880483440354,45.17382773507302,37.764689850728956,11.586384938985056,3.045970921598334,42.89,41.84
2607,43,27,23.27161171171171,77.40965819628623,road,-0.025667471059443996,0.09690564643742194,2.6457135044185454,0.013093514424530057,0.966341432022323,1.0,0.9451027545257709,500.0079111470003,926.8972040108298,37.673145628109964,31.51290577850001,1.8561778148169592,46.36,46.31
2608,43,28,23.27161171171171,77.41063879752416,tree,0.7093673509792949,0.16125823549201815,0.0,0.0,1.0,0.09180936283161895,0.07042696570780822,493.8147447875414,194.84723694438537,38.746702858829586,20.86684743893128,2.376925697627188,31.16,30.65
2609,43,29,23.27161171171171,77.41161939876207,tree,0.7755966524075685,0.18207896002946655,0.0,0.0,1.0,0.0018294679477880577,0.0014821653190384247,490.7867926490388,1014.7349615042704,37.96837904168972,29.874715189787008,2.6504508871830232,31.78,31.65
2610,43,30,23.27161171171171,77.4126,road,-0.01875406954771521,0.11037205834456536,5.933723221882445,0.005873064972618337,0.9374325820462355,0.9742240809729507,0.9462828912034611,505.3521157827039,940.2380473440888,38.398089750320125,24.8526817576823,2.156728331042601,46.74,47.54
2611,43,31,23.27161171171171,77.41358060123792,road,-0.030213268672028504,0.09766541219794493,0.0,0.0,1.0,1.0,0.9746979008478366,499.3618991345729,1291.0478686239494,38.85676645605757,27.390334883130226,2.050484168832353,48.21,46.75
2612,43,32,23.27161171171171,77.41456120247584,tree,0.731308276285068,0.1308584890792323,4.159911745277426,0.0,0.9584008825472258,0.0,0.0,509.02148336999306,119.67827420728077,38.68533806585058,21.173402158465468,1.1423938677926047,31.76,31.66
2613,43,33,23.27161171171171,77.41554180371377,tree,0.8009534728371218,0.18243142766582104,1.784735387495346,0.0,0.9821526461250465,0.07616824279611481,0.032662688111064535,499.6917588495944,144.63987916643975,38.66556796467052,19.656721361897677,1.6689538328756395,29.01,28.48
2614,43,34,23.27161171171171,77.41652240495168,tree,0.7415117025425746,0.12548927707353918,2.328753304239208,0.009849751902328882,0.9712951034113271,0.07320982540430432,0.0,490.99413036628863,431.8245847237617,38.98552854348064,20.824949013703122,1.7623332703042462,32.73,32.75
2615,43,35,23.27161171171171,77.4175030061896,road,0.07042069424583544,0.08171567189390552,6.370009385751749,0.0,0.9362999061424825,0.9292002247517007,0.9425260051629778,492.392420319414,101.78356912541528,39.143771978573874,26.85000468042041,1.4064020106665729,44.71,44.18
2616,43,36,23.27161171171171,77.41848360742753,road,0.09065877764186432,0.1253972183405214,1.2903610705112993,0.06383765447918696,0.9519856793313342,1.0,0.907303717196141,505.6691486716802,141.65977295679863,37.99930591464922,22.6007901594053,2.2221846933491527,43.5,42.44
2617,43,37,23.27161171171171,77.41946420866545,tree,0.6913176790617459,0.17862845655964163,0.0,0.0,1.0,0.0016197726831801498,0.019099653887477672,495.1145063165072,1280.7411845444285,38.69328109368379,28.138371695341114,2.7199347927294397,31.7,32.05
2618,43,38,23.27161171171171,77.42044480990337,tree,0.79784914598677,0.14638842051587916,0.1493868677000263,0.07913587422507765,0.954981400499207,0.04328910473918314,0.0037208209872112603,506.88176768224173,594.639763788968,38.3911133712453,28.39636250165716,1.913377978338067,30.37,32.86
2619,43,39,23.27161171171171,77.4214254111413,grass,0.5262522109895724,0.2021576041479237,0.0,0.039507823354785004,0.9782706971548683,0.10502718617409895,0.03433624228478257,484.72534817930006,570.5069317217188,38.44132991921464,34.734952110727306,0.8701485368981204,32.48,32.39
2620,43,40,23.27161171171171,77.42240601237921,grass,0.5018422473694031,0.19648870053597936,1.751670164099517,0.013399491099121506,0.975113578254488,0.09001424462427192,0.08431018651742683,497.28124779402737,628.8230229181178,37.895409968189114,25.029084949264973,2.107783199753266,34.18,33.53
2621,43,41,23.27161171171171,77.42338661361714,grass,0.43733181693903467,0.22241574723995297,1.9173939217869402,0.0,0.9808260607821306,0.1434022634135646,0.03272392270815316,504.43227663841066,1977.5889914481209,38.287220665639964,24.127069242615327,2.3462580621662954,35.28,34.62
2622,43,42,23.27161171171171,77.42436721485505,grass,0.4193003759307507,0.1832598828623348,0.48449757122944914,0.017608341819423865,0.9854704362870224,0.14358046646961295,0.008464930240710985,493.35914503157943,33.914413566730104,38.33090195588733,23.400308101533284,2.310314711671801,31.78,32.62
2623,43,43,23.27161171171171,77.42534781609298,tree,0.6379503882673252,0.16752113336105354,0.0,0.10325670831984207,0.9432088104240869,0.0,0.0334160530873214,494.1925131735767,931.4333618144307,39.072101564038,29.85076085520204,1.7271663226915346,32.13,31.34
2624,43,44,23.27161171171171,77.42632841733091,tree,0.6868058476094056,0.21106153761137222,2.572975985763961,0.0,0.9742702401423604,0.12195559735934819,0.05040434681541042,511.1404717083092,818.8016369502684,38.03787860973658,23.9604595633567,1.4618022788944336,30.92,32.09
2625,43,45,23.27161171171171,77.42730901856882,road,0.08710792489108492,0.0869521073904205,0.0,0.10899128200822877,0.9400547948954742,0.9257064055808216,0.9325557746923842,484.8159453686762,438.49519317895647,37.54581802253581,32.35473098527948,2.66633554588647,44.09,42.62
2626,43,46,23.27161171171171,77.42828961980675,tree,0.660345866151656,0.15989127881913986,0.74970944848403,0.027051769113396597,0.9776244325027916,0.0,0.0,508.6680818355102,1735.7417238727762,38.4975598271492,29.179831692311474,2.389457762075683,32.53,32.7
2627,43,47,23.27161171171171,77.42927022104467,tree,0.7953550115148227,0.13061006641757514,2.9735178559750395,0.09268444282571683,0.9192883778861054,0.0,0.06330802227348413,501.8017329205564,741.7409832179475,37.997293762356506,24.408168212081243,1.7334302195617346,30.99,31.59
2628,43,48,23.27161171171171,77.43025082228259,road,0.03637097086495171,0.12329781708811757,2.893962630834607,0.0553007264727293,0.9406449741316527,0.9046536340548411,0.9240531099130127,500.7485241672657,1714.1221071865382,38.44416940163643,29.9612955083442,1.2684417637196184,45.67,46.36
2629,43,49,23.27161171171171,77.43123142352052,road,-0.13364949131568427,0.0916749378132861,0.0,0.0,1.0,1.0,0.9287245762822818,481.3304162024923,871.9332987276006,38.76430228353802,29.36277306953683,2.3335640521223806,48.08,48.7
2630,43,50,23.27161171171171,77.43221202475843,built_up,0.20215156930764155,0.08579926409528593,14.635282395797022,0.5941545143777492,0.5268621931342677,0.8475288660161315,0.4271200127892848,494.72151344830814,1697.6551308771864,38.46007376555847,27.647821160383778,1.3470305163050509,45.32,45.56
2631,43,51,23.27161171171171,77.43319262599636,built_up,0.15259623329214672,0.1390240196373235,9.36200324474821,0.4547356018164853,0.656275386553451,0.7327906456141408,0.3737659970605207,503.7944040734031,1038.178693839779,38.327502009580364,29.537243227800825,2.095567876981653,43.75,44.79
2632,43,52,23.27161171171171,77.43417322723428,built_up,0.07263716920633205,0.18072775240359615,13.598619313342747,0.46599704048057333,0.6077154346022573,0.8573614129356727,0.4319002044039458,504.97733511873275,827.8133328007793,38.4373756391477,30.504762540109045,1.9346314139653455,45.4,44.51
2633,43,53,23.27161171171171,77.4351538284722,built_up,0.07733165339176068,0.15390136202377053,11.572842677645625,0.457027842235609,0.6329062599939588,0.8494339014764974,0.41076360460727795,506.32781210531095,842.4972369603222,38.83895969161971,31.656767036715383,2.940121699380857,44.86,44.28
2634,43,54,23.27161171171171,77.43613442971012,built_up,0.13214077563688087,0.14025720235521064,13.256040817975965,0.48384310820293935,0.6013258823086237,0.7444871512264496,0.22810256021022268,501.8129713664674,645.579728706259,38.038133245200136,28.429181476453156,1.809879243114084,42.91,42.55
2635,43,55,23.27161171171171,77.43711503094804,built_up,-0.018355755386462294,0.11533972033497618,14.472992352872543,0.4776022055130446,0.5925888634391001,0.8885880601409957,0.36812382230795854,492.6493441168122,1485.266774777414,38.79139276555139,26.917538717786517,2.8463019916648618,47.34,48.68
2636,43,56,23.27161171171171,77.43809563218596,built_up,0.1151443799193028,0.13647550058198962,12.0733066827713,0.4877852049974943,0.6109850704236651,0.8125275342144188,0.393515318599283,504.520751717187,1123.321139996578,38.098223611090425,28.95624395700806,1.8991668769404537,44.84,45.26
2637,43,57,23.27161171171171,77.43907623342389,tree,0.8118741842736678,0.1411700529504896,0.0,0.0,1.0,0.06790455232038324,0.06729652260403379,492.13582448778453,2800.333837635513,38.74082820041197,32.763517305261516,1.7998439658947922,33.22,33.83
2638,43,58,23.27161171171171,77.4400568346618,tree,0.6802346221986926,0.1908205041822485,0.006715756273133152,0.0023078256774838875,0.9986635383146525,0.010379425778998405,0.06270185898102527,493.1686299628282,288.6906560850558,37.88276395444466,22.51972933016144,1.5658732847595407,29.95,29.79
2639,43,59,23.27161171171171,77.44103743589973,grass,0.38268015406635303,0.2633594685790726,3.1261754695248567,0.0,0.9687382453047514,0.14068647991602887,0.0,499.782177188159,595.0124223547681,38.71700414606312,26.693089759280944,1.6528522683072184,34.59,35.33
2640,44,0,23.272512612612612,77.38318196286234,grass,0.5034468921702974,0.23663982709957734,2.448948144545508,0.0,0.975510518554545,0.09043355301790632,0.0,491.7561232088278,1710.6427102825658,38.459251420128005,28.2226109268334,2.4333752973991496,34.26,32.86
2641,44,1,23.272512612612612,77.38416256410027,grass,0.47203589782825484,0.22313004985681695,3.155284400412846,0.0,0.9684471559958715,0.13600739493943784,0.0,511.8229909646348,1483.0608893256406,38.538621705718484,34.66263901109621,2.2487512209982894,34.76,34.39
2642,44,2,23.272512612612612,77.38514316533819,tree,0.7778700816419101,0.15895059708671905,5.455245563178046,0.09992789455342735,0.8904872023638345,0.07151895102535047,0.06701046852377401,497.5849056635371,551.1971287174243,38.8835773800017,30.997168990974068,1.0487700280790646,32.02,31.82
2643,44,3,23.272512612612612,77.3861237665761,built_up,0.1277474310538668,0.11242069736000113,14.846713444554164,0.4831196655132233,0.5858170495221856,0.8617611325268909,0.3571718353081345,507.914307868397,1297.5145382524283,38.17156228811443,28.607247587392227,2.34620901888184,46.43,46.0
2644,44,4,23.272512612612612,77.38710436781403,built_up,0.05573229636204681,0.09456478328020217,14.201820463556606,0.4605107113586727,0.604700904117164,0.9877830038469425,0.34616355374005253,502.4162884246723,1297.9762993023758,38.48997952521421,32.5615135095957,2.598163967382615,47.42,47.13
2645,44,5,23.272512612612612,77.38808496905196,built_up,0.11904538148090024,0.1109936322081601,11.842930021361761,0.49493497847241497,0.6093564616265541,0.8333618285790287,0.38160754975144895,500.77372774378995,1311.3675173516563,38.62132026628458,25.827639026897643,0.9202923734267818,45.76,46.25
2646,44,6,23.272512612612612,77.38906557028987,built_up,0.14906818481496859,0.13317933214845606,8.635535763478506,0.45149015390149544,0.6653250577193924,0.8087222409456196,0.2649705579391518,499.14654698261944,1185.390637700278,38.38039548528249,29.315623138371446,2.4314129923709316,44.04,44.25
2647,44,7,23.272512612612612,77.3900461715278,built_up,0.14124568056851886,0.10582068631232036,12.7132601624983,0.5323482992504255,0.580075833787283,0.8212676398310097,0.37144887037121294,512.7817440668236,130.370172294981,38.78671574902104,27.502486743953263,2.6706973067098105,44.3,45.37
2648,44,8,23.272512612612612,77.39102677276571,built_up,0.09635925926188499,0.17488669634086762,11.83929137059485,0.5562880351269919,0.5756486669742059,0.8817110892397794,0.4207742866045142,504.65971859908177,1963.832907736739,38.631928448369756,30.614197412339557,0.9318521246884834,45.58,43.7
2649,44,9,23.272512612612612,77.39200737400364,built_up,0.09800000171791536,0.09896613097885498,11.359780218354741,0.5487310878023386,0.5846000995251663,0.8999344818652332,0.33757594201152896,514.4344065204754,836.8789129592747,38.268028555610094,34.48340144413821,1.6006753329975354,45.65,46.99
2650,44,10,23.272512612612612,77.39298797524157,built_up,0.10771861951181726,0.1530284975041606,9.829091956401905,0.5029930013267974,0.6250629297062423,0.9690164788033372,0.31310932442325473,505.00126061827325,413.3157787513786,39.004292730291525,27.66496181899267,1.436774073669307,46.32,45.74
2651,44,11,23.272512612612612,77.39396857647948,built_up,0.024038649491676632,0.0975713678868251,15.722371574417531,0.4754780996501036,0.5812633294482676,0.913374707283255,0.32874719482239734,501.02399408762057,1173.2231842155895,38.724758449694576,26.095187158907237,2.3179762127496466,46.86,48.04
2652,44,12,23.272512612612612,77.39494917771741,built_up,-0.01701257937608587,0.14610947750780223,14.454925341737631,0.58638473192765,0.5329391440224162,0.8020248305300081,0.31731912610134083,505.27638369959965,1651.1766074720936,38.162973053381464,32.640870866527116,1.5866577158235624,46.62,46.24
2653,44,13,23.272512612612612,77.39592977895532,built_up,0.044449849640352,0.10294389032441253,12.994479374559466,0.48883963874108094,0.6011934049468108,0.8698890549676555,0.30680660893558503,507.78323768802625,1029.2048067532744,38.158961816811804,20.686732765482876,1.6198205616387606,44.72,45.05
2654,44,14,23.272512612612612,77.39691038019325,built_up,0.14024599649656322,0.06730074144506615,9.592192575902153,0.6140231976205325,0.5663653155496855,0.8140239509477395,0.29134468992440393,498.3784127475796,1022.504728700277,38.412194946352,28.720760823689385,2.0273189921826678,44.43,43.46
2655,44,15,23.272512612612612,77.39789098143117,built_up,0.07051912883456675,0.15404042439478435,15.014699697134116,0.5730162348147727,0.5346940738805339,0.9174185494088924,0.349432786935501,499.651357979803,1281.7504698760215,38.678991286279796,32.123505406460275,2.552134320230138,46.75,45.66
2656,44,16,23.272512612612612,77.39887158266909,tree,0.7531595824623872,0.15291425272203618,0.0,0.0219114549173097,0.9879486997954796,0.020658592988233904,0.0,488.8683320116094,581.3896814931777,37.61462380209916,30.25004774685363,2.1525860146211593,31.57,32.09
2657,44,17,23.272512612612612,77.39985218390702,grass,0.427555281497096,0.22381857393411675,0.0,0.06889360724755487,0.9621085160138448,0.047664991280181174,0.06650122229144362,503.34936030705916,1928.5379394729443,38.17979626062243,19.58999899844966,1.8884959967560264,34.1,31.7
2658,44,18,23.272512612612612,77.40083278514494,water,-0.0676096406345748,0.036611718076566976,2.6359165143748777,0.08487909174823653,0.926957334394721,0.0,0.025565156311296033,506.88251878464825,0.0,38.269008808162,14.616019758007688,1.970095491258444,35.93,34.84
2659,44,19,23.272512612612612,77.40181338638286,bare_soil,-0.02531727969223349,0.27112126328534725,0.0,0.07648879315317819,0.9579311637657519,0.19557043534909002,0.0,495.30790024828417,966.4609408763495,37.92493832410452,27.54246047908567,2.5512211435492933,38.42,39.11
2660,44,20,23.272512612612612,77.40279398762078,bare_soil,0.12341209154988791,0.2563016521759107,0.6600515608890525,0.0,0.9933994843911095,0.07038701081474136,0.03672091613197149,504.58547281001756,886.4905655124692,38.091293106192275,29.899462851108495,1.3974709325345227,34.97,34.6
2661,44,21,23.272512612612612,77.4037745888587,road,0.0034519366445043727,0.1078381950480763,2.0482066185042926,0.0,0.9795179338149571,1.0,0.8910060943394893,501.3453008315771,783.6228168567794,38.55492050065483,30.05652035231949,2.1721936222775375,44.39,43.6
2662,44,22,23.272512612612612,77.40475519009662,water,-0.03983890073377471,0.05243211711797218,0.0,0.0,1.0,0.0,0.01021671885937143,485.6172524538063,0.0,38.304435101079484,19.97534447735277,1.6373583783762524,36.33,37.7
2663,44,23,23.272512612612612,77.40573579133455,grass,0.4866474211780123,0.21691361827929792,0.18801382263867883,0.0,0.9981198617736132,0.09499772049332346,0.03114742143067559,498.6901599580217,819.1197693823104,38.33586946875278,30.920959954202864,1.47708977088216,33.85,35.54
2664,44,24,23.272512612612612,77.40671639257246,tree,0.7014524728570034,0.16631887692323866,0.0,0.04872308069742074,0.9732023056164186,0.0,0.02631788001109652,514.5055765973729,1281.530698865909,37.94854408192992,29.747580412356257,1.0221179148649957,31.12,31.12
2665,44,25,23.272512612612612,77.40769699381039,tree,0.7505618842616264,0.18749226496698357,0.0,0.0,1.0,0.03730843135208169,0.042995025773218516,503.117719582519,1114.8371674843463,38.4145933174834,27.485557611772773,1.8910055215587669,31.56,32.71
2666,44,26,23.272512612612612,77.40867759504832,tree,0.7931803119026738,0.1752462848136522,0.47962871333041146,0.0,0.9952037128666958,0.16280988875177344,0.003446043592170926,505.2135402160966,504.56158617617484,37.89837434130428,30.150400982614777,2.8417744387154174,31.73,33.1
2667,44,27,23.272512612612612,77.40965819628623,tree,0.6937352781562437,0.17288994255107365,0.0,0.0,1.0,0.1079845034804841,0.04182810228001486,492.6731611342776,930.9243623841398,39.08361186713627,25.410130936743535,1.0099713371083845,33.1,33.09
2668,44,28,23.272512612612612,77.41063879752416,tree,0.7694360398193385,0.1592093915183082,1.029619891548925,0.050340164279352485,0.9620167107308668,0.0,0.04133644734521641,502.9150973537204,1640.2253347836322,39.19733110281242,30.547283888537297,2.4872584047779407,32.49,32.03
2669,44,29,23.272512612612612,77.41161939876207,tree,0.7534221152245795,0.16767357151700257,0.0,0.10116968412692849,0.9443566737301893,0.03225747457910148,0.04344584539414732,498.09295559094875,1237.619669636064,38.310733721162684,24.612389302345218,1.7703975271250028,32.9,32.98
2670,44,30,23.272512612612612,77.4126,tree,0.7878402037730126,0.17931996691994195,0.0,0.0,1.0,0.0,0.024022357298359005,500.64317004607744,287.9138243826002,38.05102395135699,21.949785647498246,1.5619630444335133,28.46,27.15
2671,44,31,23.272512612612612,77.41358060123792,grass,0.3399113323797138,0.22618856487939507,0.8315575192842812,0.019732262000608933,0.9808316807068224,0.05050307699064402,0.045870923417238973,498.5713399140574,1129.232616473645,38.84184097094545,29.851421693968735,2.387875310285129,35.32,35.83
2672,44,32,23.272512612612612,77.41456120247584,grass,0.3915107413865592,0.2545060963627399,3.774965955307967,0.005803935025845572,0.9590581761827053,0.12018370050109012,0.06135570290196386,491.7943835816442,456.86765860442387,38.73694551351775,26.804504607320897,2.937433706298517,33.49,33.19
2673,44,33,23.272512612612612,77.41554180371377,grass,0.4610534713291956,0.2808068354909776,0.0,0.08188622774959328,0.9549625747377237,0.09033868087002506,0.02862252074543468,509.7443548174592,1715.6938754970693,39.2498980748514,30.53980080657163,3.0429712065168335,35.78,35.83
2674,44,34,23.272512612612612,77.41652240495168,grass,0.4753707474984452,0.25494240959148284,0.0,0.0,1.0,0.03237761757230072,0.009376476616568506,504.5218783368162,817.8979354143693,39.3564310828841,34.17079310690542,2.3702195282773384,33.96,34.0
2675,44,35,23.272512612612612,77.4175030061896,tree,0.8236261623736826,0.24164133106743002,0.0,0.0,1.0,0.10800179496981527,0.07056894559034446,503.5299850542873,1073.256451906906,37.689276972359366,23.919942042315917,2.157829282133039,30.12,29.36
2676,44,36,23.272512612612612,77.41848360742753,tree,0.7529491616922692,0.1503372993101199,0.0,0.0,1.0,0.039954227739367625,0.031077752273830254,498.95020138123164,120.81916586968373,38.96346378432905,23.81679145324069,2.4349319772042324,29.42,29.39
2677,44,37,23.272512612612612,77.41946420866545,tree,0.5932684049550763,0.20212291249107073,0.0,0.0,1.0,0.02210126751311006,0.0,492.48118520989334,1252.6370591578434,38.41099682077775,32.34597375190007,3.686177366569151,32.37,31.15
2678,44,38,23.272512612612612,77.42044480990337,grass,0.43565098088927084,0.2390429288779792,1.922712264126992,0.015828207300363214,0.9720673633435303,0.14010217380381718,0.030572367464781994,510.9105231079131,1167.7783715275734,38.7196353516527,27.170961205229116,2.001773383970315,35.11,34.68
2679,44,39,23.272512612612612,77.4214254111413,bare_soil,0.17738659155394507,0.25184446984657394,0.658109467262316,0.0,0.9934189053273769,0.2700511469941578,0.0,496.1223840250639,87.06255970535926,38.81113933546565,23.20360647525864,2.873378404895369,36.55,35.55
2680,44,40,23.272512612612612,77.42240601237921,bare_soil,0.1178237007303676,0.2719524336321031,4.556744165842074,0.04296176934831515,0.930803585200006,0.17426744434755204,0.0,481.730635902048,273.4943624495909,38.79436586652684,18.981709536994003,1.7935211753079991,35.66,34.87
2681,44,41,23.272512612612612,77.42338661361714,bare_soil,0.040127007142758866,0.2904584025675307,0.0,0.000866313802438269,0.9995235274086589,0.1525539045759033,0.016081295789613113,488.6367481532777,759.437177959593,38.90014786121665,33.02481186229704,1.7012982967383699,36.89,34.86
2682,44,42,23.272512612612612,77.42436721485505,water,-0.050185170222346746,0.0690370165403374,1.109109560170722,0.0,0.9889089043982928,0.0,0.01309034942385664,508.37615234609615,0.0,38.275892166698846,10.0,3.2468714788130297,35.02,34.63
2683,44,43,23.272512612612612,77.42534781609298,grass,0.578712505335574,0.1766980596776362,0.0,0.007004584902545021,0.9961474783036003,0.12321874235843197,0.006643891979007152,491.52588000456916,1150.5016760619485,38.11884770791232,33.77955665569775,2.1982017222076857,32.93,33.37
2684,44,44,23.272512612612612,77.42632841733091,grass,0.4579944393582629,0.20966136933375326,1.2470363959532322,0.0,0.9875296360404677,0.09301289084017361,0.022936922753932335,493.4315379720103,398.62825900998513,38.97476525119367,23.550887348456705,2.3230938741104623,33.35,33.51
2685,44,45,23.272512612612612,77.42730901856882,grass,0.41845786082199826,0.22096212919012587,0.0,0.04723723507671687,0.9740195207078057,0.10092206287388977,0.0,512.9327613770829,901.2408896228302,38.15130880696849,28.359879799412905,2.501895555355637,33.41,34.39
2686,44,46,23.272512612612612,77.42828961980675,grass,0.3698910702647672,0.26715162741560383,3.387170407797596,0.0,0.9661282959220241,0.08385099409520905,0.011696523349467566,484.88425005517865,1063.6756080819478,39.24455948406145,24.74419866895823,1.6418600968944577,35.6,34.74
2687,44,47,23.272512612612612,77.42927022104467,grass,0.5007087243249209,0.23970666439314633,0.08188450053644615,0.047107953014380456,0.9732717808367263,0.043232707932501425,0.10273126367652066,493.8233431469465,592.3926355091844,38.19424988060272,33.98604081432583,1.9163267000222797,32.04,31.61
2688,44,48,23.272512612612612,77.43025082228259,road,-0.004512945744480912,0.09055559855430705,0.0,0.0,1.0,0.9864819992317957,0.9172521144263504,501.3328348481613,399.76697292000017,38.34766565452498,27.083765793604247,1.814771884457719,45.18,46.01
2689,44,49,23.272512612612612,77.43123142352052,road,0.07394848319915165,0.13160210248111143,0.0,0.0,1.0,0.9955566656325504,0.9144941134962397,500.2763218506917,891.6251294539322,38.423835883590705,25.83158257574304,2.399306751147775,45.54,45.46
2690,44,50,23.272512612612612,77.43221202475843,built_up,0.2377945060198558,0.1031884245204571,6.486992547571372,0.47663857531479176,0.6729788581011509,0.7642234190428205,0.32093220556204266,489.61916689888665,538.2567287981467,37.88357585113205,32.48071456019932,2.1034271215599576,41.29,41.46
2691,44,51,23.272512612612612,77.43319262599636,road,-0.033894579540644676,0.1388885444929187,0.0,0.053772640157094646,0.970425047913598,0.9820240742085198,0.9871435969185687,497.5828391725018,1811.1387471741527,37.88472975674293,30.9285486304129,1.8179293843583004,46.41,48.31
2692,44,52,23.272512612612612,77.43417322723428,built_up,0.10825809072696388,0.11660536637100372,14.263947476659645,0.4883049563613528,0.5887927992346595,0.8398746158935443,0.3538408513539248,506.0099978729226,21.192735248784857,38.86481379561017,18.665461013873717,2.85467771069009,43.68,43.45
2693,44,53,23.272512612612612,77.4351538284722,built_up,0.05894357313636479,0.16048012143792692,13.112513263751318,0.41962468317783985,0.638081291614675,0.7316118814745558,0.4180370666718328,498.50334360498965,1818.602064960911,37.811984479111395,24.035243139216014,1.867462501865742,44.35,43.91
2694,44,54,23.272512612612612,77.43613442971012,road,0.07769776498936282,0.08619159330329419,0.0,0.0,1.0,0.978137881674889,0.9680264008631041,491.112971146833,1174.8785997018845,39.507865131485374,23.495021619334075,2.2616690324026,46.71,45.82
2695,44,55,23.272512612612612,77.43711503094804,built_up,0.09065851445478931,0.16957859498784886,11.26895061931342,0.47568997734272317,0.6256810062683681,0.8644218474571715,0.3850234669247044,493.4407165838569,424.9960104701065,38.46234960588361,33.10027673801112,2.556000094238803,44.22,43.96
2696,44,56,23.272512612612612,77.43809563218596,built_up,0.06578821936862339,0.13307101372649704,8.910773980308143,0.3667857258580559,0.7091601109749878,0.8212649522420787,0.3454049104835368,500.76342309854283,7.428247435503863,38.08826229896332,21.675718837151653,1.4801754382918058,42.28,43.2
2697,44,57,23.272512612612612,77.43907623342389,grass,0.3447876010916878,0.2538866656179173,0.0,0.0,1.0,0.03333716851672992,0.029823853293359157,496.99463215206214,850.9664511477813,38.66808729634488,28.693642884024197,1.8874769164055474,34.19,34.71
2698,44,58,23.272512612612612,77.4400568346618,water,-0.1877100502201278,0.053945386060047604,4.930043670055688,0.0,0.9506995632994432,0.039480980953198797,0.0,497.5030717828128,0.0,37.51523697371741,21.968919712144977,2.324540219856868,35.59,36.88
2699,44,59,23.272512612612612,77.44103743589973,water,-0.019262080343801502,0.09119215688693325,0.0,0.0,1.0,0.053795350563951884,0.0,502.4840177617237,0.0,38.366572844100354,12.2053823821147,1.314607532475812,36.39,36.71
2700,45,0,23.27341351351351,77.38318196286234,tree,0.6750152144655425,0.18463782921202376,1.2557746624113144,0.0,0.9874422533758869,0.09209676015456394,0.031893604801658995,498.77621060867114,1301.1474923116175,38.417863455603346,26.701896291106536,2.0471931276360964,32.4,30.38
2701,45,1,23.27341351351351,77.38416256410027,tree,0.7624315441728801,0.24948349385191493,1.5248660066798787,0.04052912444058178,0.9624603214908812,0.059676341533160294,0.0960660518332989,488.27205213300635,354.77080721513255,37.993518096383674,26.808125228232353,3.379013727425886,29.85,30.42
2702,45,2,23.27341351351351,77.38514316533819,tree,0.7291819637791555,0.19980426554570907,0.0,0.0,1.0,0.04097551206808476,0.04976632754039957,503.4298843305642,294.3321703751459,38.24728757568203,23.92554505011665,3.2973917316800563,30.81,30.9
2703,45,3,23.27341351351351,77.3861237665761,built_up,0.015196565506655546,0.11579630983889028,13.293639763844288,0.44332626769033195,0.6232341551318745,0.8189637658989203,0.35578188943873174,491.5359474178672,2198.4325370206725,39.11040924463042,22.12363724334588,2.3256461231489802,46.81,46.81
2704,45,4,23.27341351351351,77.38710436781403,built_up,0.11446144403942246,0.1635853092932828,15.11803308262815,0.48668742958639943,0.5811415829011988,0.8515763155660776,0.3426014013906051,510.3062753214293,1162.267052215139,38.57330009217081,32.21459640755187,2.4221586660804695,45.7,46.8
2705,45,5,23.27341351351351,77.38808496905196,built_up,0.03505893292937921,0.19899897427706384,9.563716454297918,0.3603133972323798,0.7061904669792118,0.8996388179468408,0.32075014437429283,503.4807734733067,2033.2265432179515,38.6597869349148,35.17769136980913,2.2026857810141856,44.95,44.7
2706,45,6,23.27341351351351,77.38906557028987,road,-0.05249078731229237,0.10877253878926217,3.7085230575796473,0.03409432116990404,0.9441628927807563,0.971008956327701,1.0,499.23746046131714,1298.9371081118459,38.185269560844276,21.123636628110624,1.8977369487568556,45.43,45.95
2707,45,7,23.27341351351351,77.3900461715278,built_up,0.17896126975460883,0.1694259071415982,15.655476874015754,0.42405408144514756,0.6102154864650113,0.9114087391093805,0.3567836836389588,494.03376868445247,1187.631635277719,37.970640252036354,28.066613256351918,2.68938190575399,44.95,43.98
2708,45,8,23.27341351351351,77.39102677276571,built_up,0.09141477728941395,0.1960426550756962,13.524055654132418,0.44077663657847765,0.6223322933405131,0.7994286194066402,0.3481041019683487,489.2290741539234,695.4488546077077,38.403575933358894,29.997366530932208,1.3843594382195386,44.34,42.97
2709,45,9,23.27341351351351,77.39200737400364,built_up,0.06534851892013488,0.12734343938256876,14.604574971990807,0.4535566799633203,0.6044980763002656,0.7265009377681524,0.28256908362673877,499.85745491599044,736.5298686324077,37.516951051472645,31.492234083488963,2.3411085264274605,44.11,43.57
2710,45,10,23.27341351351351,77.39298797524157,road,-0.04420030391748582,0.16875353987268077,2.071875303465887,0.0,0.9792812469653411,0.9916648621249601,0.9393943595597206,489.969478042438,1522.466924381956,38.06127466410808,19.341873799361725,1.8787859674045724,46.69,46.41
2711,45,11,23.27341351351351,77.39396857647948,built_up,0.1310798048665359,0.08067998650783967,13.775643955003208,0.5280254938541106,0.571829538830207,0.8339134385572029,0.4338906135452573,515.9099573300756,795.9357281211795,37.99900002078665,29.35046836298232,1.5999624907926904,43.83,44.32
2712,45,12,23.27341351351351,77.39494917771741,built_up,0.06663084737035431,0.12979188705772415,11.886266897756895,0.4752145463993281,0.6197693305028006,0.8753428555845962,0.4284576574690224,512.4006551191625,1357.3101584847211,37.6844934982367,27.125030040942956,2.139437859019155,46.09,45.1
2713,45,13,23.27341351351351,77.39592977895532,built_up,-0.06442671507811847,0.08406351549823118,16.275419637269046,0.6120629807952821,0.5006111641899045,0.8776867312011388,0.33777678739798966,510.81840807516795,1318.0456676147114,38.759686980268526,26.866895329917362,2.7371445770555574,47.4,48.76
2714,45,14,23.27341351351351,77.39691038019325,built_up,0.14824671684400167,0.0843029267821532,14.668673143551517,0.6294140796700363,0.5071355247459649,0.8763724215233182,0.38792978926490634,500.2909832840426,973.3600579174115,38.44779752050872,36.276215300412964,2.454483288657293,46.36,45.49
2715,45,15,23.27341351351351,77.39789098143117,built_up,0.1641516525424292,0.11990634954479272,12.080902204350537,0.5260892987614305,0.5898418636377079,0.8511723201234805,0.2855964435466103,505.8484714430374,817.8765569639031,38.2521319348386,27.137760657261474,2.0089704184700503,44.35,44.27
2716,45,16,23.27341351351351,77.39887158266909,tree,0.7712213556066545,0.11642790220418124,2.143807566212372,0.06684474719765644,0.9417973133791652,0.07192739170008644,0.02120075952671634,506.9216263946948,1516.0588545123342,38.76840653355123,29.799422675657475,2.185626954561496,34.55,34.56
2717,45,17,23.27341351351351,77.39985218390702,grass,0.481375594070605,0.2379292354293797,4.142354685415731,0.03805784928233893,0.9376446360405563,0.059987043363975034,0.08066567607630368,499.01022968128393,878.0682582061185,37.842291480921865,27.518673724930494,2.6023179600693136,32.63,32.9
2718,45,18,23.27341351351351,77.40083278514494,bare_soil,0.1264128256454175,0.3090660360296762,4.372132269140591,0.0012210721056341493,0.9556070876504953,0.28656310550562425,0.01658353251082311,511.2173435497838,942.5396440553051,37.9625684179584,28.96491007919266,2.9654875548541266,37.38,37.79
2719,45,19,23.27341351351351,77.40181338638286,bare_soil,0.0904545806125576,0.3376629720330026,0.0,0.0,1.0,0.13719798522278387,0.060690700768094435,512.0275783954665,1012.6827781953496,38.94693022321372,30.210549034593914,1.1436654802060882,37.02,39.06
2720,45,20,23.27341351351351,77.40279398762078,road,-0.029032388162282166,0.10979663642795227,0.0,0.0,1.0,0.9555554218406955,0.9702294260518814,495.1586493825318,955.7688929348233,39.41256280269088,31.57335825802595,2.1237940066978886,46.82,46.28
2721,45,21,23.27341351351351,77.4037745888587,water,-0.2,0.13037543173390492,0.0,0.04351244419870059,0.9760681556907147,0.009434251071832139,0.0160999247021401,490.9441248521859,0.0,38.77369062207403,16.89211533250533,1.5535244606214875,36.03,36.31
2722,45,22,23.27341351351351,77.40475519009662,water,-0.14427120484250927,0.08076042278122327,3.315388951260905,0.02166274199356845,0.9549316023909283,0.0,0.0034933590104561036,499.35492932111873,0.0,38.68862871340234,20.61050548517145,2.0314971564002016,37.86,37.78
2723,45,23,23.27341351351351,77.40573579133455,grass,0.44907500845081755,0.2429113576401874,0.0,0.0,1.0,0.14910604014464068,0.04875851093423998,510.2328945089241,1486.1128552271057,38.26725658087936,28.751849513794042,1.4452572318078047,34.17,35.05
2724,45,24,23.27341351351351,77.40671639257246,grass,0.36836753278867707,0.22864893362831204,0.0,0.0,1.0,0.06054033079505868,0.017969266031086756,497.6438345186383,453.50204223632016,38.27645434434427,21.407837300075037,1.116359009882678,32.89,33.29
2725,45,25,23.27341351351351,77.40769699381039,tree,0.7191815162928917,0.25339938593667927,0.0,0.05685884586605289,0.9687276347736709,0.0490812843327706,0.002484846113710207,483.8543193912836,1128.5952517870505,38.59090770281388,24.185349546775406,1.3908310345442774,31.66,31.86
2726,45,26,23.27341351351351,77.40867759504832,grass,0.3635419501604412,0.2448368171326381,4.353327172484387,0.0,0.9564667282751561,0.15841802924787007,0.03101757458988537,483.2463629452697,136.68154052823172,39.049159273878715,23.563694137864594,1.8353689669500157,34.31,32.97
2727,45,27,23.27341351351351,77.40965819628623,grass,0.4606935985583125,0.23203549736898885,0.0,0.001585254682681904,0.9991281099245249,0.14117779801740615,0.06994302077677222,496.69731226187383,951.9005423339663,38.67061722779185,26.153479658725267,2.5510370635350688,34.07,33.66
2728,45,28,23.27341351351351,77.41063879752416,tree,0.7843461231878577,0.20557367937656013,2.228593038322807,0.00567533078168762,0.9745926376868437,0.04527411314787076,0.030884542950196672,493.88985024798507,1284.0661877188404,38.88318320913276,38.44801052623402,1.6942646945848032,32.56,31.68
2729,45,29,23.27341351351351,77.41161939876207,tree,0.6281757265939145,0.16487069064242788,0.0,0.023483974946826025,0.9870838137792457,0.08287642575010992,0.07955944629183508,500.622016910439,366.21290759457304,38.1335086013574,31.85228120720957,1.6718945552309956,31.67,31.27
2730,45,30,23.27341351351351,77.4126,grass,0.44129779610905007,0.2104180733136992,1.299833658423604,0.0,0.987001663415764,0.09122851394378492,0.09490648074100075,501.43881704747736,197.79767083322452,38.74677011730583,21.807392490418852,2.4247569295165614,32.94,32.2
2731,45,31,23.27341351351351,77.41358060123792,grass,0.4296129229774371,0.1530105016739271,0.0,0.08238406804701318,0.9546887625741427,0.04066985163057938,0.0,494.77391986599605,1185.864002674142,38.23146232657941,34.04158783475591,2.3290807164458447,34.47,34.0
2732,45,32,23.27341351351351,77.41456120247584,water,0.0022782550518118255,0.09344636451838671,0.0,0.0,1.0,0.08947127410451983,0.0,501.1237800414035,0.0,38.55606071228834,23.090893072643567,3.221311564728433,35.27,34.9
2733,45,33,23.27341351351351,77.41554180371377,water,-0.19275177755001938,0.10993840137860678,2.1344043737411487,0.0,0.9786559562625885,0.0,0.0,505.986793970071,0.0,38.74632834823646,20.73692052064857,2.737240996108816,36.33,35.98
2734,45,34,23.27341351351351,77.41652240495168,grass,0.47408106595533595,0.21454675013997868,0.17792938245785161,0.024796771479099394,0.9845824818619168,0.11361670607005235,0.029241124977313394,502.6166434344071,847.5760065961953,38.28750676648969,22.343337499301388,1.5746888854062078,33.76,33.5
2735,45,35,23.27341351351351,77.4175030061896,grass,0.4374199817223124,0.20706293784681165,4.701107045071575,0.0,0.9529889295492843,0.1683497497180186,0.002594834133269379,506.48139611979707,1639.0927104892794,38.093168883906195,30.66134978921015,1.7638557878530017,35.78,34.94
2736,45,36,23.27341351351351,77.41848360742753,road,0.009749610787349344,0.0899782353276944,0.0,0.0,1.0,0.9960935669212647,0.9484001124147846,496.6401235231888,1734.2173152568203,38.6450383458882,33.58685467998906,2.6478881860555874,46.68,46.71
2737,45,37,23.27341351351351,77.41946420866545,grass,0.4379736704728504,0.20139695868581434,2.0762779189513876,0.042321789974680946,0.9559602363244116,0.1706244688453925,0.10711455036197332,502.7701761619085,624.0608736571631,38.44609118416986,25.628515569381747,1.6386849133243622,34.43,33.62
2738,45,38,23.27341351351351,77.42044480990337,grass,0.3358657759776493,0.19186445744955838,0.5214044208322417,0.0,0.9947859557916776,0.02074391226542731,0.03263311579806156,506.2140737526049,657.5935882622592,38.55445210039488,20.695899209379622,2.001213195468736,32.84,32.3
2739,45,39,23.27341351351351,77.4214254111413,bare_soil,0.17380725616361697,0.29849748891772215,2.8730832827466477,0.10867192291977959,0.9114996095666548,0.33070133203345475,0.03926684466017504,496.32119848072983,825.6906183349031,38.76285752153301,23.7228509364205,1.1321792167434437,37.79,37.74
2740,45,40,23.27341351351351,77.42240601237921,bare_soil,0.21439527510763612,0.25320325134122296,3.6191527416065745,0.0,0.9638084725839342,0.21135629757395846,0.0,489.41019837926825,670.4839475786383,39.02291442231499,35.03613280544586,1.395526795575463,36.08,33.76
2741,45,41,23.27341351351351,77.42338661361714,bare_soil,0.19818070166013285,0.25894118319144827,4.03130290005138,0.0,0.9596869709994862,0.14658864218094372,0.02014548194324292,505.4325759023527,920.1618157788906,38.76530611914328,28.320797338153984,2.907968343546251,35.84,38.08
2742,45,42,23.27341351351351,77.42436721485505,bare_soil,0.12905720373551874,0.3280888063282402,0.23728636873031714,0.0,0.9976271363126968,0.14335152283751776,0.06094542757721352,496.59457581524657,679.2716141448932,38.7127761785623,33.839072168353304,2.298132379637265,36.34,36.81
2743,45,43,23.27341351351351,77.42534781609298,bare_soil,0.1831127643041704,0.3416244338433194,0.6283297845770273,0.0,0.9937167021542297,0.1997173762413448,0.0,497.15322107465335,686.1821385565452,38.2998491518584,28.07617879151951,1.8180136365733588,37.75,38.04
2744,45,44,23.27341351351351,77.42632841733091,grass,0.5046436846802598,0.21735488222297822,3.3982810315233536,0.0,0.9660171896847665,0.08164854245286995,0.08111500016426149,500.17240015701066,817.127591593758,38.361263898630746,26.01390950379232,1.880978714253984,33.59,33.12
2745,45,45,23.27341351351351,77.42730901856882,grass,0.45201363856895677,0.2639994853953501,0.7651943294684709,0.06247419944617582,0.9579872470099187,0.08826877989205269,0.07357615628914724,501.9014786913836,1341.2878309902462,38.6818012986064,36.53837819466679,3.1749132528674178,34.5,34.58
2746,45,46,23.27341351351351,77.42828961980675,grass,0.5079987742007979,0.19175141412880276,0.17989401596015742,0.047859897627526155,0.971878116145259,0.1558242684868594,0.08013737907170373,500.83782180081994,1690.4272673355533,38.3547005269959,26.513528115030454,1.785596802642399,34.23,33.14
2747,45,47,23.27341351351351,77.42927022104467,grass,0.41056760582306684,0.1751570449092693,0.0,0.05979211421732279,0.9671143371804725,0.04568964144374576,0.0,486.2359280969769,1309.2209237710788,38.680143917321274,27.00372338891538,2.451344257456588,34.06,34.5
2748,45,48,23.27341351351351,77.43025082228259,tree,0.6331437164831439,0.19647090978050952,0.0,0.0,1.0,6.388372880179738e-05,0.028251633627077822,493.9667374860198,960.2352561842359,38.173753108431164,29.842421385519778,2.7228759633354587,32.88,31.36
2749,45,49,23.27341351351351,77.43123142352052,road,0.054084383206392875,0.12837983702492725,2.3358010295158533,0.00823641726435615,0.9721119602094456,0.92749549738452,0.9686290933968109,505.2496291381488,893.9100954639084,39.27173984146894,26.839600169644758,3.03276959383631,45.46,44.32
2750,45,50,23.27341351351351,77.43221202475843,built_up,0.06272581229512791,0.2142553215609207,9.767708788166857,0.5255931105533101,0.6132467013140108,0.9023015723191574,0.3363493903510851,498.6518659847934,806.3734658219605,38.57747124719158,31.11268458982708,1.4280156309851662,44.22,43.58
2751,45,51,23.27341351351351,77.43319262599636,built_up,0.08001333877184483,0.1669847768806164,12.291786081311582,0.6459776677867499,0.5217944219041717,0.8273631203728594,0.40510060662662634,504.35139889898176,1084.1680642074737,38.55120207803362,29.78374044469699,1.100126546596018,45.62,46.98
2752,45,52,23.27341351351351,77.43417322723428,built_up,0.16824566566145588,0.09199771263029605,13.633762536228376,0.44399787938127555,0.6194635409780146,0.8282006032447412,0.3306799083185597,492.28940565502074,226.83672383883618,38.30695782718403,21.94210656989219,1.3037207157212112,43.08,42.09
2753,45,53,23.27341351351351,77.4351538284722,built_up,0.10332705413152177,0.1380239034976177,11.59969958854242,0.506989790689949,0.6051586192351038,0.8725967410975264,0.3393265418168556,524.4073894578191,1585.6538714948606,39.265208297215274,25.53342524318945,2.2218840999759673,47.03,47.33
2754,45,54,23.27341351351351,77.43613442971012,built_up,0.22668804248655444,0.12755135227379963,12.75291592666472,0.39619077512799267,0.6545659144129568,0.833476084261727,0.32664162901467797,523.9640419732547,754.2611949946946,37.99868388690729,21.350401575793907,2.926023921881266,44.45,42.59
2755,45,55,23.27341351351351,77.43711503094804,built_up,0.06595797099149465,0.09638989079412821,13.237844584910867,0.4020373804805393,0.6465009948865947,0.8959272864513168,0.278467015698087,499.0270136792104,201.72117491327379,38.21879326238115,16.671248788033104,2.2834268290228406,44.66,44.68
2756,45,56,23.27341351351351,77.43809563218596,built_up,0.050569222594896046,0.13138361447948632,10.17842683585584,0.41086445663596455,0.6722402804916612,0.8985584134678676,0.43697817274170964,502.71445761247645,718.9776155631404,38.841436684288446,25.023987461032004,1.5677510799150498,46.16,47.72
2757,45,57,23.27341351351351,77.43907623342389,grass,0.453844646358763,0.20937192501774307,2.2234821614947244,0.014393061341987912,0.9698489946469594,0.0211102525944028,0.0739174195089756,507.7347243164072,1921.127538497598,38.5958625787762,29.170526785235694,2.8775671028511676,34.57,35.02
2758,45,58,23.27341351351351,77.4400568346618,bare_soil,0.0890135459501509,0.2890292133074534,0.0,0.0,1.0,0.21984926687995227,0.0,502.7387198514576,1282.4431448745645,38.26929285601735,24.73966765307201,1.9185421831664446,39.12,37.25
2759,45,59,23.27341351351351,77.44103743589973,road,0.003009812597984149,0.15192414218213698,0.0,0.00664243623390115,0.9963466600713544,0.9066548375383935,0.9707676428815122,496.1848503327238,1702.0771951868198,38.28076495762996,22.138803091523776,1.6984905039681097,46.71,46.75
2760,46,0,23.274314414414413,77.38318196286234,tree,0.6413312258680283,0.1929209085297816,0.0,0.030793404919033242,0.9830636272945317,0.04125986796141439,0.035974140365899535,495.1986998429529,787.0156730525217,38.38364364394284,23.413621135737625,1.987584514701374,31.82,31.4
2761,46,1,23.274314414414413,77.38416256410027,tree,0.693929813118618,0.18576035976705635,1.4414266641520816,0.015192181338992443,0.9772300336220333,0.0031619600748655705,0.09350717671717439,502.66251258335603,925.6208200031285,38.54085586526687,29.550465326681795,1.834464150835948,32.3,33.4
2762,46,2,23.274314414414413,77.38514316533819,tree,0.745453212309989,0.18767961837015515,0.0,0.0,1.0,0.09924356143699192,0.08911390525851136,483.71196986275095,1827.408128070836,39.121452412565915,30.74967295691703,1.7788619795427127,34.23,34.14
2763,46,3,23.274314414414413,77.3861237665761,built_up,0.08119577140439702,0.14710071631482874,14.693965177304475,0.28539997000059003,0.6960903647266307,0.8907394704627187,0.4012998824693768,494.4910660747988,490.7171243200936,38.74206473786817,25.973442517983365,2.576501124544919,45.7,44.4
2764,46,4,23.274314414414413,77.38710436781403,built_up,0.17839572897081973,0.08730824792594971,12.587465447678339,0.48039314299598335,0.6099091168754257,0.8698299502624801,0.3725853035997381,497.87984316340265,1394.841671738126,38.909334083176475,26.39971353629812,1.5955431480044573,45.95,45.83
2765,46,5,23.274314414414413,77.38808496905196,built_up,0.03749188424878112,0.12263166639216219,11.853310115352192,0.363226122609166,0.6816925314114368,0.8788520056630926,0.25077046503481226,502.90252372298625,1367.9596499094293,38.326290313325316,30.45590593048214,1.088774360090211,45.84,45.21
2766,46,6,23.274314414414413,77.38906557028987,road,-0.017671222586867798,0.07298101583027192,0.0,0.031983863437428345,0.9824088751094144,0.997284955769509,0.9055386756443997,500.84544875182365,1246.8215162802983,38.7062918405741,28.66195074767579,2.533568568367735,47.1,45.16
2767,46,7,23.274314414414413,77.3900461715278,road,0.043174204809812336,0.08040226049241396,0.38925682559782343,0.045887250594597084,0.9708694439169934,1.0,0.9664591965962975,513.1414605416312,1176.3600747657492,37.87808438072803,32.74428833751271,1.6082596281787884,45.04,44.88
2768,46,8,23.274314414414413,77.39102677276571,built_up,0.029485455743262383,0.1148377446361131,12.858857892665354,0.40047412367547447,0.6511506530518355,0.8344508563635141,0.3685669460651954,509.3691600221445,297.40848883322553,38.572854883654855,19.369360347131753,1.4168016293046313,45.22,45.22
2769,46,9,23.274314414414413,77.39200737400364,built_up,0.08594465713812653,0.13795291659743972,12.724319830404383,0.4898287723984099,0.6033509768768307,0.8484166501445413,0.40568835802128245,509.95197373143026,2118.37078238899,38.547184154834156,24.674247497986,2.2049378546148732,46.89,47.23
2770,46,10,23.274314414414413,77.39298797524157,built_up,0.07936566803412656,0.12767931621536596,10.419240743050008,0.4669973003690477,0.6389590773665237,0.885728556637748,0.3847410035384231,505.404117957078,692.1969699447509,39.22856671627861,32.34564429783421,1.509885530118948,45.9,46.82
2771,46,11,23.274314414414413,77.39396857647948,built_up,0.04045550555267907,0.19869392132331598,10.96272812600135,0.573816485376653,0.5747736517828274,0.8702288024112629,0.32069604243584765,490.5241155193933,658.1070151387955,39.1230340177219,26.754821069984075,1.6003074414770992,45.59,45.34
2772,46,12,23.274314414414413,77.39494917771741,built_up,0.10505789684208883,0.11271116017877605,17.12838832767089,0.5024015598613104,0.5523952587995704,0.8850223229205139,0.3747884436655248,512.9752062450555,762.1902802299444,38.39662404030422,24.844994180399773,1.826882661464345,45.17,43.82
2773,46,13,23.274314414414413,77.39592977895532,built_up,0.08636493603672549,0.09795816519428009,13.695042912132758,0.5793617211349449,0.5444006242544527,0.8609735846006781,0.44250678158431545,504.15767932296757,690.0967590931057,38.17314389445029,31.571260925583868,1.6585770377350495,45.61,44.86
2774,46,14,23.274314414414413,77.39691038019325,built_up,0.10734588488037027,0.09609815592012813,11.629214314940741,0.4708162064023738,0.6247589433292869,0.8508055444578811,0.3475790728660128,509.64087720215724,890.4657558907538,38.184123234149226,33.79699028988785,1.6509117801926012,45.1,45.08
2775,46,15,23.274314414414413,77.39789098143117,road,-0.030151187204589834,0.1567795314706398,0.0,0.0019232779456428727,0.9989421971298964,0.9908803745748269,0.9495884984732357,504.00073504312144,975.667605711182,38.38214196173947,28.732983914251072,0.7938991077540337,45.13,46.22
2776,46,16,23.274314414414413,77.39887158266909,tree,0.7499795981976597,0.1619334211268098,0.0,0.0,1.0,0.0,0.0,509.29184992816124,1680.3307528922967,39.02069639536008,23.98286279526831,2.0962823173821916,33.99,33.99
2777,46,17,23.274314414414413,77.39985218390702,grass,0.5185623664338236,0.24872144712118963,0.14987787298626268,0.05077219869370486,0.9705765119885997,0.11778094756191451,0.10789961792498157,492.6551906565447,1219.3993740814785,38.66596299288321,34.139129606334535,3.1307864834548425,32.95,32.83
2778,46,18,23.274314414414413,77.40083278514494,bare_soil,0.04414244264104329,0.3003504628039833,0.0,0.0,1.0,0.13586880916367228,0.020085280042312106,502.8362012578902,2090.924922316509,38.707203395548134,29.506881909081073,2.577786429274168,36.84,36.63
2779,46,19,23.274314414414413,77.40181338638286,bare_soil,0.11452256913254692,0.3031761911642635,0.40217515041669416,0.034444902998282345,0.9770335518467778,0.20718317412202342,0.05398467488967378,491.57861187528624,374.55542747401853,38.824482738662795,28.87894859220776,1.9565585021939476,37.03,37.02
2780,46,20,23.274314414414413,77.40279398762078,bare_soil,0.1450441873247401,0.22584767994222033,3.2793458244965477,0.0,0.9672065417550345,0.1480881598621841,0.11802080314505733,499.852399883057,728.6136324221116,38.10233712202177,26.384111898425502,2.4495492202369276,36.73,38.45
2781,46,21,23.274314414414413,77.4037745888587,water,-0.055121476341398225,0.10446392368082633,2.8478167134806482,0.0,0.9715218328651936,0.02680533908683664,0.0,492.63177217956354,0.0,38.216376345032955,24.519306707697226,2.54706798175591,35.02,34.94
2782,46,22,23.274314414414413,77.40475519009662,water,-0.2,0.107687929610877,0.0,0.0,1.0,0.0,0.0,509.1254546504263,0.0,38.708093159652066,15.566137164760267,1.6947634439087138,36.09,35.85
2783,46,23,23.274314414414413,77.40573579133455,water,-0.1229323714710622,0.07350329990036983,0.0,0.007965672331763545,0.9956188802175301,0.0,0.0,504.2098192525355,0.0,38.188431209743605,15.185090429296078,2.9491275812881597,35.95,35.98
2784,46,24,23.274314414414413,77.40671639257246,grass,0.45290524544044664,0.2169014349873023,0.0,0.0,1.0,0.158504871064294,0.03376199033395081,482.57087422144934,1382.798816253753,37.8894368021752,35.57802896558325,2.2978447014796934,34.55,33.94
2785,46,25,23.274314414414413,77.40769699381039,road,0.08723009496215073,0.12804802971936324,0.0,0.0,1.0,1.0,0.9651799756645935,501.6412108072704,1221.8871256728785,38.066967092083274,24.550305583410548,2.012602171281423,44.83,43.42
2786,46,26,23.274314414414413,77.40867759504832,tree,0.7283584976716347,0.21610873154304377,0.40439195403860395,0.004109203817538293,0.9936960183599679,0.09462068442910064,0.004056522748124201,491.2220627830819,768.3768338405331,38.921744469075165,31.838731214165914,3.1463084487775754,32.81,31.24
2787,46,27,23.274314414414413,77.40965819628623,tree,0.7554224714734716,0.20776087598644158,2.3272488041685,0.0,0.976727511958315,0.04143149722788129,0.0,501.99900843184304,60.12742579772703,38.35036761027865,25.513745213685525,0.9500742177614564,29.6,28.95
2788,46,28,23.274314414414413,77.41063879752416,tree,0.7213655541879443,0.2654904205481349,0.0,0.007841780381214978,0.9956870207903318,0.06889178952311469,0.040258601713363,492.26685575675265,1013.8635255742902,38.59034027333306,28.840654786114,1.4919360731068594,32.46,33.52
2789,46,29,23.274314414414413,77.41161939876207,road,-0.0020703934987769956,0.0671724961752623,2.3798932708246356,0.03323074046907587,0.9579241600337619,0.9316718772020631,0.928248100914338,495.35990065566864,68.36095753594839,38.08698952691865,16.47592873033844,2.5414557082295595,43.58,44.63
2790,46,30,23.274314414414413,77.4126,grass,0.49574578425879706,0.24399755224835612,0.0,0.0,1.0,0.10573489856115798,0.03977567434429764,489.2197664045047,996.7706395710916,38.65176134097212,30.519111268569404,2.6044503693532906,34.34,33.34
2791,46,31,23.274314414414413,77.41358060123792,water,-0.170530435662904,0.10044125640343693,0.0,0.0,1.0,0.0,0.0,500.8299731412259,0.0,38.3921631567706,25.567099384652487,3.1880739180778765,35.93,35.79
2792,46,32,23.274314414414413,77.41456120247584,bare_soil,0.1321690631536774,0.28890975040871264,2.9142832636440423,0.00925163609184571,0.9657687675130444,0.17003039227551917,0.0,487.7579127159368,917.5592355080573,38.678479208487104,29.36993643556629,0.834821560810527,37.37,37.49
2793,46,33,23.274314414414413,77.41554180371377,bare_soil,0.1675919322311415,0.25329338666361517,0.6381589951703498,0.0,0.9936184100482965,0.23591337677810578,0.044643076470675315,481.8702988535983,1276.5019264104546,38.30884746344174,25.01418530898487,2.7082885340941667,37.56,36.91
2794,46,34,23.274314414414413,77.41652240495168,water,-0.08486818221268666,0.06405932058078308,0.0,0.0015873702087742484,0.9991269463851742,0.0,0.0,494.33761877522915,0.0,38.70171360274636,21.224270924947028,1.4522832538759327,36.46,37.64
2795,46,35,23.274314414414413,77.4175030061896,grass,0.530794106793593,0.2216771444581135,5.632107729875017,0.018553818517917337,0.9334743225163953,0.12944541270539722,0.0,498.2543285098486,810.476437270616,38.28919495027702,22.461496448056252,2.3861090692418956,34.09,34.78
2796,46,36,23.274314414414413,77.41848360742753,grass,0.41176508165307213,0.20605596920361555,1.0503695809479603,0.021987989912944622,0.9774029097384008,0.03315273622238887,0.04134963605772991,504.42412145956496,488.1834188728873,38.467870886725784,24.105340181436038,2.1414570052006616,32.08,32.4
2797,46,37,23.274314414414413,77.41946420866545,grass,0.40848517195750755,0.23324407420192902,0.0,0.00010422352535461271,0.999942677061055,0.1817213952306151,0.0,506.58299893337727,1066.174785293283,38.391327989506095,26.965433250173263,2.7098778571706443,34.68,34.74
2798,46,38,23.274314414414413,77.42044480990337,water,-0.18628604975250007,0.0956146657286949,2.5035497402439932,0.0,0.9749645025975601,0.0,0.0010442844256404894,507.8213611719902,0.0,38.51049504387837,20.246094383950126,2.038158481889066,36.56,35.15
2799,46,39,23.274314414414413,77.4214254111413,bare_soil,0.11747455601764507,0.26005318666689103,0.0613940713585217,0.05233391072388354,0.9706024083882788,0.20529484186847052,0.0,499.7379464258517,418.917420025922,38.61162581850581,23.19187452766603,2.7736065302768065,36.87,38.09
2800,46,40,23.274314414414413,77.42240601237921,bare_soil,0.06033647575224886,0.31610254088002615,4.094274022485149,0.0,0.9590572597751486,0.22910647472660345,0.044357338859627365,490.306518944408,597.788990344101,38.30203859884403,28.99894380270381,1.6752568232108394,37.69,38.21
2801,46,41,23.274314414414413,77.42338661361714,bare_soil,0.0853772244966675,0.3370284028124595,4.131125540956589,0.0,0.9586887445904341,0.12703759444779808,0.04091907847063756,504.35158016104543,1471.1779593061556,38.45215267890868,30.08663343735126,2.115587096368524,37.29,37.66
2802,46,42,23.274314414414413,77.42436721485505,bare_soil,0.05645552568920621,0.3017062306144687,0.0,0.031158174850334744,0.9828630038323158,0.19814403331635483,0.086024720118755,503.57914956400043,708.6882682479966,38.57459462163262,27.141102232339428,2.299797578275797,36.81,36.15
2803,46,43,23.274314414414413,77.42534781609298,bare_soil,0.12827600444165949,0.2769844462932576,0.0,0.09624460771619886,0.9470654657560906,0.2799359861301963,0.002947861438384003,505.59904585558525,1908.8098603055093,38.70307491269732,19.367201117548568,3.1381370704658775,39.13,38.54
2804,46,44,23.274314414414413,77.42632841733091,water,-0.025786220836916146,0.07077825776758358,0.0,0.0,1.0,0.038738592160577574,0.04971380936290412,509.99764932952036,0.0,38.46956586699773,20.417820693940286,2.6997692493065006,35.1,35.55
2805,46,45,23.274314414414413,77.42730901856882,grass,0.47114079678963555,0.19006563248011607,0.7992738560571211,0.0,0.9920072614394287,0.12625897137436043,0.0,504.15052823167935,1581.8842033967385,38.14517888230717,35.25944045014896,2.31519039942652,35.21,36.2
2806,46,46,23.274314414414413,77.42828961980675,grass,0.472629099444173,0.2298537622097693,2.282567242073082,0.08851673269119587,0.9284901245991114,0.09463579478781331,0.0508408803486481,512.0898606321488,1274.644428199681,38.534581678083775,29.830892674246158,2.5099744671260837,35.16,36.71
2807,46,47,23.274314414414413,77.42927022104467,tree,0.5998573631298733,0.15853144361800758,1.8776052511260908,0.0,0.9812239474887391,0.12201773381790766,0.09431696054562133,495.27803867132917,444.05162556040295,38.76813759095442,28.06249471893052,2.8302755657492957,33.11,32.45
2808,46,48,23.274314414414413,77.43025082228259,road,0.00832905903923687,0.09743248244395661,3.840220719695939,0.0,0.9615977928030406,1.0,1.0,506.553763439596,1199.4030901613633,37.96674732376994,26.510200777777325,2.3874761214152924,45.79,45.65
2809,46,49,23.274314414414413,77.43123142352052,built_up,0.07026732873720529,0.1954692989558485,12.429571441178147,0.5504044679190373,0.572981828232748,0.8420632399469976,0.27633187667724163,497.84285831341447,924.4248079888989,37.97141399231469,30.30847112122173,1.3141493862023201,44.27,42.39
2810,46,50,23.274314414414413,77.43221202475843,built_up,0.07139629102542679,0.12019069753952627,14.403071643224836,0.5298236857187806,0.5645662564224223,0.8347090545242503,0.3374313792680344,491.5944938990329,1151.6119783194492,38.23511542142919,28.833768898268666,2.1281756075155625,44.99,42.77
2811,46,51,23.274314414414413,77.43319262599636,built_up,0.16267516371186896,0.18135851396749567,11.132682773368884,0.5823100854704564,0.5684026252575601,0.8318914299554715,0.3093624120612123,489.1052295150561,508.5923015116026,38.423067939741784,30.82924789325066,1.8061385853056697,43.18,43.65
2812,46,52,23.274314414414413,77.43417322723428,built_up,0.10002498898734062,0.1322760762569704,10.838770267981214,0.42998153918672133,0.6551224507674911,0.7956941271622964,0.3144052478149456,508.1231493748251,1971.083620203458,37.62123418824625,23.614659515025885,1.713931366487821,44.25,43.48
2813,46,53,23.274314414414413,77.4351538284722,built_up,0.19190961618916347,0.16061260784583106,10.972974488057368,0.42839642512297954,0.6546522213017876,0.8878069913592551,0.34014567190969147,503.2953323674772,2057.6835030969323,38.72963604899125,28.48534316083766,1.4900344235322922,45.12,43.34
2814,46,54,23.274314414414413,77.43613442971012,built_up,0.0930097147133348,0.20833554353139358,9.168277151398135,0.4734430226883175,0.647923566007444,0.8656868260280022,0.3106367491471597,506.41324436453755,1881.2481194337774,38.426987218415455,26.155217265484293,2.1888194678447204,44.34,43.29
2815,46,55,23.274314414414413,77.43711503094804,road,0.16216018903386556,0.12233869571660803,0.0,0.023849487799728467,0.9868827817101493,1.0,0.9405925600956137,501.72095420346756,897.810512198168,37.55956002178885,29.486378995123754,2.4940454967559913,43.67,43.98
2816,46,56,23.274314414414413,77.43809563218596,built_up,0.07197826352658002,0.17052460955937873,15.013400309732875,0.3657022795797009,0.6487297431338358,0.8244338807784342,0.2864618203262572,514.7065940705456,1598.8710855414756,38.05473260272748,20.21770573912432,1.3981014109794894,45.21,45.56
2817,46,57,23.274314414414413,77.43907623342389,grass,0.3299397960048492,0.21806395712621618,0.0,0.0,1.0,0.15181386585181986,0.07053547369894946,502.15561287745356,866.867420086992,38.37976634836966,26.42907581710321,1.5363325422263296,35.05,33.58
2818,46,58,23.274314414414413,77.4400568346618,bare_soil,0.08200511824400254,0.28131780252105704,0.0,0.0,1.0,0.22790405480918138,0.0,493.93452572651677,1195.2938596699455,37.79098506326138,30.169803183518614,3.334974198531172,36.59,37.7
2819,46,59,23.274314414414413,77.44103743589973,bare_soil,0.21392069383342077,0.3053600065002176,0.0,0.020115435355746357,0.9889365105543395,0.19492480661423878,0.05308895095397321,503.4700252111568,1876.203196482064,38.88818447810136,30.81489954975613,2.7043556136923934,35.66,35.03
2820,47,0,23.275215315315315,77.38318196286234,grass,0.36867967905571325,0.19581428379726618,0.6864283415886109,0.024675559433442372,0.9795641588957206,0.22001692250025207,0.0,499.7353979810895,1236.3338326365608,38.57473323601128,27.878042171809643,2.2336252828667518,37.0,37.25
2821,47,1,23.275215315315315,77.38416256410027,tree,0.7342703167452241,0.23199781863865526,2.19068903584617,0.0,0.9780931096415383,0.12668797236384371,0.08023452097643333,502.10459653759096,441.90652198129385,38.77127579925028,19.35836888648175,2.5412816125997617,31.71,31.74
2822,47,2,23.275215315315315,77.38514316533819,road,0.02090286146078179,0.12406183963730168,2.491377533510341,0.0,0.9750862246648966,0.9415447726166166,0.9939206564576549,512.0141205654204,1441.762502083607,38.08839173495974,30.565361568434366,1.9002326834098713,45.76,45.75
2823,47,3,23.275215315315315,77.3861237665761,built_up,0.14891073281721634,0.15365843813018962,13.584927979684958,0.4186372607584122,0.6339002267860236,0.8739974271609108,0.30112885626467517,505.77709812778056,576.2647098716621,38.664549113044714,34.336563674233844,1.7895413176828505,44.86,44.02
2824,47,4,23.275215315315315,77.38710436781403,built_up,0.12326096395883523,0.12683050889055086,12.324374575620606,0.37465231563402274,0.6706974806450814,0.8248195906296524,0.36471883677521755,506.0346530660081,1725.530894039035,38.23574266807221,24.644865102264806,1.9213979596948203,45.38,45.36
2825,47,5,23.275215315315315,77.38808496905196,built_up,0.010995580169606,0.0949660154093577,9.180779061699232,0.37979768621398613,0.6993034819653153,0.9283414464339449,0.4036083238792108,492.0270661345257,2010.2568760990325,38.423012500400134,26.296506413036788,2.444377741728921,47.23,47.47
2826,47,6,23.275215315315315,77.38906557028987,road,0.10682991861095104,0.06111191425956846,0.0,0.0,1.0,0.9756709177298143,0.9506964849622759,500.1243187768011,118.50167705146009,38.64113201871443,23.226162121661158,1.3520042050555214,43.85,43.67
2827,47,7,23.275215315315315,77.3900461715278,road,-0.055634336048137306,0.11780464627475459,1.5555562153753302,0.0,0.9844444378462467,0.9159433991083619,0.9908965255967837,490.2051742620949,1101.600353744316,38.47197392103674,31.3329899463299,1.5779651928211418,46.51,46.6
2828,47,8,23.275215315315315,77.39102677276571,built_up,0.0008273971356711068,0.16494445861579965,7.217958385033701,0.44935099010275087,0.68067737159315,0.8970153214089178,0.3744011441990211,496.28710103513305,737.0430586740699,38.82336786414842,32.38813979012428,1.278012194306443,46.61,47.6
2829,47,9,23.275215315315315,77.39200737400364,built_up,0.06602620851506552,0.10131946751619364,12.217458148588833,0.4705983602312193,0.6189963203869411,0.8291025371780812,0.39001390457871643,491.4361310092386,212.00521835329482,38.555631087045015,24.05853535354826,2.298577498812117,45.01,44.59
2830,47,10,23.275215315315315,77.39298797524157,built_up,0.04848083761049004,0.14371992925855076,12.403847179312805,0.4771621939928064,0.6135223215108284,0.7936817743492223,0.31069840069819604,496.09323055279646,758.8297847292961,38.31474942365311,21.871154018727182,1.8087116556456113,44.28,44.87
2831,47,11,23.275215315315315,77.39396857647948,built_up,0.14588513392923957,0.1479174756044989,11.53822888767305,0.5492417859642797,0.5825347288429156,0.8723139294282417,0.2956982558721928,474.066617456973,357.99296212717593,38.83715226309775,26.082470838882507,1.3746174562001747,44.62,44.43
2832,47,12,23.275215315315315,77.39494917771741,built_up,0.1156960771037073,0.1667445516374635,8.91342400725892,0.5369679517883148,0.6155333864438377,0.8810369922080156,0.4058016706207791,507.6031531680705,1676.2268900016693,38.92146118551235,30.50575262987906,1.7491970258995235,45.05,46.33
2833,47,13,23.275215315315315,77.39592977895532,road,0.059301954696684464,0.12364765669401225,0.0,0.041012818169200174,0.9774429500069399,0.9133796639724658,0.9444529028494028,504.3190683065974,1684.1074306312778,38.53503855212501,27.655331774281063,1.8044869651683766,45.14,43.87
2834,47,14,23.275215315315315,77.39691038019325,road,0.0013237093507446687,0.13899743157010946,0.0,0.04935294681702824,0.9728558792506344,0.9399323947131623,0.9790388628537243,499.237297832216,367.7523677382385,39.034442950395054,29.463566774002906,1.3247378396379539,44.96,46.13
2835,47,15,23.275215315315315,77.39789098143117,road,0.020802143173488764,0.1496513366306023,0.0,0.0,1.0,0.9999371261632716,0.8828880759088644,512.5068396871811,1710.3289641241583,38.4058233590956,27.47830787299506,2.9562105728629633,46.62,46.14
2836,47,16,23.275215315315315,77.39887158266909,road,0.0922968196629872,0.10966304033829709,4.16165416947859,0.06727237363269109,0.921383652807234,0.9533640576780599,1.0,492.7066119878063,824.3799936970444,38.44882596544958,26.256615209830017,2.0440295585697132,45.21,47.11
2837,47,17,23.275215315315315,77.39985218390702,road,-0.0776078378452606,0.11437771293441475,0.0,0.0,1.0,0.9717172922187279,0.9268181900437861,500.3333931381724,1547.094383799925,38.501751553387436,27.032508226922708,2.970069506382806,47.32,47.71
2838,47,18,23.275215315315315,77.40083278514494,grass,0.38628883086373206,0.24587582238512123,0.5381055343852572,0.018706321663933035,0.9843304677409842,0.09846455686726645,0.0013039957192532842,503.55890957932405,1147.977207494246,38.44808130058933,23.512695572767978,1.3223920443682742,34.37,35.14
2839,47,19,23.275215315315315,77.40181338638286,water,-0.14802816059277774,0.039844563538624825,0.21326990043934452,0.03773604219776779,0.9771124777868343,0.0502545025071263,0.04813292893308077,502.97112667296784,0.0,38.37578243405443,17.106151839378516,2.479654367865124,36.41,36.27
2840,47,20,23.275215315315315,77.40279398762078,water,-0.10012926948801248,0.042704696750131214,0.0,0.0,1.0,0.0,0.003680371735396134,489.00130206668797,0.0,38.21405662105027,19.73225432867466,1.3344971932005931,35.23,35.84
2841,47,21,23.275215315315315,77.4037745888587,grass,0.4965356215600486,0.19499965979473954,0.0,0.0047517863316697976,0.9973865175175816,0.05344063942528945,0.07425319710323039,489.94535898780816,844.8208148920277,38.10235132180643,27.805000841426583,3.66339536046184,33.38,33.99
2842,47,22,23.275215315315315,77.40475519009662,grass,0.40508489820030275,0.22468562486414112,0.0,0.0,1.0,0.16106404579029257,0.0025021420900783777,494.4338369393044,673.4627646954681,38.54430443550666,30.270243754357832,1.1623251711994158,34.4,34.27
2843,47,23,23.275215315315315,77.40573579133455,grass,0.5384411628470204,0.2173077195162278,3.085506523489973,0.0,0.9691449347651002,0.1594818511643546,0.04629566221313471,504.4365315456608,102.11592575541795,38.979336239338366,18.859324854274284,3.237153227725867,31.3,31.99
2844,47,24,23.275215315315315,77.40671639257246,grass,0.35495115057494364,0.252106045360846,2.6444285350382617,0.12107276189669647,0.9069656956064344,0.025702349426189777,0.049431976753604986,491.8094322265198,439.6013879434262,38.8256806187311,34.703084589608736,2.1066778782960807,34.14,31.12
2845,47,25,23.275215315315315,77.40769699381039,grass,0.4198652299541131,0.231470651227643,0.0,0.0016828096035203654,0.9990744547180638,0.14160171187481183,0.075118932668295,505.54071455557306,1027.132604218609,38.655233869859785,32.91970048672019,2.0895803156740653,34.29,33.71
2846,47,26,23.275215315315315,77.40867759504832,tree,0.711501979239782,0.1629320432116477,1.347528827497496,0.0,0.9865247117250251,0.055956436122240195,0.0,499.66977450646544,267.1084331632445,38.99966757156527,17.990545051505734,2.5398403092544504,31.48,31.5
2847,47,27,23.275215315315315,77.40965819628623,tree,0.6959661877080041,0.15972140958041575,0.0,0.0,1.0,0.0,0.0,506.4297011119329,862.0016208838279,38.50769895010678,28.791246404226204,1.63718602461621,30.94,31.39
2848,47,28,23.275215315315315,77.41063879752416,tree,0.676598003391606,0.20921710089219753,0.0,0.0,1.0,0.010830736245033439,0.0962647508289863,501.8808138765773,882.0041745674994,38.104474806999605,32.85136774153862,2.671064841703725,31.19,32.06
2849,47,29,23.275215315315315,77.41161939876207,tree,0.7479840591372652,0.12441871526656192,0.0,0.02274934307712814,0.9874878613075795,0.04979457579810219,0.10821674801284951,495.71846739949655,1253.2553066069372,38.36022151903381,25.437181413158864,2.701415154000714,30.38,30.15
2850,47,30,23.275215315315315,77.4126,grass,0.4983602574246468,0.2242846270349186,0.8110086048523963,0.0,0.9918899139514761,0.0013415802113695002,0.04396734407106327,503.42742703798154,1073.6554132983088,38.47573571634473,25.00904418923276,2.1999871074421753,32.94,32.59
2851,47,31,23.275215315315315,77.41358060123792,grass,0.45378577978601425,0.24911203235276905,0.0,0.07341938041534132,0.9596193407715623,0.050604246204993986,0.025686432187240926,505.4469900295341,524.1872357607845,38.29503096030224,33.197403286327656,2.312072986858831,32.16,32.94
2852,47,32,23.275215315315315,77.41456120247584,water,-0.055059693725514246,0.06971643678291999,0.2953325668092708,0.0,0.9970466743319073,0.0,0.09004300572333632,493.28201918459916,0.0,38.74402689105437,22.76551655955843,3.353820437724654,35.0,36.04
2853,47,33,23.275215315315315,77.41554180371377,water,-0.1482181755423061,0.08393887665731506,0.0,0.05092878292641835,0.9719891693904699,0.049109190008753384,0.0,486.54217669748493,0.0,38.8742158039565,24.295219079359732,2.5616795161825596,37.44,38.11
2854,47,34,23.275215315315315,77.41652240495168,water,-0.10193214284050371,0.03306471255723191,0.0,0.07106513933848464,0.9609141733638334,0.017141657074288375,0.0018267172252630906,491.6738190463794,0.0,37.80715053201582,21.261725685569477,1.7036186382951584,35.53,35.39
2855,47,35,23.275215315315315,77.4175030061896,grass,0.4344885520094225,0.22715910185949237,1.817744569379094,0.04490618291938577,0.9571241537005468,0.10644453057276632,0.05047691715887477,495.9041547261349,1367.483192378151,38.441815916559854,26.98044175571909,2.6048659087040824,34.5,36.79
2856,47,36,23.275215315315315,77.41848360742753,grass,0.39677257386956527,0.21377594952475393,3.0915442850006563,0.0,0.9690845571499934,0.03296071662617618,0.013569990051814085,511.1338742297005,325.4661789792227,37.3387510295912,22.632451023139893,1.8540253456538422,31.41,31.48
2857,47,37,23.275215315315315,77.41946420866545,grass,0.45614359074209254,0.20097989417799803,0.0,0.0,1.0,0.14802416258596957,0.03215232215200098,508.0842781412164,1462.065735672658,38.46337058371869,28.547416207965952,1.7610692761433377,35.44,35.63
2858,47,38,23.275215315315315,77.42044480990337,grass,0.45179382033548243,0.20921506473101442,0.9429597466790411,0.02850934764421242,0.9748902613288928,0.04233546198044235,0.03944255233776847,497.97152299662395,621.2389782033076,38.458899305770665,32.9283730260381,2.482402701492147,32.97,34.44
2859,47,39,23.275215315315315,77.4214254111413,bare_soil,0.07854330134074014,0.26122839533200515,3.139102128026936,0.0,0.9686089787197306,0.25718792542846575,0.015241063261473595,490.9382830194813,939.4428535172094,39.210483930601534,32.97521376800792,1.5743641813790101,39.85,41.23
2860,47,40,23.275215315315315,77.42240601237921,road,-0.04127517357659004,0.12821436898380956,0.0,0.04275909205482825,0.9764824993698444,1.0,0.8805861946892267,496.31083543319386,253.12302656942768,39.09050277165497,24.283025321604605,2.2068793346575544,46.45,47.09
2861,47,41,23.275215315315315,77.42338661361714,road,0.15949567303837434,0.09679062817730898,0.0,0.11201693152417068,0.9383906876617061,0.9436963580010205,0.8851255734056458,490.732806096576,944.3084354855067,38.87294019599675,31.14889090544521,2.540072918853038,45.95,45.14
2862,47,42,23.275215315315315,77.42436721485505,bare_soil,0.12274484572385522,0.2549199220670325,0.0,0.0026540512808763826,0.998540271795518,0.26619563593340917,0.023331157618859802,495.4946731739197,774.3450136337942,38.116104487795454,36.84427657528693,3.343872670100057,37.82,37.92
2863,47,43,23.275215315315315,77.42534781609298,bare_soil,0.16618259586223325,0.33040200660653607,0.0,0.05570547708839905,0.9693619876013805,0.1843610831291335,0.0,485.4221222843143,1572.3971511659638,38.09299689062745,21.793110335183425,2.5513453479197223,36.0,36.47
2864,47,44,23.275215315315315,77.42632841733091,grass,0.537201440502357,0.2029275244809853,0.0,0.0,1.0,0.138102047285839,0.02886478065985493,487.5817820114511,1025.2668389716243,38.061578447719235,28.9237733504464,1.3180188353955167,33.55,35.31
2865,47,45,23.275215315315315,77.42730901856882,grass,0.3666338546362574,0.23672490040217153,0.0,0.016853458419892643,0.990730597869059,0.06734837631064455,0.0,507.96929044747975,1466.7159762303131,39.11064694850684,24.252934336241836,1.4064929851116597,35.18,37.83
2866,47,46,23.275215315315315,77.42828961980675,tree,0.6886929979952148,0.18823275136206843,1.0954448787002722,0.023524472606661993,0.9761070912793333,0.13627992497673092,0.03667192560480921,497.13874298008795,1174.2610425886323,38.13582318075089,34.209760561225366,3.2048817730952783,33.25,32.71
2867,47,47,23.275215315315315,77.42927022104467,tree,0.6942031195575756,0.14803338003248395,3.0493508506491898,0.026708024388755566,0.9548170780796925,0.0,0.0,506.06112788470995,198.08770721267774,38.34577195917214,17.789484933428774,1.7865643733345653,30.33,31.1
2868,47,48,23.275215315315315,77.43025082228259,tree,0.6748240084498248,0.2598452885439909,0.0,0.054134689404117954,0.9702259208277351,0.12502334991280506,0.0,502.1309223023756,2029.6958668861262,38.14009273065551,32.03400891583352,1.2747558927460452,32.46,31.73
2869,47,49,23.275215315315315,77.43123142352052,road,0.057571484188474964,0.18096556071773834,0.0,0.08985485387612674,0.9505798303681303,0.9808336994153422,0.9369007973196803,505.1203255324223,965.3810237154191,37.99673100348153,26.20264615159056,1.5655661000323275,45.8,45.69
2870,47,50,23.275215315315315,77.43221202475843,built_up,0.07492587389782605,0.15455577857383068,8.151332712912836,0.4447874855189158,0.6738535558354679,0.8861321530246659,0.3896612168630354,502.8578216671999,1180.3637228236637,38.633046517441755,29.681060843791915,2.327308700841568,45.56,44.78
2871,47,51,23.275215315315315,77.43319262599636,built_up,0.10414052736809999,0.16873395257554388,8.901906671855247,0.44926845896437384,0.663883280851042,0.8462785458735625,0.3578315878280648,483.12288998920786,435.50214232941346,38.56133731312853,27.56593228581259,1.9628185789727306,43.68,45.18
2872,47,52,23.275215315315315,77.43417322723428,built_up,0.07900037143456384,0.17039422155200518,11.212814920593129,0.4312294356892199,0.6506956611649978,0.8764334223434718,0.3368771611226718,507.04718774842786,975.7212532410704,37.61017648045569,27.94486078509229,2.226744888178323,44.31,44.52
2873,47,53,23.275215315315315,77.4351538284722,built_up,0.013087048436682985,0.18261788824168848,15.142952923268846,0.40645730515698003,0.6250189529309725,0.869785179932083,0.3369332248977403,504.9525130140037,671.1057107664454,37.979226154366856,29.334524401632528,1.853183630482211,45.78,46.04
2874,47,54,23.275215315315315,77.43613442971012,built_up,0.1323105321471094,0.17584854457301696,9.467566331725546,0.4471133777126661,0.6594119789407782,0.9107982502358609,0.3099454960737297,494.6493871094552,1462.7343769046713,38.60207526064068,31.678030887057695,1.3287189335971987,45.76,45.8
2875,47,55,23.275215315315315,77.43711503094804,built_up,0.07035865219643514,0.0927417568948429,10.818495872901668,0.5204001207808913,0.605594974841493,0.9531444169883915,0.32451654353021586,492.6935861553362,926.0963546236937,38.47111447127514,27.562738476477982,0.9497498011522849,46.93,47.27
2876,47,56,23.275215315315315,77.43809563218596,built_up,0.18811402527402526,0.16526281107402935,15.059616647190072,0.47222623950928155,0.5896794017979945,0.7840317907887477,0.3120460868151232,494.4306148441096,917.6479599920465,38.339627312798505,31.56544774277066,1.4203531173557111,44.06,44.43
2877,47,57,23.275215315315315,77.43907623342389,grass,0.409301580423024,0.2031410539048179,1.6012258250674432,0.0067898174293527,0.9802533421631816,0.16098890390852094,0.040073532606277384,494.58978835111327,1296.6721095566795,38.74227122696407,32.15133519790234,2.2551064792536595,34.36,33.74
2878,47,58,23.275215315315315,77.4400568346618,road,-0.06067862778816979,0.04064488378585432,1.6080304082570163,0.05091550293970858,0.9559161693005902,0.983606471052992,0.9343477756049394,489.2650383517218,1809.9613008043634,37.9227868129244,26.331570352156376,1.4635973707192909,46.37,44.85
2879,47,59,23.275215315315315,77.44103743589973,road,0.05955180787949814,0.11873520645940888,0.0,0.0,1.0,0.9243358554344286,0.9601081661339381,495.69180070085304,1038.8086247723857,38.2620033202049,35.54076941292062,2.789741240820005,44.72,43.53
2880,48,0,23.276116216216213,77.38318196286234,grass,0.5530707459082074,0.21855767819755265,0.0,0.0,1.0,0.04992741259597429,0.024431211978179764,488.6045408164883,1506.361163794693,38.7072148607465,30.980722753716208,1.5999589563868188,33.64,32.19
2881,48,1,23.276116216216213,77.38416256410027,grass,0.4322360083720299,0.20572862318843554,0.3740466034348303,0.0,0.9962595339656517,0.09326449825012487,0.02103253236201098,499.8374862671714,1436.9895067061173,38.24028198941623,26.274333835306233,1.207009188597233,33.77,33.95
2882,48,2,23.276116216216213,77.38514316533819,road,0.04307821781932176,0.14380638735640677,0.0,0.011906294703318502,0.9934515379131749,1.0,0.9483618549197038,499.98256245822904,609.7950928194724,38.62501869141773,30.45609304466048,2.1946333572453782,44.76,44.03
2883,48,3,23.276116216216213,77.3861237665761,built_up,0.037207371011593895,0.1368090166499318,12.367281305027669,0.4367890502619308,0.6360932093056614,0.8663136986879536,0.38216392055538045,492.0052563481155,1462.2818301555558,38.04150813324604,32.1537025028311,2.2697557702242386,45.63,46.51
2884,48,4,23.276116216216213,77.38710436781403,built_up,0.08080118196224521,0.14374686589649371,10.346215878942342,0.3674026871470577,0.6944663632796948,0.7892423515933691,0.3628268720162247,503.9828133877527,1129.642052948082,38.17046021840656,30.358716502726146,2.717220148252265,45.27,45.49
2885,48,5,23.276116216216213,77.38808496905196,built_up,0.07911118853864435,0.11839367815815038,12.725326572649989,0.4286758960020531,0.6369749914723709,0.8317193083728691,0.38464333588457505,505.1601555530727,403.38636278050365,37.78712087506023,28.80749103960956,1.053889095775421,42.51,40.86
2886,48,6,23.276116216216213,77.38906557028987,road,0.032949028668722055,0.08125290959353795,0.34880401258053256,0.0,0.9965119598741947,0.9898572037310824,0.9784793528336456,499.11366858930995,566.1688846647783,37.677149374083825,14.194518358184089,3.049952636295764,43.12,42.75
2887,48,7,23.276116216216213,77.3900461715278,built_up,0.19738221925129767,0.17467881597940454,10.562312669513425,0.43333107471203614,0.6560447822132458,0.7509484583826718,0.36893602654757374,489.0460904374977,1459.2577751285505,38.30962114046436,24.130579895638075,1.9932202565354533,44.53,42.62
2888,48,8,23.276116216216213,77.39102677276571,built_up,0.14155651542054204,0.1378920887916743,9.43495845240351,0.5189553972784895,0.6202249469727957,0.850108472836678,0.35372901519697786,492.5477295715769,1200.5170188655952,38.680009611517804,30.714383600381716,1.549797424109627,44.35,43.32
2889,48,9,23.276116216216213,77.39200737400364,built_up,0.06782524564877573,0.10014536587168557,15.648474018554467,0.5544001229796856,0.5385951921756282,0.9009101163935066,0.38475332744094226,514.1208332847242,558.5554141131236,38.454080525309735,24.051083910195665,2.1270601397701547,45.73,45.29
2890,48,10,23.276116216216213,77.39298797524157,built_up,0.016429795258140242,0.12756817548034183,13.241484817967095,0.4615533522451231,0.6137308080855113,0.7990003845202628,0.35022625352843334,499.2449620263114,1481.71385155172,38.96411395553843,30.055455419137736,2.5476636543264592,45.55,44.7
2891,48,11,23.276116216216213,77.39396857647948,road,0.032672412470162525,0.05286316565199604,0.9636702221185189,0.07908927001810645,0.9468641992688562,0.9814463647058046,0.9894783449792208,495.9590107328285,1323.1447511230583,38.34288022608492,31.538940374134555,1.167211790245257,46.26,47.96
2892,48,12,23.276116216216213,77.39494917771741,tree,0.6753246468448098,0.1726050292893984,0.0,0.023834504816223838,0.9868910223510768,0.008792159415387787,0.0,503.7608974450261,1236.2627037714112,37.65194435006165,27.549544419780673,1.9312607394770696,31.19,31.86
2893,48,13,23.276116216216213,77.39592977895532,tree,0.7267491918180949,0.20798665074435407,0.0,0.014067471892789521,0.9922628904589658,0.032504062809432105,0.009655534588272466,502.7217313687103,2133.5904204575518,38.63767772661835,20.941334029813305,1.867397718284796,33.13,32.83
2894,48,14,23.276116216216213,77.39691038019325,tree,0.7645378563147447,0.1964582774902427,1.9335985176703494,0.0,0.9806640148232965,0.06595889193771795,0.05641894767396709,500.675412895774,959.5874396598333,38.06858875098428,25.052992078274805,2.5556722176767055,31.71,32.99
2895,48,15,23.276116216216213,77.39789098143117,tree,0.6636036665448417,0.16699768822452718,0.0,0.049975342265706074,0.9725135617538616,0.1250833894273321,0.0974026428187795,493.2000449714183,628.5154308132753,38.55035225969957,30.739104356117355,3.042198149049285,31.93,31.05
2896,48,16,23.276116216216213,77.39887158266909,road,-0.014981709843480295,0.07944331605145226,0.0,0.0,1.0,1.0,0.9212865900601592,508.4246417581088,1628.7145451775827,37.58580721742825,33.02784654924404,2.2440400040052997,44.88,44.58
2897,48,17,23.276116216216213,77.39985218390702,built_up,0.09710578945363271,0.1768739255575608,10.33539703358353,0.5092514995222291,0.6165577049269386,0.8594708274112919,0.35892936081923554,511.4338601988504,428.59006382167905,38.389980383551816,19.6734631100514,1.7141466155289673,44.45,45.22
2898,48,18,23.276116216216213,77.40083278514494,road,-0.0022173344151956015,0.1074505078780786,0.0,0.0,1.0,0.956172477747935,0.9401789414884804,511.58035572223304,401.76638726137173,38.78107675206371,28.323243471490354,2.4672164960509146,44.91,43.91
2899,48,19,23.276116216216213,77.40181338638286,tree,0.7689110731414919,0.21816406014441236,0.0,0.012994655085588308,0.9928529397029264,0.07879681584063421,0.036440185046895016,500.65714577033555,557.2443976632076,38.732191992115894,22.129996110400974,2.0534266079213426,30.76,31.38
2900,48,20,23.276116216216213,77.40279398762078,tree,0.7597473954980435,0.16876626328977512,0.0716273343966128,0.008790915357535435,0.9944487232093894,0.09279946127205764,0.09711764823191521,494.0977190362461,908.6961516043108,38.39970323991398,28.36180012666442,0.8962752296617651,32.59,32.85
2901,48,21,23.276116216216213,77.4037745888587,road,-0.05906501895917651,0.15444325771671658,0.1096236146700739,0.0,0.9989037638532993,0.9826113029872353,0.9541105404797938,494.14528429873025,1463.195089057836,38.479467339346705,27.371908358352055,2.5091157838273896,45.53,46.06
2902,48,22,23.276116216216213,77.40475519009662,tree,0.7586843837343136,0.20352511034391962,0.0,0.0,1.0,0.04432246421979144,0.0519983155917631,504.0135664197826,468.293210621232,38.30112547462689,37.44156225538854,2.791405490194266,30.19,31.81
2903,48,23,23.276116216216213,77.40573579133455,tree,0.7600656640020839,0.1508363722852009,0.0,0.007886167881685004,0.9956626076650732,0.0,0.0,512.4169723778599,1529.3929990277552,38.38068042301548,25.8448236080837,2.8392833158990993,31.93,32.34
2904,48,24,23.276116216216213,77.40671639257246,tree,0.8573829528769975,0.19351718712382196,1.6119108906474302,0.0,0.9838808910935257,0.03247787508225385,0.054876620577795465,510.89581711846597,1229.983062819221,38.75070955031013,32.19517791532612,1.4966905901235492,30.47,30.58
2905,48,25,23.276116216216213,77.40769699381039,grass,0.3996111706460149,0.23174872066413388,0.0,0.0,1.0,0.18181133236664054,0.0,517.3495727634852,1103.1609678593072,38.20004476625764,32.03582716571251,2.5642948775330674,35.75,34.4
2906,48,26,23.276116216216213,77.40867759504832,road,0.00203323404637909,0.11204648364332118,0.0,0.0,1.0,0.9836647896763241,0.9368431613727778,492.53625894187576,710.8309484060892,38.23924069871465,27.220442202243145,3.1196604765920695,44.88,45.07
2907,48,27,23.276116216216213,77.40965819628623,grass,0.37112311332185366,0.18184556015304673,0.0,0.08356623004597358,0.9540385734747145,0.1202812001880959,0.053834282096735055,500.09008773983106,1069.280583015728,37.86818036834009,28.47539827388057,3.6500096182525112,34.62,34.19
2908,48,28,23.276116216216213,77.41063879752416,road,0.10055075647687875,0.12223458250844921,4.100825066314639,0.0,0.9589917493368536,1.0,0.9781605253139395,492.54363881179364,833.6204215494014,38.758679062392645,28.001907651600707,2.446558495642664,45.39,45.28
2909,48,29,23.276116216216213,77.41161939876207,tree,0.6095147216558541,0.17610376112061868,0.0,0.0,1.0,0.029624304813030116,0.04047897013375526,492.91335225064097,1739.8970944541863,38.37205531645011,25.024954614198442,2.7903165732462125,31.2,30.77
2910,48,30,23.276116216216213,77.4126,tree,0.7540488698306823,0.15591103281425586,1.6180402888728778,0.04974264846965538,0.9564611404529607,0.0684558746197173,0.0,517.8982960148966,1128.8540902131747,37.99482319357206,24.6789050607758,1.5764832593295617,31.48,31.92
2911,48,31,23.276116216216213,77.41358060123792,tree,0.6451452261513014,0.18627345267368164,0.0,0.0003213624389243476,0.9998232506585916,0.0,0.022173059988790086,493.3499779058675,635.1322277580402,38.8289397124155,26.36066826684156,1.5258523885537225,32.31,31.42
2912,48,32,23.276116216216213,77.41456120247584,tree,0.7432466392378932,0.16570102090001376,0.0,0.04101158278183596,0.9774436294699902,0.00557014336016471,0.0,489.96328413220704,400.81822661329596,38.45958241446171,23.446372135839127,2.767204448061676,29.83,30.02
2913,48,33,23.276116216216213,77.41554180371377,grass,0.4577474537688095,0.2391839160551778,0.0,0.030490614028906182,0.9832301622841016,0.10526076460926889,0.0,501.3964829402856,1413.3181297038063,38.18128085500968,25.998438095563657,0.9719055963699873,33.63,32.69
2914,48,34,23.276116216216213,77.41652240495168,tree,0.6064718911921445,0.24015616449754218,0.0,0.0,1.0,0.056921178398826294,0.053243481391035366,497.75653256815326,977.3358267147361,38.835245116021404,27.218134181268347,2.293209175049864,32.46,30.84
2915,48,35,23.276116216216213,77.4175030061896,tree,0.8471842073174737,0.18616961697954149,7.456218961769641,0.0632315289480229,0.890660469460891,0.052576765954039484,0.03166149016344484,497.44452240507167,953.1827704822451,38.34162232020525,28.647276749558934,2.9245995215896934,31.64,31.33
2916,48,36,23.276116216216213,77.41848360742753,tree,0.7536934697716094,0.16787550165522178,0.0,0.06606393406189481,0.9636648362659579,0.09867411468355283,0.0,501.3679286154004,1350.1926470628473,37.85045114745975,29.774735510121015,2.5893627632933143,31.62,32.04
2917,48,37,23.276116216216213,77.41946420866545,tree,0.7754237159330701,0.15918089446121134,2.455291875827844,0.0007548630943050006,0.9750319065398537,0.0694338574450053,0.0,465.94392569401606,457.59575426417524,38.86160192875896,27.21464949593999,2.597438673078697,31.5,30.8
2918,48,38,23.276116216216213,77.42044480990337,tree,0.752194626081588,0.17383703124845032,1.625477222500529,0.05530748240576462,0.9533261124518242,0.03347396705259616,0.0028420435123608714,482.5051480620569,83.29869663496982,38.1421909417956,16.923659410917836,2.129798588737668,29.34,29.46
2919,48,39,23.276116216216213,77.4214254111413,grass,0.3696042256126558,0.23669917594822484,0.0,0.0,1.0,0.06756271433037558,0.0,507.387687715505,915.8832773669656,39.68628023040905,29.702231593070447,1.954067909316209,35.14,34.81
2920,48,40,23.276116216216213,77.42240601237921,road,0.08947962174889865,0.04419841437077121,1.3318337155482907,0.0,0.9866816628445171,0.9659263554426702,1.0,496.8812012608739,1128.3570331632868,38.299930839605146,31.163867540247416,3.4742575311208674,46.71,45.78
2921,48,41,23.276116216216213,77.42338661361714,grass,0.38892327397079773,0.22108330468665133,0.0,0.0,1.0,0.11927042694108886,0.074254978475404,493.4568491326669,632.1753261774693,37.672014477363845,26.056560923749153,2.94018649321194,32.84,33.34
2922,48,42,23.276116216216213,77.42436721485505,grass,0.4113527053792061,0.21237969348863045,0.0,0.0,1.0,0.0478643869144783,0.028041519374517255,498.81519403681284,1187.942053014937,39.17996492112767,24.069518343919206,2.7077541615800875,35.26,34.67
2923,48,43,23.276116216216213,77.42534781609298,grass,0.5005316398294125,0.20651344007781278,0.0,0.020160965526612895,0.9889114689603629,0.09950954541731806,0.019662285562381157,509.7634003502262,1153.286722225885,38.4556928181848,26.214940338976135,2.206875408979565,34.71,35.05
2924,48,44,23.276116216216213,77.42632841733091,grass,0.45737395985236734,0.22491652571126844,2.124265381082839,0.0,0.9787573461891717,0.05598903036677966,0.020634600063351875,490.5765134125757,922.2711387810996,38.58059448470489,27.27372877861946,1.833812824491137,33.73,32.42
2925,48,45,23.276116216216213,77.42730901856882,tree,0.725817074770738,0.1779359468954317,0.0,0.08265052094626879,0.9545422134795521,0.09703305701713295,0.01611440648935609,500.74422351931764,1650.8938687360298,38.63094901374712,32.5802682921621,2.7959996363930992,32.93,33.05
2926,48,46,23.276116216216213,77.42828961980675,tree,0.6849267390893429,0.15103205413391066,0.5672431182639616,0.020695284923374052,0.9829451621095047,0.07442527840266319,0.05311109380472362,494.13938120366095,276.9506133014536,37.93398392550967,22.775129072355938,2.002117983038679,31.05,31.61
2927,48,47,23.276116216216213,77.42927022104467,road,-0.005074041482217413,0.1274552378801549,0.0,0.0,1.0,0.9872134723931715,0.9273166407029548,486.1832848732534,1037.5113230787588,37.61156759642048,27.986881081866322,2.247223578517852,45.01,45.33
2928,48,48,23.276116216216213,77.43025082228259,water,-0.12317636267057627,0.13027948164420192,0.2221091852472698,0.029304230744851535,0.981661581237859,0.0,0.0,496.0990916169876,0.0,39.259749711100504,27.602763659857615,2.5505679066827796,35.31,36.11
2929,48,49,23.276116216216213,77.43123142352052,water,-0.05513266299293732,0.03534113160265183,0.0,0.0,1.0,0.05300498721365026,0.0,506.2919032734269,0.0,37.85290694712399,19.860869780188597,2.325679967059214,35.38,35.96
2930,48,50,23.276116216216213,77.43221202475843,grass,0.45880878520407065,0.20581017609364746,2.9715423626389925,0.005673406497952633,0.9671642027997361,0.02778955945681276,0.0,486.84193781925615,1661.2190033826078,39.13346353672047,33.655108943379545,3.088886358338085,35.72,35.99
2931,48,51,23.276116216216213,77.43319262599636,grass,0.5354553034579247,0.252588295403377,0.0,0.0,1.0,0.04729943437363626,0.0,499.6344558884624,1776.025654439119,38.68884829455886,32.88505160356803,1.4080265009926236,33.77,34.53
2932,48,52,23.276116216216213,77.43417322723428,tree,0.8030110785943693,0.16534991496262397,0.0,0.0,1.0,0.10943004502851669,0.029265148509124043,497.1548303017414,891.3072455148997,38.5483487433959,32.60256756437968,2.2404019434603284,31.89,31.55
2933,48,53,23.276116216216213,77.4351538284722,tree,0.6749489416129992,0.14388679950300484,5.180158534909341,0.08592416215488885,0.9009401254657177,0.008906686201269207,0.0,501.3521467596391,1052.3409941453594,38.29100823982244,29.284646130284187,3.344834780128969,32.84,33.31
2934,48,54,23.276116216216213,77.43613442971012,road,0.0676885386620016,0.13563820688004702,0.0,0.06401089930500636,0.9647940053822465,0.962341896580877,0.9743163944047994,497.9082757119006,1609.773222946192,39.40184403333381,28.467026463997524,2.6996711701161433,46.52,46.54
2935,48,55,23.276116216216213,77.43711503094804,road,-0.11173768334586287,0.1321500032999534,0.0,0.0036732149682389584,0.9979797317674686,1.0,0.9178740009660099,492.3198988914835,985.3315819452372,38.201202162179996,28.020610746740882,2.0800912177270403,46.69,48.36
2936,48,56,23.276116216216213,77.43809563218596,tree,0.6938957748641491,0.1484951213957672,0.2656795423240781,0.007908525737998762,0.9929935154208599,0.07314942361922774,0.0,492.44798102871556,1135.1288211699944,38.21237670330227,31.4006278876487,2.6717835053081083,32.09,32.34
2937,48,57,23.276116216216213,77.43907623342389,grass,0.43529726992662493,0.21322483075843787,0.0,0.01650199672206676,0.9909239018028633,0.05287601481640844,0.02511300601528083,497.5490525725075,1201.0944210141151,38.74753771072004,24.842732020050203,2.1634742121772583,34.58,33.42
2938,48,58,23.276116216216213,77.4400568346618,grass,0.5211161891241085,0.18056499988234218,0.0,0.0,1.0,0.04243469780610537,0.0,513.9708053471746,1521.3433013416602,38.20918869653813,26.94817943835761,3.079822906439003,33.04,33.27
2939,48,59,23.276116216216213,77.44103743589973,grass,0.4900294236448311,0.21143596526417924,1.0520435069037442,0.0,0.9894795649309626,0.14071604722126324,0.03756262122669286,499.7077969822569,1284.8655184847169,38.07379422209717,34.66785997480639,2.6814202655613335,33.93,33.07
2940,49,0,23.277017117117115,77.38318196286234,grass,0.5379269716537488,0.2250199283573327,0.0,0.01680954607124132,0.9907547496608172,0.12445203287481825,0.024211605813880637,499.5831762856533,771.2823034221316,38.455469233120475,30.49355180263109,1.6738768592419642,33.91,34.57
2941,49,1,23.277017117117115,77.38416256410027,grass,0.4558245387861319,0.18356555960071608,0.0,0.0,1.0,0.14914531066844464,0.09199772803406855,490.84540539721,1278.3018444338381,38.753794214486106,31.81644579283689,2.3430170234699856,35.1,35.77
2942,49,2,23.277017117117115,77.38514316533819,road,0.011378437932468902,0.12393315235509547,0.24060414841643635,0.0,0.9975939585158357,0.9846875261133976,0.9414139496824918,512.7130768145768,860.2562078018935,39.23059236466889,23.1153865400896,2.4488163518129613,46.9,46.35
2943,49,3,23.277017117117115,77.3861237665761,built_up,0.09544920239342794,0.15528900416063862,11.98063862581993,0.38210954748431153,0.6700333626254293,0.9184136967195209,0.26644465364980974,491.2485098302078,1565.5943733238792,39.31217697686432,26.271812850620982,2.1534240212195748,47.36,46.43
2944,49,4,23.277017117117115,77.38710436781403,built_up,0.027193543541446888,0.11184470162677763,9.930988878587312,0.36825692402179616,0.698148803002139,0.8818544505288638,0.3861761913718143,500.70652264355516,1738.1369884523617,37.762532337482654,29.335329869906644,2.1025290272089405,45.71,45.83
2945,49,5,23.277017117117115,77.38808496905196,built_up,-0.0031860700119276386,0.14227663122835768,14.68053847844263,0.46677672947392,0.5964674140049177,0.921814704009162,0.3263981734157819,507.3375185953509,974.7560635461549,38.89590533987241,27.83410123789233,2.129043869233521,47.1,46.29
2946,49,6,23.277017117117115,77.38906557028987,built_up,0.11570917423244892,0.17932630465946237,9.53408290834168,0.3353893725675303,0.7201950160044415,0.9423782674270863,0.36952508875489376,499.1433635315046,1084.7908103013149,38.085317701151524,23.098593290317403,2.177047946648586,44.38,43.63
2947,49,7,23.277017117117115,77.3900461715278,built_up,-0.04577151261611985,0.1462619360688115,10.398111551411253,0.4408816521078331,0.6535339758265793,0.8515146445317477,0.21488964738684369,503.9197204580385,1238.2856726717912,38.10526242557493,31.03902250258833,1.5223653108817303,45.41,44.95
2948,49,8,23.277017117117115,77.39102677276571,built_up,0.09939620034712046,0.13449740817369338,12.048514640446125,0.45680233295875405,0.628273570468224,0.8637131541944223,0.36902344806484205,502.2621018060242,2047.0566055932568,38.26319011825442,32.30971383089449,1.6397199201560109,46.1,46.66
2949,49,9,23.277017117117115,77.39200737400364,built_up,0.03643910127071089,0.12875136184706934,16.35639690293516,0.4501451562675543,0.5888561950234936,0.8965818929224679,0.35542019487050136,498.17750530888253,1594.123487411092,38.237717769593345,26.858598422585246,1.7107734392106073,47.05,45.71
2950,49,10,23.277017117117115,77.39298797524157,built_up,0.11110535344364277,0.09397970487455476,12.751340151963527,0.41762941422390737,0.6427904206572156,0.9135576300626521,0.4201436016605648,514.9917775999277,1259.013130874257,38.051154384979796,31.182926374072906,1.9347840771332987,45.27,44.59
2951,49,11,23.277017117117115,77.39396857647948,road,0.0023059410987345853,0.11965275037476343,0.0,0.11727494002211453,0.935498782987837,1.0,0.9621810540436804,507.97639356413254,814.1379375693186,37.548919199201976,36.11637048282167,1.996582584060821,45.41,47.57
2952,49,12,23.277017117117115,77.39494917771741,tree,0.6535225145278527,0.11360239827979711,0.20764190349908643,0.0,0.9979235809650091,0.07596446405465782,0.020522908017798092,503.7910820899362,1445.8119211805888,39.05791875917267,34.10130637225376,2.8593513254733227,34.03,35.79
2953,49,13,23.277017117117115,77.39592977895532,tree,0.6323891337789941,0.20606699130069941,0.0,0.025878942702952726,0.985766581513376,0.10111134124139293,0.061163769640838736,501.0332225306204,1110.348168429704,38.83874397173789,27.037630079745664,1.6146775018084063,33.89,34.98
2954,49,14,23.277017117117115,77.39691038019325,tree,0.7735147339214274,0.13496471518765,0.0,0.0,1.0,0.0,0.009131329438456853,497.389208422918,1046.1200160905983,38.47287586853565,23.585905532671948,1.1592227203747643,32.64,32.68
2955,49,15,23.277017117117115,77.39789098143117,tree,0.7165869942535814,0.21208045588222307,1.4325117362327797,0.0,0.9856748826376722,0.03333688224077333,0.018097675603580752,499.76111165673086,2244.06785618754,38.09246908980374,28.920632362543028,3.360738343237221,32.12,32.8
2956,49,16,23.277017117117115,77.39887158266909,built_up,-0.007451632765071478,0.11221174870705035,10.687379303105157,0.532511064272905,0.6002451216188506,0.8614836673316101,0.32707712826024055,507.1689413369675,1152.3612029542708,38.97358720293921,37.38788888174578,1.4361460749941766,46.59,46.24
2957,49,17,23.277017117117115,77.39985218390702,built_up,0.13628601888031427,0.1761036305873275,8.194961429271224,0.5608357894392353,0.6095907015157083,0.7854969763801546,0.35997650498538525,499.4168319589808,936.0459481549657,38.45413690452048,33.35221126108931,2.413562855606349,44.45,42.02
2958,49,18,23.277017117117115,77.40083278514494,road,-0.04227728002093417,0.14091459609160298,0.0,0.03752668056862984,0.9793603256872536,0.908405480566439,0.9492857580197045,514.4351301725773,2116.425217435873,38.24949282003087,27.9756063132538,2.5439762330294684,45.22,44.71
2959,49,19,23.277017117117115,77.40181338638286,road,-0.06712313147815695,0.08886385291450026,0.0,0.11275267917604676,0.9379860264531743,0.9765836683907727,0.9929865634489655,502.39765707332657,321.36073635034074,37.821892563736924,34.2489849657733,1.6877129485937186,46.28,45.85
2960,49,20,23.277017117117115,77.40279398762078,road,-0.08158812618309899,0.09160724751440896,5.792183054425221,0.012880663002466534,0.9349938048043911,1.0,0.8932702975322753,497.3982246753647,1296.7110198441862,38.69487619751716,32.67484004558041,2.065086650509176,47.1,47.13
2961,49,21,23.277017117117115,77.4037745888587,road,-0.035470017509219895,0.1080809782600152,0.0,0.04132171919602853,0.9772730544421843,0.9999258272896949,0.9773354167493786,506.9686002864048,780.805348289957,38.34584148002076,20.40226075985851,2.0123657653648577,46.45,46.88
2962,49,22,23.277017117117115,77.40475519009662,road,0.09019390331503566,0.09230455549426814,1.564300253589921,0.0,0.9843569974641008,0.9426821905355394,1.0,504.8879034938439,1188.7686327493482,38.58407238140889,32.24653474494148,2.3987241495222342,45.53,47.02
2963,49,23,23.277017117117115,77.40573579133455,road,-0.019433755885961454,0.07717368632049951,0.0,0.0,1.0,1.0,0.9907575768777135,500.8714229701092,905.569244499351,38.54706954150522,28.475044535576107,1.7395436234695125,46.32,46.35
2964,49,24,23.277017117117115,77.40671639257246,tree,0.7654884456453481,0.14043612403474864,0.0,0.03716940404435713,0.9795568277756036,0.05360063319275624,0.0,483.2409532173604,1310.4935105639322,38.73390607121575,24.533670665906765,2.0769662764375756,32.05,31.15
2965,49,25,23.277017117117115,77.40769699381039,grass,0.41870669018788287,0.2320078205052234,0.0,0.0,1.0,0.07038746381086922,0.02693959902517288,504.61658589114035,717.8334995218802,38.56665090933249,28.365007593831596,2.1776488262341354,34.58,34.4
2966,49,26,23.277017117117115,77.40867759504832,grass,0.4300305863536795,0.23822613674429977,1.6854497469934437,0.0,0.9831455025300656,0.09855455790744654,0.009049487606662202,500.109743807664,1566.1646528113145,38.35778341772917,29.65707769142256,2.841803575903857,34.83,35.41
2967,49,27,23.277017117117115,77.40965819628623,road,0.051538038420784645,0.17492734726869263,0.5489863243378067,0.0,0.9945101367566219,0.9790158766969762,0.9557051939899303,502.582811423634,348.07514314967193,38.701647816342316,24.8235316637623,1.949042688163709,44.34,44.24
2968,49,28,23.277017117117115,77.41063879752416,grass,0.4360103885119254,0.1982681166929293,2.5740551261925013,0.0,0.974259448738075,0.10784515090604808,0.0,503.45790404180724,640.9177913718377,38.86016520505882,27.52041084780872,1.597983908337078,35.56,34.84
2969,49,29,23.277017117117115,77.41161939876207,grass,0.34099232602409735,0.24826691668738005,0.0,0.0,1.0,0.13455952547651184,0.08506926852235676,487.1187456193086,580.1330348356964,39.098392714033594,26.676828229533783,1.8731714481804413,35.05,35.52
2970,49,30,23.277017117117115,77.4126,tree,0.7850191816584626,0.21453722108877613,3.2018588021279366,0.12807906820886286,0.8975379244638461,0.02456535596347252,0.03489527640415547,497.2330839978586,150.15572380115066,38.03164098180482,23.181024071165545,2.321025376015375,29.55,28.52
2971,49,31,23.277017117117115,77.41358060123792,road,0.02459982519884396,0.05016906534082436,0.0,0.0,1.0,1.0,0.9188589485782259,485.7183357291443,1270.9742934826281,38.92474287838158,26.794443169758516,1.1370463338696943,46.27,45.48
2972,49,32,23.277017117117115,77.41456120247584,tree,0.6837749086942387,0.16703693662699015,0.0,0.05745380934913902,0.9684004048579735,0.06352595002513395,0.0,484.687715585189,2095.6873445928145,37.844732971666,21.200295664621375,2.881501134717759,31.49,31.86
2973,49,33,23.277017117117115,77.41554180371377,tree,0.8387620449952993,0.22329306043508432,0.0,0.0,1.0,0.07003326995787532,0.0,492.08480627591683,1573.338101161513,38.885726855505006,26.21000116938477,2.211790898694954,32.09,31.38
2974,49,34,23.277017117117115,77.41652240495168,tree,0.7166915783835474,0.1464039303858446,2.381668342177425,0.0,0.9761833165782258,0.0,0.0,495.86805255720947,959.1609051925993,38.243736433103805,24.21461788296195,2.4364946981507454,31.74,31.42
2975,49,35,23.277017117117115,77.4175030061896,tree,0.7303042571162861,0.21683310625376245,0.0,0.0,1.0,0.11225233202413318,0.05914801533610611,498.2923389748823,1001.7125500685652,38.816604033507716,22.823913370131216,2.3315106125102965,33.77,33.78
2976,49,36,23.277017117117115,77.41848360742753,tree,0.6914806653158215,0.14513514413924372,5.493090339754055,0.0,0.9450690966024594,0.06474963568130122,0.0,505.89161291663777,260.6312331327432,39.07705446423052,24.721463345450978,1.7600418285027941,31.62,31.58
2977,49,37,23.277017117117115,77.41946420866545,tree,0.8206775148872788,0.23392230181158669,1.4140976395248614,0.005744077270365683,0.9826997811060503,0.04062924399142407,0.01809823976762803,503.2738809957843,917.5853781057638,38.57172446400315,31.214257684710493,1.539949840657064,31.24,30.37
2978,49,38,23.277017117117115,77.42044480990337,tree,0.7789022890388761,0.15245105622785252,3.820206002691817,0.0,0.9617979399730818,0.012706051514330671,0.034504436137264845,503.41241997407786,14.760142779687612,38.48106247542948,16.1322481434224,1.7525172326596676,29.03,29.33
2979,49,39,23.277017117117115,77.4214254111413,tree,0.6911334127846148,0.1148385007734755,0.0,0.0,1.0,0.06487304925282562,0.0,495.59161795817926,1546.586604989482,38.46064043804821,22.922480184270732,1.2963822974702075,33.45,32.62
2980,49,40,23.277017117117115,77.42240601237921,tree,0.8438515277573667,0.15237286715444084,2.548141843979226,0.0193903646388294,0.9638538810088516,0.0,0.0,475.7773383541059,1069.0722003220758,38.31176654213482,27.589412902865654,2.3741220836212156,31.22,32.71
2981,49,41,23.277017117117115,77.42338661361714,tree,0.6553925401305357,0.1840178081128191,6.427379804296414,0.07965690031237442,0.8919149067852299,0.011649683942657939,0.0,510.3438523128905,418.5662557929586,38.949764467393365,22.706112389640566,2.011455052102179,32.06,31.7
2982,49,42,23.277017117117115,77.42436721485505,tree,0.7794673660223452,0.26207596513774584,1.6885455695033205,0.05920068591414285,0.9505541670521882,0.1034014995078534,0.0,502.3215244789977,457.392118018529,38.45688834750163,27.03160607318744,1.2541021109307782,30.31,30.86
2983,49,43,23.277017117117115,77.42534781609298,tree,0.797395688445736,0.14744619131274522,1.7524712332038683,0.056585900842877325,0.9513530422043788,0.0254178811795745,0.0,498.6424564504686,504.9370297319478,37.629900482491536,28.282058770885314,1.7944850149386962,29.68,30.34
2984,49,44,23.277017117117115,77.42632841733091,tree,0.7293838556717195,0.15249089572690225,0.0,0.027345144882917855,0.9849601703143952,0.08087790847682008,0.008259426893705386,486.82860985506835,1552.9630824481387,38.85366593375242,29.217945382378833,2.575692402098734,32.33,32.01
2985,49,45,23.277017117117115,77.42730901856882,tree,0.6930959180350438,0.24186945056237877,0.0,0.0067888693697736695,0.9962661218466244,0.028412428467273584,0.02973636676336631,527.8125388404248,810.2052151769011,38.832656349595446,29.36054265481319,2.9713691622121843,31.89,31.02
2986,49,46,23.277017117117115,77.42828961980675,tree,0.7965797110796214,0.18271901152771647,2.934483278631726,0.0,0.9706551672136827,0.1472444036427475,0.0336410178475725,497.85795809493834,1454.2216721572934,38.51724772867461,24.877053385740666,1.4128884131263548,31.03,31.69
2987,49,47,23.277017117117115,77.42927022104467,grass,0.45863460616578594,0.18556371071662253,0.0,0.09130293617870021,0.9497833851017149,0.08885751877613546,0.005482828185256954,495.7182667733405,1753.3450244722537,38.18471183808557,28.282239956200613,3.426593633821124,34.02,32.74
2988,49,48,23.277017117117115,77.43025082228259,bare_soil,0.09059331320107007,0.299330968250278,0.0,0.0,1.0,0.24506424498963303,0.05412018197990841,494.5654502844555,1021.3916876929884,38.0359148600135,33.122198712537894,1.6243519987483501,37.76,36.62
2989,49,49,23.277017117117115,77.43123142352052,bare_soil,0.1258205272191696,0.29335374326935093,4.9282264308513355,0.0,0.9507177356914867,0.18349778548473922,0.00298739580942153,492.4622823743538,198.91916467332555,38.18585859654451,11.611580295050473,1.1539373599930924,35.85,36.4
2990,49,50,23.277017117117115,77.43221202475843,bare_soil,0.12802578622636185,0.29581830536247294,0.006131144420994023,0.0,0.99993868855579,0.15506350071378358,0.020096097676413315,501.35887350334593,1317.702287502036,38.57952573124709,29.30278522776264,3.2543940873853403,35.94,35.76
2991,49,51,23.277017117117115,77.43319262599636,water,-0.08057944010444304,0.0918144898981316,3.2969533129003956,0.028609851786172008,0.9512950483886015,0.024030487096985926,0.0,508.42797501249197,0.0,37.76258362569603,15.286725934390734,1.5448045335211118,35.64,35.0
2992,49,52,23.277017117117115,77.43417322723428,grass,0.45475266363084554,0.1818129540748326,5.2246838131220406,0.0,0.9477531618687796,0.17440562252643863,0.04700642266313329,484.757649666159,2140.3908805174806,38.66976618214326,33.615574945331026,3.0492147709900213,35.33,34.88
2993,49,53,23.277017117117115,77.4351538284722,tree,0.7508259291918653,0.10925050591971831,0.0,0.02672573786008385,0.9853008441769538,0.13566189239234838,0.0036300740840314837,478.82471347149095,1873.311233478443,38.52902487317198,31.26803639555537,1.7904727176921527,33.13,32.41
2994,49,54,23.277017117117115,77.43613442971012,tree,0.7498921295219744,0.11302338219990701,0.8567403616686851,0.022428323760089037,0.9790970183152642,0.03376418432986064,0.0,495.1221493893586,1003.1175343814048,39.01490917373179,31.140588864334543,2.0072130694565566,33.0,34.96
2995,49,55,23.277017117117115,77.43711503094804,tree,0.7412832249621645,0.20365079784691695,0.0,0.012798590941107711,0.9929607749823908,0.07439732401951724,0.026765655229212988,496.76115424281915,1898.0493275522313,38.78049871438085,24.586470646923672,1.412942438518393,31.97,32.89
2996,49,56,23.277017117117115,77.43809563218596,tree,0.8006641557475046,0.1690136219918599,0.0,0.03859201221461401,0.9787743932819623,0.11413139973746647,0.0,491.6304072053714,1347.904736816954,38.21077694769647,29.055308627604145,2.941277303409943,32.8,32.06
2997,49,57,23.277017117117115,77.43907623342389,grass,0.382585241190373,0.16165007519851904,0.0,0.02085818085621244,0.9885280005290832,0.17768051516472477,0.0016494134741374677,499.00586844305457,1311.5819295281692,37.82364288020606,29.500717150483244,2.87080937397331,35.42,35.14
2998,49,58,23.277017117117115,77.4400568346618,grass,0.4110840376958885,0.19818508417985947,0.8374623766403883,0.0,0.9916253762335961,0.06162931290531417,0.021896484810288035,502.5796892966104,499.45560018735375,38.171509550127816,18.515215561153653,1.7976641125674218,33.49,34.03
2999,49,59,23.277017117117115,77.44103743589973,grass,0.4421509887316297,0.18127432802138793,0.0,0.03943133305967522,0.9783127668171786,0.09630772412070854,0.09676280308681115,499.4224198207044,1764.6184651566648,39.05249424474013,28.586039302986364,2.13637311551035,36.05,35.17
3000,50,0,23.277918018018017,77.38318196286234,grass,0.49768648250656167,0.21960339165455398,0.0,0.0,1.0,0.07336146585189655,0.007143242140529235,501.24656792251136,595.0184341813767,38.61774516728503,30.453076165042525,2.5972556773223205,33.65,33.15
3001,50,1,23.277918018018017,77.38416256410027,grass,0.3975693591525211,0.1896380639708206,0.0,0.0,1.0,0.06487856156683951,0.035418536569126656,496.4345210213076,1298.7966400074615,38.73893530201931,22.343783654768124,1.9171515736953242,35.34,35.07
3002,50,2,23.277918018018017,77.38514316533819,tree,0.6530581130838522,0.15514733141805764,5.1020711172732724,0.0,0.9489792888272672,0.0,0.03368512851326333,494.33624795742116,1395.1654549543591,38.24832621735581,30.40793444221805,2.9569295887436766,32.09,31.3
3003,50,3,23.277918018018017,77.3861237665761,built_up,0.07462790044256937,0.15649628720289083,10.480838385195185,0.3780868932459698,0.6872438248627648,0.9073960213933239,0.2612743131259633,489.39609825407064,837.8208881865404,38.693905300937324,28.39860367420538,1.869209050054293,45.1,46.09
3004,50,4,23.277918018018017,77.38710436781403,built_up,-0.021570634504487998,0.1256183951723041,9.495398335850401,0.44849651341551666,0.6583729342629618,0.8455864000230794,0.3414795482199544,496.9612917862168,701.7951536696078,37.8919346361708,33.525073066765906,1.6302725507157492,44.97,44.33
3005,50,5,23.277918018018017,77.38808496905196,built_up,0.13344763368054652,0.17630230919052006,8.117892202745935,0.49096430717736683,0.6487907090249888,0.8164508709268328,0.31989933523230346,503.78234937360327,1486.5605838309598,38.8740810637844,26.347599354140314,1.074652317129247,45.3,45.2
3006,50,6,23.277918018018017,77.38906557028987,built_up,0.07572415248930167,0.1296114577004538,14.283679314574602,0.3888384657269492,0.6433020507044319,0.8465615468001803,0.4177514988004214,489.3033338643158,954.3041178380379,38.03782930417978,28.710590535341627,1.2206296870426994,44.36,44.47
3007,50,7,23.277918018018017,77.3900461715278,road,0.09150811570953199,0.12584000124575043,2.2350439747640864,0.0,0.9776495602523592,0.9960557509255455,0.9385917323604449,518.1793357573471,1566.7793855326026,37.71023440442487,29.365075062154908,2.5303041958873846,45.52,46.95
3008,50,8,23.277918018018017,77.39102677276571,built_up,0.07866088329979738,0.14857695489759887,11.88683553011911,0.47451448962708764,0.6201486754039107,0.8071849712886323,0.4046086935933592,489.40218167639625,1243.4737544356176,39.40493264225001,16.769799214977322,1.985535089808617,46.39,46.31
3009,50,9,23.277918018018017,77.39200737400364,built_up,0.030543211978063985,0.14128482377431822,14.414437442280054,0.3634376236236953,0.655964932584167,0.8415260843804511,0.29240972021758144,497.76494010479183,399.04727677418464,38.55395459431833,26.581694128088717,2.3193232332266662,44.81,46.73
3010,50,10,23.277918018018017,77.39298797524157,built_up,0.08970714311545123,0.12721490300101815,14.00113967779951,0.5197612388836331,0.5741199218360066,0.85053240542225,0.38574619941691835,511.0596691477066,638.9484688649325,38.5428832500015,28.345189253720402,1.5450459989324894,45.32,44.99
3011,50,11,23.277918018018017,77.39396857647948,built_up,0.16609913393779988,0.13889182631147945,9.871665536126331,0.48230561733546407,0.6360152551042315,0.8463952433609835,0.2937195277650823,491.19160401353895,1898.913533425218,37.75201766102867,18.5739914741876,1.0382893369315773,44.42,44.22
3012,50,12,23.277918018018017,77.39494917771741,tree,0.7367144913884257,0.2244538274145433,0.0,0.0,1.0,0.0,0.05871907645350738,503.2850582518367,857.2792927502612,38.749024124040886,30.696861326198945,1.9022125768318408,31.42,32.26
3013,50,13,23.277918018018017,77.39592977895532,tree,0.6724404264290359,0.21380608782103833,0.0,0.0,1.0,0.019961465225381406,0.0037016202901744913,504.4009826756045,334.20833292110615,38.85440788862798,28.343477808421298,3.422754553521405,31.44,33.17
3014,50,14,23.277918018018017,77.39691038019325,tree,0.7248442349801405,0.20866755176521518,0.0,0.05271131303171028,0.9710087778325593,0.11702995728135007,0.056143293807891057,495.70195384657956,1006.711632062184,38.42028201508771,28.320909254272635,1.6023062838323223,34.01,33.77
3015,50,15,23.277918018018017,77.39789098143117,tree,0.7407462111345193,0.16590750790605738,0.0,0.0,1.0,0.1771780300523425,0.009156371232789477,508.549404870361,572.4056402947283,38.85596313736433,30.88475954564484,2.1781432397309444,32.85,33.96
3016,50,16,23.277918018018017,77.39887158266909,built_up,0.1821065022469726,0.12864297603813887,13.287709707396749,0.416881458887449,0.6378381005379357,0.905830048985658,0.4033287931173907,490.50182722169956,1577.9091711047922,38.968203555287836,26.356651220122636,0.642940690574138,45.77,46.53
3017,50,17,23.277918018018017,77.39985218390702,built_up,-0.00023725656623721503,0.15896201538521676,12.583014519757631,0.5825820176061357,0.5537497451190491,0.8624595733874229,0.3872587295363786,509.90205335595505,829.1693530679412,38.710289037967286,28.173268405849807,1.551053876239869,45.15,44.47
3018,50,18,23.277918018018017,77.40083278514494,road,0.02826580410934039,0.07666454746443105,0.0,0.09635364784774263,0.9470054936837415,1.0,0.9082160183876785,513.0515410953525,1154.1984893351214,37.63351103283599,31.460347116712217,1.910268361879613,44.78,44.76
3019,50,19,23.277918018018017,77.40181338638286,tree,0.7698254688545498,0.19471586445688271,1.0493960768704966,0.0,0.989506039231295,0.10534796904141161,0.0,508.12790576548025,995.3837920169614,38.03935605810731,28.221900459705747,2.389037387887696,31.09,31.05
3020,50,20,23.277918018018017,77.40279398762078,tree,0.7701278566014513,0.18475202624270232,2.6093798250222875,0.000807402634794263,0.9734621303006403,0.06404633398848195,0.03619040388691829,515.0291382339053,1232.593070368792,39.17475833777879,20.62486662671687,1.9879034085702934,33.08,32.15
3021,50,21,23.277918018018017,77.4037745888587,road,-0.049011170571462356,0.09308060682157239,1.495010029107694,0.06298729718003748,0.9504068862599024,0.9438911951853889,1.0,501.4048304391868,1130.6061980591141,38.53295377135037,28.206242305145686,1.2632827844302694,46.32,46.47
3022,50,22,23.277918018018017,77.40475519009662,tree,0.6447555903563915,0.21346429745408846,0.0,0.0,1.0,0.03414035403933277,0.07531110046581084,503.72594178959616,464.7192302820685,38.53475219063223,28.255742046096987,1.8016554042244362,31.59,31.66
3023,50,23,23.277918018018017,77.40573579133455,tree,0.6881772617071782,0.22228699724946394,0.0,0.028020627955365293,0.984588654624549,0.09025745178327535,0.0,510.11512758466483,473.1572187800037,38.167337555128945,31.602301209607333,2.0648089111071517,30.71,31.05
3024,50,24,23.277918018018017,77.40671639257246,tree,0.6983647110013324,0.2261795793584572,3.6173117406288298,0.02463899517707728,0.9502754352463192,0.08642194740573902,0.05911846891106687,511.4408635556518,1669.3022259732215,38.24501027696134,26.627062388845196,1.5704300381340324,32.8,32.86
3025,50,25,23.277918018018017,77.40769699381039,grass,0.4564621338972078,0.19787994825748773,0.0,0.0063600032873253574,0.996501998191971,0.0973466314209627,0.0,503.494353392409,99.20135310305182,38.9770599305886,16.088138416255,1.687118042890413,33.23,32.63
3026,50,26,23.277918018018017,77.40867759504832,water,-0.09487675146902753,0.0844850051750028,0.2881018380073735,0.042560739968807916,0.9737105746370819,0.03593030298895713,0.08890713357955628,495.8583057294324,0.0,39.0993888229686,16.10122974515505,2.773632592161159,36.45,38.65
3027,50,27,23.277918018018017,77.40965819628623,water,-0.08708579362584437,0.08504559094072471,0.0,0.0,1.0,0.0003233234987323826,0.0,497.32635715967467,0.0,38.81888359637278,25.77045796350275,1.8250732367282485,36.23,36.43
3028,50,28,23.277918018018017,77.41063879752416,water,-0.11787864637951717,0.11396980866801032,0.0,0.04348995752799575,0.9760805233596024,0.0,0.0,503.72436524790953,0.0,38.720628704395665,21.15702103333419,2.4403982730998655,35.7,36.87
3029,50,29,23.277918018018017,77.41161939876207,grass,0.3964519339211351,0.20889168086848298,0.0,0.019059225990016446,0.989517425705491,0.0,0.06552078332013804,504.92209560884214,1667.1094874212763,38.75064870924515,33.56614083194639,2.085044393622309,33.62,34.01
3030,50,30,23.277918018018017,77.4126,tree,0.8509246268233303,0.20807312878977596,0.0,0.10863111926977108,0.9402528844016259,0.0,0.0,514.8197115347374,1166.4645165862573,38.471850622679945,34.14500576449572,1.427080621535495,30.86,32.22
3031,50,31,23.277918018018017,77.41358060123792,road,-0.08254905339678853,0.06933922394165076,1.3782125777521648,0.0,0.9862178742224783,0.9436925552048914,1.0,517.1855529218429,939.7732922694678,38.01853596957441,25.02582522615283,1.9891939772688636,46.43,45.73
3032,50,32,23.277918018018017,77.41456120247584,tree,0.7109703907344367,0.20707365535989897,0.0,0.0,1.0,0.0,0.017056066504984722,507.05502872692824,876.5067934354174,37.93208097776922,24.720145752233627,2.374591465744088,31.02,30.94
3033,50,33,23.277918018018017,77.41554180371377,tree,0.768597646107279,0.20729500754020988,3.4651016692697088,0.009313227537768387,0.9602267081615303,0.06379376564861644,0.018528018988967478,497.9327770108064,85.99900527412012,39.02590668125101,19.48924852467264,3.1904897713258182,30.82,30.42
3034,50,34,23.277918018018017,77.41652240495168,tree,0.7903190453916511,0.16848719286530886,0.0,0.0,1.0,0.0,0.01657827175830903,504.13140001566745,524.2444473936428,38.486830216517234,30.45760991573085,1.7366536036102473,30.15,29.64
3035,50,35,23.277918018018017,77.4175030061896,tree,0.7822560664042129,0.16894765927103372,0.0,0.06868491878723358,0.9622232946670215,0.05992313376312076,0.05453132849217432,507.09487723208247,410.0402849087354,38.69082782703132,22.39373446262412,2.116381058451033,30.81,31.05
3036,50,36,23.277918018018017,77.41848360742753,road,-0.0013148262435639171,0.1410285822577058,4.588043788051309,0.003164324933981415,0.9523791834057971,0.9486405061274155,1.0,494.98698503496075,1055.0781846167795,38.58430283265754,29.819595455511646,2.693153432730097,45.92,45.7
3037,50,37,23.277918018018017,77.41946420866545,road,0.00433302804081636,0.11807218318280825,0.0,0.0,1.0,0.9486351381519099,0.9764895276915009,501.30571560592085,1339.4333381269425,38.60459632889605,29.616991339022025,2.956314273885976,46.29,45.01
3038,50,38,23.277918018018017,77.42044480990337,tree,0.6704544027838423,0.17374647040357805,1.5625788697133556,0.04293500751586105,0.9607599571691429,0.0,0.03271184029190646,493.4939984639647,1363.9123292044687,38.63797870728424,23.498367925079755,1.7822318979879086,32.33,32.06
3039,50,39,23.277918018018017,77.4214254111413,tree,0.8316302991334503,0.10164245563147482,0.0,0.013188537279959106,0.9927463044960225,0.04980778735068433,0.05758603672670676,500.63251535027223,655.4519951882521,38.778960836406156,23.638646691252514,2.1004123256777794,31.46,31.11
3040,50,40,23.277918018018017,77.42240601237921,tree,0.6587801251674257,0.14434397480697564,0.0,0.0,1.0,0.06918761922705575,0.013730923030970489,494.79284796719253,427.79738059554785,38.192978195241466,29.77799124245178,2.8676175723106594,31.11,31.9
3041,50,41,23.277918018018017,77.42338661361714,tree,0.6778422977442221,0.16307901558425342,0.0,0.03365563918869297,0.9814893984462189,0.11840221919209216,0.0,508.954031350096,1292.2188647271942,38.97296310877534,36.2920542528998,2.4883091786311824,33.05,31.75
3042,50,42,23.277918018018017,77.42436721485505,road,0.040792117447020555,0.15579992732375514,0.0,0.020094853701563616,0.98894783046414,0.9861861905978578,0.9519740682890903,503.6719891823916,982.9078055292383,38.20490675086991,26.820553927177947,2.8075993421160974,44.73,44.27
3043,50,43,23.277918018018017,77.42534781609298,tree,0.7479670521071595,0.15990539701721465,0.0,0.0,1.0,0.03176012244200806,0.06053138215070303,496.3023614862093,1300.9155470135383,38.59578503176673,29.31899702246861,2.90285378422835,32.22,31.54
3044,50,44,23.277918018018017,77.42632841733091,grass,0.465926775777913,0.2067573510039941,3.2729563405525743,0.03680555892426531,0.9470273791861283,0.10008910446542559,0.026754456426087318,500.74981248523267,225.73823807142446,38.0268034764441,17.57997768501201,2.4785777910951743,32.38,33.05
3045,50,45,23.277918018018017,77.42730901856882,grass,0.40050232918110085,0.2338754651106615,0.0,0.0,1.0,0.08037278459405812,0.14614618565841733,505.38989799385314,1555.7776939777086,38.43334765395576,28.945952837332687,2.2861280265901494,34.23,33.74
3046,50,46,23.277918018018017,77.42828961980675,grass,0.40169116674379546,0.23086167782622882,0.0,0.0,1.0,0.1252682963960532,0.0,503.1450955190563,1262.4665280788713,38.23606762296353,25.498471708299167,1.7974151084962793,35.0,35.94
3047,50,47,23.277918018018017,77.42927022104467,road,-0.00615019403915016,0.08495585664476547,0.0,0.0,1.0,0.9641612990415136,0.970384350010472,495.72477975745625,1843.4915199623117,38.50968588388831,26.964253869428152,2.053471895120304,47.46,47.42
3048,50,48,23.277918018018017,77.43025082228259,road,0.1256924564524929,0.11708603860352201,0.0,0.0,1.0,0.9958379306940625,0.9696685929667621,498.3919650608672,864.4871482692458,38.79416041787726,37.79644417451356,2.0932834279391646,45.1,45.54
3049,50,49,23.277918018018017,77.43123142352052,bare_soil,0.141164598066008,0.28207124488898216,0.0,0.005651976131386362,0.9968914131277375,0.16973653741838293,0.0,499.9601823058201,792.921690872517,38.53042116116307,28.42828835740006,2.9157673688627206,35.86,36.86
3050,50,50,23.277918018018017,77.43221202475843,bare_soil,0.07602008263699847,0.31137142064807,0.0,0.09216808326707933,0.9493075542031064,0.23133194810978308,0.0,509.27807688396757,741.6902500149689,39.284343490378426,21.74330822364849,2.259050462118264,38.72,37.64
3051,50,51,23.277918018018017,77.43319262599636,bare_soil,0.2384008505552393,0.2867857920854018,1.3564185082591727,0.0015476403390621454,0.9855846127309241,0.21329412922994806,0.000835612940175326,492.5935331224675,1290.0814080367622,38.81836778423981,30.571378018022827,2.298157812219474,36.99,36.77
3052,50,52,23.277918018018017,77.43417322723428,bare_soil,0.18148796195115421,0.2442807297813077,3.851184559189642,0.030056859559333644,0.94495688165047,0.17815459100820863,0.0,514.9132995011851,1610.3141925069713,38.40861867283866,32.517317454754924,1.5682721179577563,37.17,37.55
3053,50,53,23.277918018018017,77.4351538284722,grass,0.5184030711552928,0.21246814838878048,1.3887897040369646,0.017468930629535414,0.9765041911133859,0.09126748769002949,0.03437028447083893,508.88040939857325,1961.8862541478002,38.465557746796605,30.702004883799987,2.8952206837713184,34.74,34.92
3054,50,54,23.277918018018017,77.43613442971012,grass,0.4349101971111088,0.18060831236745528,4.108982328504282,0.08280789614565114,0.913365833834849,0.12001937407743649,0.10170523849899388,502.62092260125706,729.0994325198478,38.65110502420473,27.292907700468415,1.6793164314121132,34.72,33.55
3055,50,55,23.277918018018017,77.43711503094804,grass,0.37127220371496567,0.18034935239936228,0.011392062364001032,0.0,0.99988607937636,0.07105721901057777,0.0257237349835704,506.86377077223403,932.034375509934,38.78172943086423,24.330562836560123,2.0290733571238895,35.16,35.79
3056,50,56,23.277918018018017,77.43809563218596,tree,0.6770763926565677,0.1655696802479195,2.3023136986203445,0.0,0.9769768630137966,0.06399538621746581,0.0821209416732427,522.7461859635831,1547.9867881906816,38.00637917438995,24.428894326574632,2.958148780587107,32.54,32.58
3057,50,57,23.277918018018017,77.43907623342389,grass,0.4824813996392212,0.18446418872145084,0.9212888614144519,0.003099764593064789,0.9890822408596699,0.14461241267225852,0.014326125559879024,501.6057365107846,1552.9845128571142,38.75466161612311,27.24104920667227,2.7200342523717445,37.12,37.24
3058,50,58,23.277918018018017,77.4400568346618,water,0.013912554489400167,0.12691315377835025,3.1651808916152016,0.036355963516918305,0.9483524111495428,0.0,0.02906154808464373,493.82185657036376,0.0,38.01676338779873,18.5327261642442,1.655216918202167,34.33,34.13
3059,50,59,23.277918018018017,77.44103743589973,water,0.006702129806199872,0.09613945173522981,0.5675326787129004,0.017785543125206773,0.9845426244940073,0.0,0.0,489.8849028112253,0.0,38.715939926212734,17.76712108927313,1.5431051069092827,35.71,32.85
3060,51,0,23.278818918918915,77.38318196286234,road,-0.025232709029504335,0.1067724277814207,0.0,0.0,1.0,0.9797869233910612,0.9869544254632785,508.99461895714944,968.4419731868759,38.94003882618871,32.86126875148882,2.077761839112042,46.56,47.05
3061,51,1,23.278818918918915,77.38416256410027,tree,0.7384021943153455,0.13723713863482667,0.14102649829306205,0.04766589603689618,0.9723734921967765,0.04664763034508895,0.07262748963855285,506.6953544202201,1433.381386274432,38.61989273941596,31.684669262635413,1.833664836985928,32.74,33.27
3062,51,2,23.278818918918915,77.38514316533819,tree,0.7050177131610615,0.1639701063042331,0.0,0.0,1.0,0.0997467327804967,0.08054763225004923,491.3517067596692,1324.0429560408406,37.56970190215781,33.06797523559878,1.3195543902582259,31.75,31.37
3063,51,3,23.278818918918915,77.3861237665761,built_up,-0.014468405030272649,0.11069649300872297,11.219844661590727,0.3556409720790583,0.6921990187406106,0.7541903237311001,0.41875459069625237,499.6068268951318,715.2681557342391,37.78705821025502,24.84651855551379,1.5328061520342755,44.76,43.42
3064,51,4,23.278818918918915,77.38710436781403,built_up,0.08768205245827877,0.13757398422686573,11.831724905734708,0.3747428424378315,0.6755741876018456,0.8657129242546627,0.38774543893707114,489.45452688310564,898.6771570219137,38.72508682431588,24.316808435711316,0.47964595523335884,45.55,45.07
3065,51,5,23.278818918918915,77.38808496905196,built_up,0.13035571771261467,0.12345844615203366,10.776749465287534,0.3782225077416919,0.6842101260891941,0.8295987487412526,0.33028259876350474,489.9304957091974,1453.0701870304429,37.51849542941572,28.3095282170462,2.3959779786568696,44.47,45.37
3066,51,6,23.278818918918915,77.38906557028987,built_up,0.14373819142066926,0.13470528059707487,13.55501135301153,0.38703021083408656,0.6515832705111371,0.822494208331692,0.36642787611799627,503.4189971857951,1145.618418045277,38.7439507715906,29.659916546582252,2.3276880122953525,44.74,44.37
3067,51,7,23.278818918918915,77.3900461715278,road,0.07059528662370956,0.07139069386854839,0.0,0.048240891304774706,0.973467509782374,1.0,0.9834410275762421,508.1659132651232,994.638345537123,38.8939304748923,28.28606860913256,3.013489692696869,45.94,45.96
3068,51,8,23.278818918918915,77.39102677276571,built_up,-0.02231188499605942,0.13223640825320201,13.161152411494752,0.4706985955521702,0.6095042483313589,0.8236864254114621,0.31127936919631705,493.0519251078641,888.3981606184595,38.95407128051778,29.387383033676535,2.0352021856294025,45.37,45.07
3069,51,9,23.278818918918915,77.39200737400364,built_up,-0.033828371313027836,0.1241856257837542,11.879691801474054,0.43510578394162225,0.6418949008173671,0.8334864702644946,0.32242959925752523,495.4175426657121,862.4376654523987,38.40340990669519,34.34021721645489,1.654416447945617,46.23,46.51
3070,51,10,23.278818918918915,77.39298797524157,built_up,0.1223288098912406,0.1399721319407151,19.861492274045073,0.4324380520318107,0.5635441486420534,0.8718936574461111,0.33759864863595457,497.325319441002,1901.4296501103852,38.67540220432543,27.126443137162347,2.3227598261640092,46.12,44.93
3071,51,11,23.278818918918915,77.39396857647948,built_up,0.1398529025068993,0.08735930567224943,9.56769085495094,0.4510632057613274,0.6562383282817605,0.8241443621573841,0.2896669153815097,500.9264398744985,161.93680688352856,38.583556725444446,23.228550846094496,1.5344850657608369,44.62,44.44
3072,51,12,23.278818918918915,77.39494917771741,tree,0.72760516568304,0.20189929990057406,2.1818397149025968,0.0,0.978181602850974,0.1255407876331879,0.03326504185774869,506.76660235994746,714.1724235589104,37.91086716318037,30.071861070412808,1.3918308652155804,31.33,32.32
3073,51,13,23.278818918918915,77.39592977895532,tree,0.811298087810177,0.1799112696446611,3.9419276920943176,0.06790766436430161,0.923231507678691,0.06288190042524594,0.03622747724405169,498.5605098965666,654.6074930956753,38.79800749298624,28.381285814983954,2.04682004603325,32.29,31.46
3074,51,14,23.278818918918915,77.39691038019325,tree,0.7557118912833295,0.196321263606831,0.0,0.0,1.0,0.09340071807043053,0.07862948377469807,505.80253204947564,288.0928229189283,39.05619070282875,23.04414604342855,2.4466289945234223,31.88,31.63
3075,51,15,23.278818918918915,77.39789098143117,road,-0.033266668641035585,0.09962008715299786,3.4970298358754066,0.0,0.9650297016412459,1.0,0.9250746960957728,504.2609425944147,559.9172610592873,38.77576024604592,24.92818157293868,1.6888645750133335,46.34,47.29
3076,51,16,23.278818918918915,77.39887158266909,built_up,0.06837119647815068,0.10605165436023505,16.54502997960907,0.46307029819835593,0.5798610361948136,0.7726426766786305,0.28494732115334087,499.31653753334007,784.8286578474805,38.29887967547959,24.12370513357269,1.3073970550466938,44.52,45.19
3077,51,17,23.278818918918915,77.39985218390702,built_up,0.11892342242991541,0.13294650721062384,15.994929160700838,0.4855512886555321,0.572997499632449,0.9013240978852399,0.31189771964214363,487.9733340304719,586.9007712368484,38.79597986166134,29.731480335289387,1.6168500224549271,45.66,46.07
3078,51,18,23.278818918918915,77.40083278514494,road,-0.037724565856341735,0.07278106735007644,1.0341304466913752,0.0,0.9896586955330863,0.9870887712972215,0.9711019760286681,486.5144262731018,1269.0704887738627,39.01905258035479,21.447892200486617,2.4370224643720757,48.14,48.49
3079,51,19,23.278818918918915,77.40181338638286,tree,0.6476877098070547,0.16269539974627847,0.0,0.03272900500290276,0.9819990472484035,0.0,0.0,490.9793503786894,906.1421829546762,38.96649502368465,30.046166965991887,2.0975298448325943,33.88,34.22
3080,51,20,23.278818918918915,77.40279398762078,tree,0.7104438458165591,0.20435694154440268,0.0,0.04828852006515086,0.973441313964167,0.06896621999351196,0.0,494.6624442264185,1713.1670606554724,38.91074858922084,23.487331516358818,3.741721437053566,32.12,31.91
3081,51,21,23.278818918918915,77.4037745888587,tree,0.7936458411251012,0.20472235863644966,2.388723019369257,0.023256275519067195,0.9633218182708205,0.06675533372020434,0.021988594696039886,513.5907938649508,713.8905519909314,37.86325607721939,34.07171754594523,2.087279029038148,30.57,31.56
3082,51,22,23.278818918918915,77.40475519009662,tree,0.7344180015216362,0.1287518871792408,0.0,0.09075811176504511,0.9500830385292252,0.08083901320590456,0.011492059580333796,500.62659669721626,256.54887827088714,38.65928586385399,18.414937441543955,2.5974674679975074,30.89,30.47
3083,51,23,23.278818918918915,77.40573579133455,tree,0.6943128002007471,0.13625589663281787,0.0,0.03401602605169215,0.9812911856715694,0.07266505165439531,0.08356477680841655,502.3578670876663,313.14218043613675,38.75825822298359,33.81292447154401,1.320790595507311,31.43,30.54
3084,51,24,23.278818918918915,77.40671639257246,tree,0.8370400210904008,0.15477919910251733,0.4052581748570038,0.005091410662589443,0.9931471423870057,0.06204493580787861,0.02192235227785818,500.5254105581647,256.91921778119774,38.915463849881775,19.156725646778444,2.5451399384878526,31.37,30.12
3085,51,25,23.278818918918915,77.40769699381039,grass,0.6052189651112615,0.23954308919105144,0.12970182323757992,0.0920933454900234,0.9480516417481113,0.04640376985554058,0.06473558546576763,495.5586725384359,1111.739927060699,38.706249575635084,26.98584064912714,1.8826399095628628,32.33,31.78
3086,51,26,23.278818918918915,77.40867759504832,water,-0.07453284401283662,0.03,0.0,0.07932196033731528,0.9563729218144766,0.0,0.08006320717610965,510.4810035413527,0.0,39.120780548580406,23.46366943809978,2.1561725777469958,35.62,35.05
3087,51,27,23.278818918918915,77.40965819628623,water,-0.11851085999552094,0.12945249248153548,5.257549835602938,0.0,0.9474245016439706,0.07690824789121065,0.041200742567433994,509.6203783852253,0.0,37.7688621280175,21.17186950354794,3.144531683109632,36.06,35.42
3088,51,28,23.278818918918915,77.41063879752416,water,-0.14034507589425793,0.04836876231046071,0.0,0.09554444402757212,0.9474505557848353,0.0005472386883477624,0.0,508.019419408456,0.0,38.72333995091236,19.733195858714918,1.9350926494295253,36.82,35.76
3089,51,29,23.278818918918915,77.41161939876207,grass,0.41094146965808415,0.28204030109766587,0.0,0.011752369148483339,0.9935361969683342,0.07045399622381962,0.0,488.28916140171253,924.4345162717561,38.69159884341139,26.38358607097623,1.411531468567712,33.67,34.01
3090,51,30,23.278818918918915,77.4126,tree,0.66756594016083,0.1977413372737003,0.0,0.0,1.0,0.006572775465646968,0.07722823847376356,505.88544322966334,553.2984192804096,38.86108682771294,26.421825142904794,1.5087383819321873,31.13,30.28
3091,51,31,23.278818918918915,77.41358060123792,road,-0.05155230270232096,0.05336032443719541,2.843383484524216,0.045458646751547115,0.9465639094414069,1.0,0.9451884700637625,506.4480962083946,1408.2397815081565,39.11684957744367,37.430148932713195,2.254494815133649,48.24,48.73
3092,51,32,23.278818918918915,77.41456120247584,road,0.02581227664361075,0.09925555653219165,0.0,0.02130744412647567,0.9882809057304384,1.0,0.9337386102736434,497.69006692349996,788.0098561804971,38.14468751856617,21.298820520059166,2.2605512587505916,44.76,45.41
3093,51,33,23.278818918918915,77.41554180371377,tree,0.7674744639519178,0.13877022967339425,0.0,0.0,1.0,0.0425734042667694,0.032611088046622876,491.4489940455963,1354.5029368696128,39.10341609674578,23.18987824271747,2.2462586071720114,32.84,35.16
3094,51,34,23.278818918918915,77.41652240495168,tree,0.8077589671301639,0.19241392859091844,2.8069752632142304,0.0,0.9719302473678577,0.005432014315522385,0.04058495910390955,499.69277827490464,458.0385799181699,38.82595841543881,32.70753986133072,1.4126434658060667,30.25,29.84
3095,51,35,23.278818918918915,77.4175030061896,tree,0.8055028558005467,0.18896370706709328,1.755437431716864,0.0,0.9824456256828313,0.13399542281210156,0.013762839382339543,508.15245414392115,619.1595973340696,38.42513395053268,32.407460057751074,3.3918251699599278,32.34,32.2
3096,51,36,23.278818918918915,77.41848360742753,tree,0.7301188713656693,0.1967350809065516,4.988517783918033,0.0,0.9501148221608197,0.06012813221658528,0.04367421042470361,488.68127961166823,169.43211345162297,38.136482256025616,16.3099983680445,3.017273609835067,30.3,29.63
3097,51,37,23.278818918918915,77.41946420866545,tree,0.660249760473726,0.2090153967421834,4.291017269300261,0.0,0.9570898273069974,0.0,0.08138983901092404,495.47658624921866,740.2036617020931,38.578525640016366,20.990307106371375,2.239091140947601,31.71,30.66
3098,51,38,23.278818918918915,77.42044480990337,tree,0.8075480395629673,0.21884102309490713,2.3351637834018386,0.0,0.9766483621659816,0.0,0.06482032352076884,502.5431215156724,546.7425815490553,38.61427080152223,33.0893108797488,1.2752986814767222,30.06,29.68
3099,51,39,23.278818918918915,77.4214254111413,road,0.009326466550259972,0.14332956296296412,3.819025534474125,0.0,0.9618097446552587,0.9456540996848306,0.9389802778141224,510.7445245785465,1607.9864630575062,38.63647495599626,23.812814761600468,3.1025432065049388,45.12,44.42
3100,51,40,23.278818918918915,77.42240601237921,road,0.041655283824018896,0.09411531348404828,2.7069121103761495,0.08114722718372264,0.9282999039451911,0.9073246507426077,0.9407027327798412,509.24767203695365,994.7115258394946,38.24922018609457,26.035565851553837,2.799435287667506,45.17,44.1
3101,51,41,23.278818918918915,77.42338661361714,tree,0.6906848176855384,0.18555564328035898,0.9267607549234285,0.0,0.9907323924507657,0.05453975510965034,0.034693340654477975,496.07323792890554,580.7780899291142,38.74373550854312,28.384482140091436,2.253304601366471,31.74,31.95
3102,51,42,23.278818918918915,77.42436721485505,tree,0.6877267446045376,0.15087262158787276,2.1265513787333252,0.0,0.9787344862126668,0.059452164976807276,0.005032041299492522,494.3505251675081,1669.769067413891,38.33778409634412,23.70957041985313,2.894429369750155,32.8,31.84
3103,51,43,23.278818918918915,77.42534781609298,tree,0.7121529912824502,0.15991801719700194,0.0,0.016953236437624867,0.9906757199593064,0.09132939302707872,0.07083019319371346,498.6587499398493,884.7044535096676,38.98663020987267,31.697734172702678,1.8963074716417245,32.73,33.24
3104,51,44,23.278818918918915,77.42632841733091,grass,0.45785726126239473,0.2250137399379423,0.0,0.07312059899680406,0.9597836705517577,0.10111108784193788,0.051389600355302004,503.3956365153773,1215.8292212667393,39.18408265937243,28.083726935003174,1.5977221359027183,35.85,36.62
3105,51,45,23.278818918918915,77.42730901856882,grass,0.3897541940665161,0.2198079855228438,5.701860726067851,0.07935843589768285,0.8993342529955959,0.10785038303346751,0.015325421959396233,482.2577632736798,781.263413525156,38.174960489062364,24.47186116344551,2.2020333855698557,34.41,33.63
3106,51,46,23.278818918918915,77.42828961980675,grass,0.44529485354565473,0.2104805061932157,0.0,0.031121567492890613,0.9828831378789101,0.04998221378047059,0.04090606864515951,499.1179290842634,605.5744308502967,38.523956015365144,24.8243055644332,1.2596706024193802,32.81,34.07
3107,51,47,23.278818918918915,77.42927022104467,grass,0.5504462863924601,0.24243429655927512,0.0,0.025862554228010246,0.9857755951745943,0.030526888441919878,0.0034608329026777837,510.62055835366147,1239.9563646156766,38.88886546678739,33.18791311435416,1.5251936534105979,32.23,32.59
3108,51,48,23.278818918918915,77.43025082228259,bare_soil,0.13627183897975365,0.30960904242181414,1.5281952747742893,0.0,0.9847180472522571,0.2468202322223678,0.0,494.6602026330663,1033.8288071711447,38.61035182259427,26.884984760847676,2.5108818393719403,37.26,37.19
3109,51,49,23.278818918918915,77.43123142352052,bare_soil,0.15286374043583784,0.2702500225813958,0.0,0.0,1.0,0.1965953642050601,0.0,492.72018240054285,562.3637318383257,37.958990184630224,30.457885777307464,2.3439897802272163,35.16,33.56
3110,51,50,23.278818918918915,77.43221202475843,bare_soil,0.12802656287714495,0.3190678382370835,0.3346512371764399,0.06578012923911644,0.9604744165467215,0.1813004164153528,0.027737692235506983,510.81631398537627,1041.3065791803358,38.84591923358846,27.960064599441846,1.3493269979059659,36.39,34.85
3111,51,51,23.278818918918915,77.43319262599636,bare_soil,0.12155833825145906,0.2687654878686091,1.4812655980147535,0.04511360505624305,0.9603748612389187,0.21756400647036808,0.0008223211354178618,488.0022114880631,1115.7851038994586,38.25769106895734,20.98181130109076,1.9236216704802198,37.19,38.61
3112,51,52,23.278818918918915,77.43417322723428,bare_soil,0.10848277325547473,0.2870798828165827,0.2919805828971251,0.07862040753391505,0.9538389700273755,0.16517950556598793,0.0,490.85971678497333,843.421033468001,38.580187656392866,30.987376132746274,1.371360912176066,37.59,38.78
3113,51,53,23.278818918918915,77.4351538284722,grass,0.5149204302950194,0.18108272259332522,0.0,0.02069531057140666,0.9886175791857263,0.14246530460954676,0.0,485.8235621764425,787.640322071217,38.10238249213713,32.29539432719992,1.8981768925682225,34.21,35.65
3114,51,54,23.278818918918915,77.43613442971012,grass,0.4894417279682208,0.2242968013872466,0.0,0.03697151791017823,0.979665665149402,0.10621526618661109,0.025696178601763982,487.0852085784293,816.7385144175307,38.81783858982537,35.36972539281429,1.8262965810813694,33.26,34.93
3115,51,55,23.278818918918915,77.43711503094804,road,0.1474156536208185,0.0999112062333257,0.0,0.0,1.0,0.9859542289872593,0.9853337556801364,504.9686803207106,885.1737063394585,38.33158324039466,20.397692940164163,2.7953377968786497,44.84,46.08
3116,51,56,23.278818918918915,77.43809563218596,tree,0.7962946100240158,0.20444065082250332,0.0,0.0,1.0,0.0800334541581095,0.0629881396658881,487.85065731920196,1280.5291395636682,38.860170938698836,15.366186984549602,2.1059219452980256,32.28,32.49
3117,51,57,23.278818918918915,77.43907623342389,grass,0.44813252169088535,0.20288098121112824,0.0,0.05271882049550979,0.9710046487274696,0.12673390567827192,0.11426538334001388,495.4416575234,1336.038166906577,38.41404741565044,30.55633348548662,2.0302233902675253,35.06,35.56
3118,51,58,23.278818918918915,77.4400568346618,water,-0.08141798491744143,0.1068825221608882,3.3960318607057065,0.004680580093846468,0.9634653623413274,0.0,0.0,501.1418209382421,0.0,38.307506765219884,17.60270770865982,1.9358298484650511,36.48,35.86
3119,51,59,23.278818918918915,77.44103743589973,bare_soil,0.03321564194200491,0.24489991565231364,1.8928837217020051,0.0,0.9810711627829799,0.1437488578681744,0.05546149812404404,498.2294254863174,1163.813121740709,38.66489429610922,22.27996932419692,1.1587854783385854,37.24,37.45
3120,52,0,23.279719819819817,77.38318196286234,road,0.11209762929529536,0.07811070034119443,0.0,0.08146062580936025,0.9551966558048519,0.9916661152824151,0.9771881900087067,497.5113273974595,1298.936502025243,38.07025045010082,28.430124193807746,2.1024487826287617,44.9,45.57
3121,52,1,23.279719819819817,77.38416256410027,road,-0.012225944000938772,0.11954360102944386,2.078432328682323,0.009799095521344751,0.9738261741764371,1.0,0.976495826559802,491.61246177096405,1257.1910089474538,39.21929326503265,26.20279425796579,2.4636314963110553,46.98,47.67
3122,52,2,23.279719819819817,77.38514316533819,built_up,0.053096320504058186,0.16260302367680946,11.353675523729153,0.36974759522962575,0.6831020673864142,0.9006794382771619,0.2753727878608752,495.174958208482,1048.0307631455307,38.574247583118016,22.895239112287232,2.0424726391804495,46.2,46.09
3123,52,3,23.279719819819817,77.3861237665761,built_up,0.09510406331726601,0.15658430596534592,10.402568157258093,0.3077529603675959,0.7267101902252413,0.8703385893795978,0.35512247334015173,488.25029032030614,1137.3878844457208,38.27349583489085,27.66882462143297,2.3296445293126644,43.44,41.61
3124,52,4,23.279719819819817,77.38710436781403,built_up,0.1024414729525001,0.18959626470252522,7.88626553007719,0.4229808874086991,0.6884978566244436,0.7961763123612775,0.2991756604214868,490.3072700117236,1565.8345359291936,38.34026375472499,30.266008965736198,2.315233606972551,44.26,42.9
3125,52,5,23.279719819819817,77.38808496905196,built_up,0.08779358732672485,0.13055932108148927,11.95339245571384,0.39533096957854674,0.6630340421746609,0.8555259464833378,0.3378589526176046,491.7796235115181,2087.566505245789,38.507029178647684,28.699718022526643,3.0445587515509827,44.87,45.3
3126,52,6,23.279719819819817,77.38906557028987,built_up,0.1640258969967034,0.18770476110594503,9.65693400716751,0.3688385851543247,0.7005694380934462,0.8292777518891142,0.3929642777607799,499.9984634290571,949.2733053336522,38.89833105929569,28.730032145699017,1.3403740610196955,44.47,44.02
3127,52,7,23.279719819819817,77.3900461715278,built_up,0.10183170068472953,0.11790653200212489,7.8094498152408685,0.41885990860352984,0.6915325521156499,0.8241963393937034,0.3494519961730411,478.52112286552403,754.1829971749298,38.14219301560725,29.773702626913924,2.0520048157414528,45.48,46.08
3128,52,8,23.279719819819817,77.39102677276571,built_up,0.07729656450076698,0.09450828080720046,7.6806953025780995,0.4236051354970026,0.6902102224508676,0.8850790957728826,0.3143313569850152,497.90298673982915,1060.488661575587,38.3524864989317,21.234467334160772,2.109672781053716,46.2,45.1
3129,52,9,23.279719819819817,77.39200737400364,built_up,-0.013738852733462897,0.17551658238645257,11.113769458572998,0.4221147788199769,0.6566991770632827,0.86864917019815,0.28760020063995195,507.35947436233624,1685.5379121816602,38.4801958034299,27.79481201587539,1.7323656754547225,45.67,46.9
3130,52,10,23.279719819819817,77.39298797524157,built_up,0.08843190180928,0.15386625343485932,10.935917400830894,0.4827284416773873,0.625140183069128,0.808853014643701,0.3487040669746322,500.21810788817345,1121.6096072275618,39.1169887075804,28.9598357291765,1.5475292865378576,45.39,44.55
3131,52,11,23.279719819819817,77.39396857647948,built_up,0.14414756337740825,0.20564614511665175,11.651613593257352,0.4716797938546257,0.6240599774473823,0.8098786280730272,0.3912768592065916,495.86012274945494,2694.756249274983,38.89965757827452,26.488239372416142,2.1234338000954343,44.64,45.97
3132,52,12,23.279719819819817,77.39494917771741,built_up,-0.020244387977841005,0.20442335501263764,14.574148339686714,0.40039246892507085,0.634042658694344,0.9659724193884802,0.31286358360230226,497.4853531970983,455.6937717546339,39.13606854128698,24.682273998959346,2.0842573397718507,47.59,46.19
3133,52,13,23.279719819819817,77.39592977895532,road,0.021212885688667985,0.10841908160731742,2.0750767265243266,0.12191568510946696,0.9121956059245498,0.9543519680768361,0.8398947832447113,505.18798515893286,811.2287703872246,38.512414148389034,25.015282355903196,1.5130772496079177,44.47,45.01
3134,52,14,23.279719819819817,77.39691038019325,road,0.1391072042133794,0.1089624617508924,0.0,0.0,1.0,1.0,0.9389905334788929,511.741658025042,964.1206130059525,39.073101894206125,26.82644449229922,1.1214417138461712,45.51,44.67
3135,52,15,23.279719819819817,77.39789098143117,road,0.11487720961174035,0.06859597381757096,0.0,0.04145938102030076,0.9771973404388345,0.9567787202238437,0.9394579655182531,491.902448245584,510.3761241298329,39.00691070331713,31.65753206015701,1.8876636381018812,44.69,44.68
3136,52,16,23.279719819819817,77.39887158266909,built_up,0.11814002635261356,0.13943458115582325,10.065570598391298,0.5264772305400145,0.609781817219079,0.9087456736199597,0.34564671531707236,508.0255993440636,536.6611110774422,38.77870471110885,34.10888784161137,1.5156166950633332,44.59,45.56
3137,52,17,23.279719819819817,77.39985218390702,built_up,0.11463253398606031,0.14485250633608246,10.875221164372663,0.5963822274068148,0.5632375632825252,0.8616387495878295,0.326367190907903,500.15699239474446,587.9252468194372,38.81079953944455,33.293803165386784,2.114106569788124,46.12,46.93
3138,52,18,23.279719819819817,77.40083278514494,built_up,0.010587296291854759,0.12651741183311827,12.030235402857894,0.4599238151340668,0.6267395476476844,0.9125556650909501,0.31936893712596925,492.54216766924094,415.9416861607243,38.26217068221352,21.757037474765347,1.3999149469899335,44.55,43.81
3139,52,19,23.279719819819817,77.40181338638286,road,-0.046918983404962616,0.14082355053614498,0.6454179212340012,0.03451637722721615,0.9745618133126911,1.0,0.9366680095959782,511.7779180950032,682.2559961070892,39.231321605365636,24.242739117431807,2.072129352701754,46.14,45.59
3140,52,20,23.279719819819817,77.40279398762078,road,-0.03574356154788308,0.12120849980155696,0.3613696948712427,0.007147987776785221,0.9924549097740557,1.0,0.9542484385800901,502.5044144721148,1663.321588887759,38.40194111869516,30.62985230240209,1.1723050202096483,47.75,46.33
3141,52,21,23.279719819819817,77.4037745888587,tree,0.7360008585233793,0.19482777102778054,0.0,0.18595757403353502,0.8977233342815557,0.0,0.0,495.44346173758186,2026.3172120084391,38.723880387581914,33.20289530760135,1.2171868009734559,32.08,30.47
3142,52,22,23.279719819819817,77.40475519009662,tree,0.6839640376033768,0.19325638313647495,0.0,0.0,1.0,0.07851776764928034,0.0,501.6607192223395,1275.464075274529,38.77067929620282,24.13275329821391,1.7383083467692582,32.72,31.97
3143,52,23,23.279719819819817,77.40573579133455,road,0.14440529386548542,0.07213475115289786,0.0,0.0,1.0,0.980046404718763,1.0,498.6133394910891,307.3016900797944,37.95146305734448,28.733089203507927,2.0496811716530443,43.08,42.31
3144,52,24,23.279719819819817,77.40671639257246,road,0.018094148284573702,0.10644868361590529,0.0,0.0,1.0,0.9139349181926316,1.0,502.54634777550314,848.8604819809644,38.47956091979842,23.472561877863654,1.7081100918310028,45.2,43.84
3145,52,25,23.279719819819817,77.40769699381039,road,0.15765755799604866,0.08394026945499816,1.5060210254791944,0.0,0.984939789745208,1.0,0.9046201882952922,503.7637044487479,1914.7401347925768,38.58134998614431,29.105955487587853,2.2718721153921666,45.62,45.44
3146,52,26,23.279719819819817,77.40867759504832,grass,0.4556069756631966,0.15422255606983937,0.08942870163664128,0.024022600988995637,0.985893282439686,0.1450491990396286,0.0889436597393222,512.1965651432686,866.9856130203075,38.45464617037486,25.426202849182687,1.1725874449437972,34.3,34.27
3147,52,27,23.279719819819817,77.40965819628623,grass,0.41043368713386513,0.1864446837806193,0.0,0.02382652578023791,0.9868954108208692,0.03256760928854156,0.0,504.4983927047565,604.7691777386469,38.48430617660947,28.7316888004272,2.06012603028435,32.67,32.66
3148,52,28,23.279719819819817,77.41063879752416,grass,0.47219917401643147,0.19557069412583886,0.7194957577562772,0.0,0.9928050424224373,0.004901180394065535,0.06823827486496428,494.43284406540295,800.5048705232023,39.097073882498265,23.152787021645874,2.071943439450108,33.71,32.99
3149,52,29,23.279719819819817,77.41161939876207,tree,0.6785314741014993,0.19633433310745185,0.8329222786465595,0.027104674150134452,0.9767632064309604,0.02252284822157736,0.018010866029081744,503.33625837385654,1695.4984463620808,38.169144437858996,21.464493275850174,1.3189175320154123,31.66,31.14
3150,52,30,23.279719819819817,77.4126,road,0.04839187630433194,0.07989951034420006,0.6697347514488159,0.0,0.9933026524855119,0.8800633019393249,0.8761937275980302,499.4680830598162,931.1534338289808,37.99249721151407,40.393126647559804,2.3307719979072727,44.2,43.91
3151,52,31,23.279719819819817,77.41358060123792,road,0.012315015585965407,0.136525453587307,0.0,0.0,1.0,0.9387153852138989,0.9256089575013504,499.53477404117814,524.0763986960075,38.26540348297811,28.27736436433685,0.8985843661001802,44.95,45.69
3152,52,32,23.279719819819817,77.41456120247584,road,-0.09850357930621872,0.03292083859198604,0.30789789687259866,0.0,0.996921021031274,0.8797322669313987,0.974997652027162,512.3614482811884,877.5907046877373,38.79769876696127,36.538844053322784,1.7866741426297743,46.28,45.67
3153,52,33,23.279719819819817,77.41554180371377,road,0.04610640788510186,0.11830747691250523,0.0,0.04443263035974605,0.9755620533021396,1.0,1.0,496.49904151443576,360.4524816831399,38.83667084864216,34.0361983356263,2.6463691905907236,45.12,43.61
3154,52,34,23.279719819819817,77.41652240495168,tree,0.8015134512037024,0.19496731177581755,2.186659268649018,0.0,0.9781334073135098,0.06357812083629044,0.0,499.95808143434783,758.5116934717962,38.74240307485517,21.457574564757135,0.8573996250463409,32.44,32.15
3155,52,35,23.279719819819817,77.4175030061896,tree,0.8606132366077613,0.19645889130668528,0.0,0.0,1.0,0.06840854937799187,0.0010415879157069895,491.17792653252616,1268.3802835212873,38.86472460244065,29.44713816463891,2.602607651917512,31.71,31.32
3156,52,36,23.279719819819817,77.41848360742753,grass,0.39231675538463184,0.23726331156331235,0.0,0.0,1.0,0.1478075040362089,0.04956696457262693,500.2513692823709,930.0286947833994,38.60241571302499,22.822092042479476,1.5004337550034916,34.61,33.16
3157,52,37,23.279719819819817,77.41946420866545,tree,0.7254331903847848,0.15625374885416407,0.0,0.028458649661641362,0.9843477426860973,0.12650500219516927,0.044169317154412996,502.0333793247662,348.7310701526303,38.292794435548295,26.815206204711018,1.8341757253129938,30.75,30.39
3158,52,38,23.279719819819817,77.42044480990337,tree,0.7726304562535916,0.19444183162360162,1.9003662520820666,0.05169455053256018,0.9525643346862712,0.12930034835218274,0.0,489.6881845288888,1036.1948395758302,38.12193736091323,20.46040738380762,2.986179491073731,31.9,31.1
3159,52,39,23.279719819819817,77.4214254111413,road,-0.02535109013305284,0.07712887458657863,3.050239377694374,0.0,0.9694976062230563,0.979446643339901,0.8847429708200815,500.504312500065,1563.7182306903405,37.995152709350684,21.703095110879104,1.8015877244243257,47.0,46.93
3160,52,40,23.279719819819817,77.42240601237921,road,0.10278559593873843,0.1413497657415974,0.0,0.05557522594538666,0.9694336257300373,1.0,0.9324421479993882,503.05361215622304,1426.357056553231,38.40913148286165,24.580839704869632,3.129523482848538,45.22,45.6
3161,52,41,23.279719819819817,77.42338661361714,road,-0.049663073470523886,0.07818748395115313,0.0,0.0,1.0,0.9181985290219234,0.933176517130885,507.93591223633075,1482.2765758073776,38.815337461360876,25.817013964909588,2.016839957858086,46.7,46.22
3162,52,42,23.279719819819817,77.42436721485505,tree,0.7392648104372742,0.18540842969008872,5.218696071039454,0.0,0.9478130392896055,0.0620537067491549,0.0,489.70062930937684,1601.242338263512,38.594764252073354,28.155308386366336,2.104366747897254,32.28,32.74
3163,52,43,23.279719819819817,77.42534781609298,tree,0.7016876740330519,0.20084465909159804,0.0,0.062331858226584706,0.9657174779753784,0.00013816659892627176,0.06655650851351566,507.15364295725954,125.453682556241,38.5091787946164,15.855245621660941,2.668257272844216,29.43,29.15
3164,52,44,23.279719819819817,77.42632841733091,tree,0.6889885244575862,0.21062485927231725,4.093319061301564,0.035774815931999875,0.9393906606243845,0.030172095597078355,0.0,504.533235834384,824.5530358626684,38.077849821408115,28.597233500121327,2.4651900894621956,30.72,30.48
3165,52,45,23.279719819819817,77.42730901856882,tree,0.6969863306047152,0.17327529142546155,2.2043928009084603,0.0903222538545605,0.9282788323709071,0.10134396665884078,0.020382057042143978,492.80644712979347,1386.9321221667524,39.53170730438574,32.543060043887394,2.2266888305024874,34.26,33.98
3166,52,46,23.279719819819817,77.42828961980675,grass,0.5499265709127619,0.2501061495936846,0.5193276313753402,0.0,0.9948067236862466,0.11725861469339754,0.07618306395630668,501.858471245766,1017.6989744927553,38.169816445447736,29.095559869277217,1.9180129292168104,33.14,32.97
3167,52,47,23.279719819819817,77.42927022104467,grass,0.40876532159787793,0.2976827981981164,0.0,0.0,1.0,0.1082048715904214,0.02192289425300703,508.18636768359613,1614.9401861592191,38.548244987644786,27.730709190759423,1.2694802672955123,35.32,34.08
3168,52,48,23.279719819819817,77.43025082228259,bare_soil,0.04714222381739647,0.2573330781996927,0.0,0.03922636726917482,0.9784254980019539,0.2214169839912521,0.0,501.7311954599397,540.8594048171573,38.90120696106861,29.366514412791815,1.2874822860453556,37.85,36.2
3169,52,49,23.279719819819817,77.43123142352052,road,-0.014553166804434935,0.0709993860419241,0.36372411708388097,0.007084717129795847,0.9924661644077735,0.9307816250133047,0.966848364631603,508.4569223916112,606.9504729150563,38.51693258812967,22.26007218039656,2.9788937547009366,45.05,46.06
3170,52,50,23.279719819819817,77.43221202475843,bare_soil,0.1004207560201579,0.29540863527623396,0.0,0.0,1.0,0.17796056543352337,0.0,498.6366589545125,1077.0345687122967,38.177224353771585,31.808028261945864,3.2196629700474997,37.59,37.78
3171,52,51,23.279719819819817,77.43319262599636,bare_soil,0.2139604016303718,0.2737448674995721,0.0,0.004556558836310862,0.9974938926400291,0.2873875542292654,0.003315367865986822,496.49530420756315,1007.6705752636285,38.823464175907894,23.20947255275973,2.275463418157808,37.79,37.3
3172,52,52,23.279719819819817,77.43417322723428,bare_soil,0.1550486942188944,0.27071874156979725,0.0,0.0,1.0,0.19676544625677345,0.031424983136347936,495.3384431206352,1031.8930380769616,37.96417782275064,34.2074518823401,1.1357852167502587,36.48,37.44
3173,52,53,23.279719819819817,77.4351538284722,water,-0.0973044611296471,0.056677301231008614,0.0,0.023360589165449037,0.987151675959003,0.0,0.012258222839272744,491.2775428823305,0.0,39.19681923343197,23.08301283027138,1.7277093367660628,36.56,39.14
3174,52,54,23.279719819819817,77.43613442971012,grass,0.4102322410512514,0.26096255022213005,0.0,0.0,1.0,0.09867746850428848,0.07668709206177929,515.5835364631439,1009.8566278660705,38.61289375894534,30.226248167764798,1.7068637340260768,34.35,33.0
3175,52,55,23.279719819819817,77.43711503094804,grass,0.4823615842336315,0.21716346908669407,0.0,0.013663477107622885,0.9924850875908074,0.020726782138149602,0.028084647412097746,503.60606711419376,812.0301757240189,38.39863613111822,30.400392097557617,1.8609218563699859,32.35,32.31
3176,52,56,23.279719819819817,77.43809563218596,grass,0.4774444874253199,0.1681463534468947,0.23391631649540134,0.06710894674582431,0.9607509161248426,0.08907049522750812,0.0,488.598898792093,1458.5897635560923,37.93344708485468,27.99243285462736,1.6429750706939363,33.88,34.48
3177,52,57,23.279719819819817,77.43907623342389,grass,0.5056809845948537,0.2183171676387833,0.0,0.0,1.0,0.10620146808758417,0.002429330524300749,494.94586471793787,2093.296796832922,38.03920865572843,24.85445868223455,2.512356942008617,33.63,32.16
3178,52,58,23.279719819819817,77.4400568346618,road,-0.07809652136276814,0.059967270129232725,0.5783143222446856,0.0,0.9942168567775531,0.9540599664822299,0.9609060499577816,502.0472723908116,820.3556088900173,38.47916273813145,24.232891855856135,2.3430035658064283,46.74,45.37
3179,52,59,23.279719819819817,77.44103743589973,bare_soil,0.0844980987799428,0.2814867344846967,0.4176892312905542,0.024162684407237678,0.9825336312631138,0.17084180418358513,0.023881968096973474,507.6027819234205,1352.9926494706788,39.25709897093053,35.00556772773555,3.1260437297002963,38.84,39.7
3180,53,0,23.28062072072072,77.38318196286234,built_up,0.07383029273907847,0.13293369963116083,8.077281927299481,0.2880486035929578,0.7608004487508784,0.835093083953012,0.36803195688394924,492.8867622731125,1331.5050637394827,38.593190274588096,28.413215831785948,1.778352825462537,45.85,45.8
3181,53,1,23.28062072072072,77.38416256410027,built_up,0.06851380324639407,0.19333417433344385,11.635876726021909,0.3804989628791883,0.6743668031562273,0.8960022411421456,0.32817222665225254,511.01406963094155,1426.486199485732,38.63882383450567,23.54028411783301,2.017907526595903,46.25,45.63
3182,53,2,23.28062072072072,77.38514316533819,built_up,0.07732008403718259,0.1035581170208779,9.030323257006232,0.2669616962248919,0.7628678345062471,0.8375907965130105,0.32694796700765805,496.81318924299046,631.9124284050483,38.65444271994376,30.06684536796365,2.3938217556240766,43.79,42.31
3183,53,3,23.28062072072072,77.3861237665761,built_up,0.12221620942117072,0.15777597898043252,14.46129533246783,0.4482757310206962,0.6088353946139389,0.8578102847282016,0.3909361106810377,502.0904466211343,1089.518392951455,39.44561683815913,29.371533634732607,2.3728640762872324,46.02,46.31
3184,53,4,23.28062072072072,77.38710436781403,built_up,0.06331280129012014,0.15916761601659404,20.656014187940176,0.43333597575803906,0.5551050714536767,0.8623203657245823,0.3693516623355827,503.7989475412968,1236.6904757743935,38.32344384140412,26.682642476199064,1.199406122354478,45.06,43.8
3185,53,5,23.28062072072072,77.38808496905196,road,0.07538820130430342,0.10533609702137064,0.0,0.024083087791586476,0.9867543017146274,1.0,0.9441677898091476,502.47886415069667,1741.277814610386,39.1261870539009,24.40790863206958,2.429963165210704,47.4,46.48
3186,53,6,23.28062072072072,77.38906557028987,built_up,0.07689139517075366,0.12658987827575388,9.051390816847743,0.3813798866764131,0.6997271541594954,0.9267445952122453,0.3420656315728782,502.87560071643685,1077.9735550096095,38.34056836541548,30.942237265603534,2.0131858928091697,45.79,44.93
3187,53,7,23.28062072072072,77.3900461715278,built_up,0.05538614085036359,0.11362093444990654,11.264018155600938,0.3774790166548636,0.6797463592838155,0.9136832288769912,0.3456999102400404,499.6437543397813,1129.909218364833,38.21855482468973,31.784188833329356,2.0765814276544567,45.96,45.66
3188,53,8,23.28062072072072,77.39102677276571,built_up,0.10226384863457136,0.18472729291615997,8.598486014542924,0.42628864774262665,0.679556383596126,0.771560983916441,0.39892832973469994,499.1348985525876,452.7658615636559,38.46815567535697,29.28958672170758,1.949205122619446,42.74,41.75
3189,53,9,23.28062072072072,77.39200737400364,built_up,0.0034536116411065243,0.16441670171277448,7.216606330011766,0.4351646486903977,0.6884933799201636,0.8285726755484281,0.3422096613574842,494.60923186109125,704.4836482515632,38.466182586809026,28.28617410046669,2.825540209897601,45.68,44.83
3190,53,10,23.28062072072072,77.39298797524157,built_up,0.05075380199365046,0.15715910505017455,10.822363040839345,0.4509368307763448,0.6437611126646169,0.837888008233422,0.3744497872243371,503.319537988901,891.730057855432,38.72480537891869,24.870438918246524,1.4281709649720185,45.54,46.39
3191,53,11,23.28062072072072,77.39396857647948,built_up,0.022779341016958235,0.16866957904882102,9.691053357497504,0.46329715839484237,0.6482760293078617,0.8515546429827585,0.3314774958234786,503.43573728234406,1827.7399936785273,37.570406495750376,29.919359393226927,1.4006741770494175,44.99,45.14
3192,53,12,23.28062072072072,77.39494917771741,built_up,0.11753071407005378,0.14387869063028538,15.943667753842991,0.36266890236180765,0.6410954261625759,0.7943897089446248,0.3314219873218984,511.35458695392396,1597.4939296557707,38.55914398846743,25.461229822029953,1.4622964526078446,45.3,45.31
3193,53,13,23.28062072072072,77.39592977895532,built_up,-0.02297716928290608,0.12690874651877856,8.74023407999542,0.4522087449896998,0.6638828494557109,0.8950916185518134,0.3890261519260905,502.14407081832286,896.4397672643873,38.260501122431684,22.91010730685222,1.7535075246805427,46.24,46.63
3194,53,14,23.28062072072072,77.39691038019325,built_up,0.07427601977564444,0.1604984000330512,18.07192318405581,0.4025321237216339,0.5978881001125431,0.9294424658574799,0.3597622456920307,506.5620260063845,1185.047487963365,38.21041889272916,32.50238744803454,1.993824633400411,46.22,45.27
3195,53,15,23.28062072072072,77.39789098143117,built_up,0.16425162161849777,0.14989044302465215,10.729273504349292,0.4915367620679566,0.622362045819131,0.9063387518862878,0.3500085648699603,483.4073539950732,1019.1926116810865,37.98168902179695,23.880399320988055,1.6353348305106645,45.47,45.8
3196,53,16,23.28062072072072,77.39887158266909,built_up,0.08588301836095556,0.1386521581640796,11.25325071274705,0.5420945758524464,0.589315476153684,0.7313516105871313,0.3537590922570967,500.8638537903792,2109.0039350631155,38.354078438451936,20.41225553646034,2.343198435054836,45.46,45.84
3197,53,17,23.28062072072072,77.39985218390702,built_up,0.07913387129917299,0.15336886711101422,12.938089051824665,0.48722648016836845,0.6026445453891507,0.938147948341084,0.3055338584580289,494.662361640672,1424.347418009776,38.293357173222084,33.23606143488351,1.8485600325322171,46.4,45.48
3198,53,18,23.28062072072072,77.40083278514494,built_up,0.09541042198497703,0.1315031377411546,12.57520278274358,0.5343907321011877,0.5803330695169109,0.874254484539661,0.32148148808267724,501.9022107706149,1008.8561908682573,38.32934767114479,21.022242101836614,1.7825744540007087,45.09,45.63
3199,53,19,23.28062072072072,77.40181338638286,built_up,0.10822530226657928,0.13036766276067757,9.848867821830897,0.528109684066016,0.6110509955453822,0.8774309588754332,0.4066119603887384,489.470168363026,985.9191531949218,37.84455718202643,26.44104201101501,1.1837547847022558,44.99,45.2
3200,53,20,23.28062072072072,77.40279398762078,road,0.016175988402765556,0.09811353519895638,0.0,0.0,1.0,0.9935260649464738,0.9300100224080685,493.38872230550203,1724.5638428178063,38.5392599112787,23.617541722153568,3.292654002380436,46.2,46.44
3201,53,21,23.28062072072072,77.4037745888587,road,0.17242326594600155,0.1083070996234491,0.0,0.01982022062584815,0.9890988786557835,0.8757314729396681,0.8959932712574489,503.30919140655175,306.70286683820814,38.18334849671594,25.104799825117123,2.1620602175018764,43.16,44.66
3202,53,22,23.28062072072072,77.40475519009662,tree,0.7022379687425347,0.13549117451023288,0.1406487863386474,0.05616202458796086,0.9677043986132351,0.019357565621217012,0.01922334326270083,493.4732323294971,615.8723477723353,37.84598583489108,36.89628221754573,3.141153726273754,31.84,31.95
3203,53,23,23.28062072072072,77.40573579133455,road,-0.01988223707133953,0.13357790399293207,0.0,0.0,1.0,1.0,0.9863919353225078,503.5248590049721,943.6832708565031,38.28073518469793,27.593742672717255,1.826641372011164,46.4,45.57
3204,53,24,23.28062072072072,77.40671639257246,built_up,0.04586666251158205,0.16775949040480825,11.157050960676324,0.4742479972310676,0.6275930919161495,0.9176249565112184,0.3644104696134973,503.1648516977497,1271.5840741400657,38.1903698044499,29.43962022137237,2.2964167004411675,45.3,45.42
3205,53,25,23.28062072072072,77.40769699381039,tree,0.7143087024569386,0.13686920783618095,0.6279164649836313,0.0,0.9937208353501636,0.0070463707334704265,0.0,499.6277025969677,286.83283321525937,38.5164548959916,23.16195189681225,1.8577484521817673,30.26,30.27
3206,53,26,23.28062072072072,77.40867759504832,grass,0.4413955201983271,0.21207880599169834,0.0,0.02013279521045682,0.9889269626342487,0.1310977272607725,0.0015401202158397721,506.9583321083362,850.617601732562,38.27539581683259,25.41270533738727,3.276846818187634,34.01,33.01
3207,53,27,23.28062072072072,77.40965819628623,grass,0.555198083129433,0.20243737263128556,0.0,0.041682103389416636,0.9770748431358208,0.12128104568902898,0.0780664599621965,502.4771504655254,2126.053232906971,37.9201837856953,32.300560839099916,2.8461223123000243,33.05,31.23
3208,53,28,23.28062072072072,77.41063879752416,tree,0.7086667194897426,0.21138905597116853,0.0,0.024588826316700146,0.9864761455258149,0.08390112201980288,0.05330251158299877,506.2106126131452,665.3743890390252,38.144658522729245,29.5040368713275,2.6950644416722818,31.13,31.07
3209,53,29,23.28062072072072,77.41161939876207,road,0.025879364655083878,0.0927467708036771,0.0,0.0,1.0,1.0,0.9581031685187216,495.9398138992795,217.02043367316037,37.80933936217673,23.015213668735168,1.7651706467414252,44.07,44.92
3210,53,30,23.28062072072072,77.4126,built_up,0.17198345961215813,0.12058046006642095,13.201543656188454,0.6337800848349722,0.5194055167788808,0.8189946211156873,0.33897283089299013,501.8574342706056,147.56498784806888,38.95485119275428,17.10094016506072,2.701153648245541,43.86,44.72
3211,53,31,23.28062072072072,77.41358060123792,built_up,-0.023307934034419248,0.1255516039418505,12.405065862879516,0.5332662665035448,0.5826528947942552,0.801100283384784,0.36735921729734644,482.7462646716486,916.0071238499867,39.01914459811081,29.775961327596807,2.8513900009485376,47.18,47.43
3212,53,32,23.28062072072072,77.41456120247584,built_up,0.10161057843060906,0.14985332721565486,13.098456427915766,0.4926945622959395,0.5980334264580756,0.8404064797911659,0.39935836954682646,495.20426051440467,1442.0484775319644,39.06756583453398,27.96424197387069,1.655108626874326,46.1,47.51
3213,53,33,23.28062072072072,77.41554180371377,built_up,0.14823467995390469,0.08792324521225978,13.156500580618426,0.4754238902811097,0.6069518545392054,0.7749083072908161,0.3816812335197794,503.78658335146713,1087.7784819131482,38.26406095468911,32.51901205803031,1.9358654527283503,44.33,44.49
3214,53,34,23.28062072072072,77.41652240495168,built_up,0.01487018469288355,0.14631392788922448,10.161014396323793,0.5262242400896568,0.6089665239874507,0.8169224580460236,0.3920316327532986,497.09484007337073,1075.9240409751926,39.01884382607225,25.83865718579437,2.3249980156519934,45.36,45.18
3215,53,35,23.28062072072072,77.4175030061896,road,0.04400208143734667,0.10772601163838692,0.26333022419247687,0.015189012001725939,0.9890127411571259,0.9351802986158461,0.9661175736384544,506.9109133051828,1164.4067008016514,38.66279915166035,36.12886182182627,1.012224258148376,45.87,46.05
3216,53,36,23.28062072072072,77.41848360742753,tree,0.698749595335841,0.18523204991484155,0.0,0.0,1.0,0.0,0.07520264068795258,515.4839003010815,620.3440521985966,38.171137796499714,29.354892448479912,2.8875221006706715,30.44,29.78
3217,53,37,23.28062072072072,77.41946420866545,tree,0.767170256437887,0.22373604563154031,0.0,0.0,1.0,0.1258399668020087,0.01958701503123914,495.8440744614846,1003.669701732659,38.24859246323909,27.499128541039596,2.8142043832286863,31.56,30.42
3218,53,38,23.28062072072072,77.42044480990337,road,0.007855249528382364,0.19878373154279252,0.0,0.016366270615423208,0.9909985511615172,1.0,1.0,508.76790279129597,775.9291349426516,38.43120771315752,27.03123116910655,1.8554088941092926,44.99,44.11
3219,53,39,23.28062072072072,77.4214254111413,road,0.020874081453728356,0.044766060593005835,0.0,0.001640335546595293,0.9990978154493726,1.0,1.0,505.69047715199736,1533.8925450707147,38.54098066820433,27.97261966891941,0.8842920305867,46.52,46.09
3220,53,40,23.28062072072072,77.42240601237921,built_up,0.07895203763424324,0.17852892690871322,13.00708229100341,0.5569042660124303,0.5636318307831292,0.8902249804844258,0.36570902947984874,487.67416783891434,1556.039414172149,38.64516185552717,25.48535827745224,1.9810118189128287,46.68,47.46
3221,53,41,23.28062072072072,77.42338661361714,built_up,0.10268813793079647,0.16107725035629353,13.65349092971246,0.518787645668761,0.5781318855850568,0.9150326992972363,0.33104305841851844,503.74110853104617,632.3927456578879,38.49928543722431,30.66686192372729,1.2633401683324084,45.4,44.1
3222,53,42,23.28062072072072,77.42436721485505,tree,0.7546008080744351,0.18753861392172624,0.0,0.004683196946681576,0.9974242416793251,0.02156453411324093,0.004879962806062401,502.83845545473736,1167.9568829246962,38.36059173752215,27.952339666428305,1.2457926063002707,32.24,31.36
3223,53,43,23.28062072072072,77.42534781609298,tree,0.6047713038843587,0.1911146636128679,0.0,0.0,1.0,0.0,0.018184347940264377,495.8158591522328,1684.0230648431977,39.040836286313656,35.774444864465,2.4224252569986353,32.47,33.19
3224,53,44,23.28062072072072,77.42632841733091,tree,0.6150341279010946,0.15108229229824485,0.0,0.012932887090326679,0.9928869121003203,0.10865639822390472,0.040124871460367195,491.24282304541464,846.9617922572004,38.454486976281196,26.26671124576939,2.9822643715887702,33.91,33.59
3225,53,45,23.28062072072072,77.42730901856882,tree,0.6714493967553563,0.19523193971702235,0.0,0.0,1.0,0.07923532596971108,0.07053034134271177,498.57062041839714,1136.8597027277606,38.431588777727356,27.51741495371875,2.0686409478729244,32.15,31.97
3226,53,46,23.28062072072072,77.42828961980675,tree,0.6296219274654117,0.11822287048491435,0.0,0.0,1.0,0.03460290018745898,0.04184930431119073,498.41877460695207,1586.345428616249,38.41309164202961,26.262756901562916,2.9110835972321065,33.01,32.67
3227,53,47,23.28062072072072,77.42927022104467,grass,0.5023359958821142,0.21032620225395968,0.0,0.0,1.0,0.17167845265798032,0.0,488.02852852978026,1173.8786381893976,38.45471983695432,35.476169616937845,2.598480795133346,34.8,36.54
3228,53,48,23.28062072072072,77.43025082228259,bare_soil,0.030747519859738656,0.28386553871664444,0.0,0.046183947124944655,0.9745988290812805,0.24183481660090367,0.054132904141781124,501.6500938227327,696.9050622557727,37.955030670421486,22.217079633637454,1.3621043475477421,37.89,38.39
3229,53,49,23.28062072072072,77.43123142352052,bare_soil,0.05778684972265132,0.2640791028034611,4.985687123154431,0.0,0.9501431287684556,0.20805077482000464,0.07074382961533768,502.0369050310551,769.4752544490925,38.09876101452105,28.374563349989923,1.8302828981346992,38.07,38.3
3230,53,50,23.28062072072072,77.43221202475843,bare_soil,0.16380946048952089,0.2671457257424156,0.7228131423530713,0.02560784258716875,0.9786875551535265,0.1752847400575958,0.017454862644398297,512.8003696148972,848.8231156237518,39.4783947550714,29.251932990592966,2.823285536665904,38.16,38.34
3231,53,51,23.28062072072072,77.43319262599636,bare_soil,0.1990135549793602,0.2622850960562219,4.505172020667964,0.0,0.9549482797933203,0.18030721486912105,0.07033023099468572,512.417862006932,1590.1219518727498,37.83983238884219,23.48790897050685,1.829076201883132,36.33,36.7
3232,53,52,23.28062072072072,77.43417322723428,bare_soil,0.05508902988861199,0.2824722771391416,0.003121631392451188,0.0,0.9999687836860754,0.2348418582726122,0.0,489.6752849002032,389.7884206502839,38.60871066386668,38.57274765183969,2.6914303976542397,38.1,39.76
3233,53,53,23.28062072072072,77.4351538284722,bare_soil,0.22273771708166568,0.2646855017840256,0.0,0.0,1.0,0.26839623648672173,0.0,490.36692972674274,1059.08594961853,38.63700981890894,24.27773903582506,1.9539104385719077,37.61,37.27
3234,53,54,23.28062072072072,77.43613442971012,water,-0.10129400892930486,0.09975905751332179,0.0,0.0772166905195244,0.9575308202142616,0.0,0.0,491.1697979016393,0.0,38.90508959188854,20.134093834096117,2.58802881098658,34.35,34.5
3235,53,55,23.28062072072072,77.43711503094804,water,-0.17011254698151212,0.1025271430799718,0.0,0.0,1.0,0.0,0.0,508.85229210204915,0.0,38.646712268065386,26.736112740955846,2.457462686499955,36.3,36.33
3236,53,56,23.28062072072072,77.43809563218596,grass,0.5261400725161762,0.17585992467998987,0.0,0.09891895379595805,0.945594575412223,0.087283363997915,0.0,508.65789604276,1315.5275377851483,39.25634665948014,26.49973724236946,2.0063899613392406,34.56,35.37
3237,53,57,23.28062072072072,77.43907623342389,water,-0.06583017666005649,0.03,0.0,0.04744017069978158,0.9739079061151201,0.0,0.04940001468263666,489.4659593840273,0.0,38.595858339840994,20.574512592046638,2.588531980168074,35.75,37.28
3238,53,58,23.28062072072072,77.4400568346618,bare_soil,0.21869528897941262,0.24547422963057117,0.6786929210952561,0.029254988225689445,0.9771228272649182,0.20457019228514597,0.0,492.9894529556188,1423.1633651655043,39.03914187267289,26.62090456716141,0.8958027822720208,37.92,37.39
3239,53,59,23.28062072072072,77.44103743589973,bare_soil,0.1138405904393502,0.2369111530804745,2.749618632918256,0.0,0.9725038136708174,0.12948422072469748,0.0,492.8582439808684,1217.7797207867743,38.91598896544026,27.78687697908234,1.5315653919458394,37.76,38.17
3240,54,0,23.28152162162162,77.38318196286234,road,-0.0445470680610225,0.12343914212810188,3.452626936230327,0.005293246249253077,0.9625624452006075,0.9077857210034341,0.9134712129827688,501.7702407640305,403.16937809314413,39.11679609794654,32.3258305180772,1.893043733582554,45.17,45.33
3241,54,1,23.28152162162162,77.38416256410027,tree,0.6460330722988709,0.13057488512646714,0.28857314910984533,0.10810896391349215,0.9376543383564808,0.0,0.05265318831433165,495.48898905687076,704.6201141455848,38.50993500577142,26.3137072997164,2.83121013358448,32.97,31.72
3242,54,2,23.28152162162162,77.38514316533819,grass,0.543847730096352,0.2847953305265119,1.0296563057321202,0.018125531924323576,0.9797343943843009,0.10311352975831846,0.02407014280544094,502.7206298156963,1681.131593689931,38.65915753599385,17.38217318969053,1.32149567912944,32.91,33.78
3243,54,3,23.28152162162162,77.3861237665761,water,-0.00019956198102859257,0.0643180012444881,0.31846637778477727,0.0,0.9968153362221522,0.05120310024394346,0.09600323033390475,508.46851560233296,0.0,38.35232938490422,19.86818673322074,2.1764106080219245,34.62,36.03
3244,54,4,23.28152162162162,77.38710436781403,bare_soil,0.17447246440815573,0.31802268084875923,6.0361181976951,0.0,0.939638818023049,0.22997974700215937,0.0,507.61082802413165,1576.3186574317251,38.563901436470445,28.25167054965512,2.3327431376783974,36.95,37.69
3245,54,5,23.28152162162162,77.38808496905196,grass,0.4171903817487543,0.13989908030466758,0.0,0.011142112638185028,0.9938718380489983,0.0968446078724217,0.005142881037969584,492.8256919204714,1254.3113538459424,38.58599496274327,28.78175054687501,2.342768584002437,35.37,34.8
3246,54,6,23.28152162162162,77.38906557028987,built_up,0.03188740605019906,0.1642790092759747,10.443243156817768,0.29876670352871526,0.7312458814910289,0.8588349733327757,0.36656765855309453,512.9439029963237,1724.0695322458128,37.66903675781422,27.266780736998232,1.910702947781048,45.26,44.04
3247,54,7,23.28152162162162,77.3900461715278,built_up,0.026078546663014526,0.18277479383939163,7.359600636291449,0.39547750698258294,0.7088913647966648,0.8877034049594255,0.408347818417533,515.1112081346168,1877.5746408901964,38.44274262431091,24.549848389780077,1.614831827653393,45.45,46.03
3248,54,8,23.28152162162162,77.39102677276571,built_up,0.07180312350934735,0.15739015676508109,11.566231245458491,0.36746322659180464,0.6822329129199225,0.844218738368177,0.42191281864562313,505.169292722181,2250.5529484268222,38.85594908998448,27.019423724471718,1.7911747352184395,45.73,44.76
3249,54,9,23.28152162162162,77.39200737400364,built_up,0.015050085364481491,0.1285532735273839,12.21950026788955,0.4487022425681439,0.6310187639086253,0.8441607957138809,0.3820200341379524,506.3436645206515,508.03632999727427,37.95992430034615,35.06076791282858,2.3738348697578457,44.71,43.83
3250,54,10,23.28152162162162,77.39298797524157,built_up,0.12520649449939206,0.17219793134126232,12.093184765440665,0.32800536405174485,0.6986652021171337,0.8361581854616617,0.36751760937240685,493.07436296053004,1642.7828069272086,38.10546333944159,27.831822318207756,1.5716214247258682,44.01,44.2
3251,54,11,23.28152162162162,77.39396857647948,built_up,0.12377541410881822,0.14403460030650794,11.562852297256132,0.43782187031542286,0.643569448353956,0.8497970248644735,0.29858050077061415,496.5591446873741,1202.0322166411595,38.96225892113652,30.611634038341048,0.77545373914923,46.16,46.82
3252,54,12,23.28152162162162,77.39494917771741,road,0.11511616976717592,0.13076131842524477,3.6807949280494396,0.0,0.9631920507195056,0.9621911368239713,1.0,494.05625441412093,767.0642849659419,39.03725123235139,23.86508120171869,2.4431952103163903,46.39,46.09
3253,54,13,23.28152162162162,77.39592977895532,built_up,0.06369471992491903,0.20054335230794035,10.15711271559382,0.4716025943471359,0.6390474459531371,0.8696017025137847,0.27286044709836665,499.8745816143603,855.4027771996703,38.251692542113545,26.83431566885679,2.6502836759550705,44.78,44.59
3254,54,14,23.28152162162162,77.39691038019325,built_up,0.12067832079776336,0.19217210716081962,11.124093350047291,0.4338423680035176,0.6501457640975924,0.9758914118291154,0.32153833947424765,489.2559867973246,1804.6290770197884,38.56959388991319,23.99754958877069,1.349663523212677,46.59,46.49
3255,54,15,23.28152162162162,77.39789098143117,built_up,0.07696198765278457,0.14849958317034662,17.707433360067256,0.3879552853781736,0.6095502594413319,0.8402268766240488,0.3005492462842909,502.68146766264755,823.9980130717902,38.46877902392057,33.17469128106938,2.545341562370464,45.51,44.69
3256,54,16,23.28152162162162,77.39887158266909,built_up,0.009623744725135663,0.16196832365953767,12.29098658131805,0.4022255599942503,0.6558660761899818,0.7904818501546294,0.3583123279334297,486.6338093479097,1199.6174423615118,38.97079038435955,21.776882203157946,2.1665595162067075,46.73,46.39
3257,54,17,23.28152162162162,77.39985218390702,built_up,0.1603734110422573,0.16001180884760796,10.836257203904154,0.4848789307097014,0.6249540160706226,0.7874211905404935,0.35545135416142065,497.3852038053242,552.3346579412759,38.28666142235427,29.489606626650108,1.2802259951974146,44.45,42.99
3258,54,18,23.28152162162162,77.40083278514494,built_up,0.11742300215766908,0.08067578207124818,9.551966108416071,0.4238703995721341,0.6713516191511655,0.8247596221757842,0.4019734987253372,506.03407895738127,1111.6026698759179,38.348541508856485,29.362983250021628,1.544058569049191,44.83,45.49
3259,54,19,23.28152162162162,77.40181338638286,built_up,0.08348984487867243,0.13964729187222633,16.060117952594197,0.39196607238936754,0.6238174806599058,0.8885779019143839,0.32967223340464513,504.0239225463713,1300.6141695958145,39.03630688601189,29.103752516856527,1.4879279681936495,46.78,49.29
3260,54,20,23.28152162162162,77.40279398762078,built_up,0.12399469651876707,0.1875094249432826,9.308761574566113,0.538218002714849,0.6108924827611718,0.8468072564885626,0.33156576160093976,516.2700969683017,1386.3466721593663,38.09866776694747,18.620471344038798,1.9432186162056064,45.1,45.15
3261,54,21,23.28152162162162,77.4037745888587,built_up,0.054967726324286675,0.16871936979338892,12.71834806720682,0.47107199319660054,0.6137269230698015,0.819695644509134,0.3621825270316115,495.0890241164057,1102.6972041073986,38.30081648258051,19.90824877589236,1.7681162224461264,45.37,46.44
3262,54,22,23.28152162162162,77.40475519009662,road,0.08322095264724201,0.11331533353312195,4.941252647881582,0.0006603115720648123,0.9502243021565486,1.0,0.989051816699436,512.2024099377053,2001.5937922024846,38.55315934526534,28.46822449409403,2.806330989662087,45.92,45.68
3263,54,23,23.28152162162162,77.40573579133455,built_up,-0.02568022011679573,0.14795492886550038,12.720665059929857,0.5064810451044753,0.59422877459324,0.8301300026913433,0.32826173664592667,491.20329758318996,1055.7984213150135,39.10950792548371,24.30752703389758,2.269828336424069,45.71,44.5
3264,54,24,23.28152162162162,77.40671639257246,built_up,0.13604092620351801,0.12518913811101046,12.248065092376368,0.46939400942140347,0.6193526438944643,0.8002824703785838,0.3405542504862057,502.74573190954703,1628.387294266637,38.02261506676889,25.428577571585627,1.0790269708954265,44.25,46.28
3265,54,25,23.28152162162162,77.40769699381039,built_up,0.008473810432850504,0.13908846106073477,16.073632222136634,0.4482509459570609,0.5927256575022501,0.9133508224710707,0.3324418461876608,505.6907076466743,884.3641516408154,38.215765102023944,26.30184007524442,1.128919814134425,46.64,45.88
3266,54,26,23.28152162162162,77.40867759504832,tree,0.7475249122221037,0.22827120377068452,0.0,0.049825003261452505,0.9725962482062012,0.06373185703687897,0.0,498.83530230955967,884.1338094432119,38.7370203286651,23.78812773385925,2.540411148410642,31.44,32.29
3267,54,27,23.28152162162162,77.40965819628623,tree,0.6352914575861164,0.19377114800301276,1.6449282110441605,0.0406195412937791,0.9612099701779799,0.12148949255910618,0.05815701702439148,495.17578776983527,789.0048885939923,38.79877998748712,23.098761651416293,1.8614033785964752,32.66,32.85
3268,54,28,23.28152162162162,77.41063879752416,road,0.08032547958324694,0.12169123913509307,0.0,0.0,1.0,0.9534641274321417,0.9733123764286948,484.39322144790737,188.80927232050806,38.5846222708072,19.999778384501038,2.0950745320006248,43.27,44.34
3269,54,29,23.28152162162162,77.41161939876207,built_up,0.12160264345075025,0.12399558975305461,14.430169116398764,0.5924366710338321,0.5298581397674047,0.799346710122417,0.2832162727345349,497.7888188022623,637.0114561866478,38.4533115194648,20.37567056715405,2.0525398009721063,45.69,45.63
3270,54,30,23.28152162162162,77.4126,built_up,0.07847845957811785,0.15614097732991414,14.081058927843776,0.5161856083158787,0.5752873261478291,0.902907935066243,0.3768279844603898,498.5488047694982,1296.4468240914807,38.551860961702204,25.97679386355596,2.253831522882418,45.66,44.61
3271,54,31,23.28152162162162,77.41358060123792,built_up,-0.012736860171277273,0.17191245724531354,13.314300960611973,0.45356908302993804,0.6173939947274143,0.8291680802222935,0.3915016157146377,493.85872567480436,1184.710495731616,37.89709271129765,25.330342029890655,1.2365320801524122,45.23,44.63
3272,54,32,23.28152162162162,77.41456120247584,built_up,0.13272661813464964,0.14073314153514968,11.08087957589218,0.5095994264887018,0.6089115196722922,0.7795303754986598,0.3304537772355533,491.1421659148197,957.7207405869055,38.54056881242267,27.905253768924947,0.7313995202375541,44.11,46.23
3273,54,33,23.28152162162162,77.41554180371377,built_up,0.00384123703462759,0.14250257352724588,16.047192912124526,0.5712350016425192,0.5253488199753691,0.7877278535362696,0.3233561055843327,506.82212215457037,1336.127059452575,39.09284916170671,37.54871686045598,1.7273082552359584,47.88,48.17
3274,54,34,23.28152162162162,77.41652240495168,built_up,0.043087922215107315,0.12540591257997388,13.382592355444569,0.41791677934809823,0.6363198478041003,0.8762665283882651,0.3933228564209651,496.8871062753681,278.57651497080917,37.97194069194359,16.072206819444325,1.4416697311408042,43.39,45.35
3275,54,35,23.28152162162162,77.4175030061896,built_up,0.1647568173799671,0.14658287645872808,14.900689677458306,0.44113621263956815,0.6083681862736545,0.7841259268423012,0.36656484830562475,508.22051926829124,428.7783093271355,38.18637961352587,29.625477986771863,1.8888872773677285,42.69,42.36
3276,54,36,23.28152162162162,77.41848360742753,built_up,0.07389186665285911,0.09238331444220095,11.315431820368522,0.49144644918275704,0.6165501347457983,0.8744402619662729,0.26576897366988095,510.5631882015667,914.4396909526093,38.34124842194982,28.88317525721522,1.8175520957737947,45.8,46.44
3277,54,37,23.28152162162162,77.41946420866545,built_up,0.15766324502650303,0.16096092094073788,15.131087511506731,0.601924205914603,0.5176308116319009,0.810919270237626,0.35541773623277617,492.07433458911174,956.0021439395648,38.36642946126812,30.239584940305775,1.3031906498404628,44.71,43.55
3278,54,38,23.28152162162162,77.42044480990337,built_up,0.1232056787480052,0.17382008863174367,11.965961242417679,0.4368040451691659,0.640098162732782,0.8536653008764777,0.3159132814696552,495.3769567205592,1351.408102958768,39.236545976213414,27.146833693761234,2.9551485543296585,46.61,46.64
3279,54,39,23.28152162162162,77.4214254111413,built_up,0.10913777913409257,0.16502606974490622,11.990447586717236,0.5431649228520482,0.5813548165642011,0.8507174370733013,0.33863378263880034,491.20957929538173,19.9848805119168,38.1272369934853,25.765823363196255,1.8400848232912739,43.1,45.1
3280,54,40,23.28152162162162,77.42240601237921,built_up,-0.013835663071673734,0.14646386732069958,10.467550398392905,0.40568259628308234,0.6721990680603755,0.8290312326873506,0.3611912014658986,503.3205554763887,1020.9559667009161,38.04731540986456,30.741190699487234,1.6124206809368025,44.92,44.21
3281,54,41,23.28152162162162,77.42338661361714,built_up,0.07634832674444428,0.12384771420511155,14.215320004795178,0.47390976819757635,0.5971964274433812,0.8461833843652283,0.3915138102326492,506.33520076571534,954.2935657646252,38.80842867796609,30.804822552007742,1.896587225838415,46.18,45.56
3282,54,42,23.28152162162162,77.42436721485505,road,0.01037660647033031,0.09995485715222538,0.0,0.054844818735620506,0.9698353496954087,0.9457596351534402,0.9841847035700675,500.3327063659759,1754.780164577044,38.241257375394234,22.3430043129396,2.4875461534725747,45.85,46.59
3283,54,43,23.28152162162162,77.42534781609298,tree,0.7517690979851713,0.20736369350708378,0.0,0.0,1.0,0.0573763002563664,0.0,496.2563765232446,477.29395402839043,38.81506985435559,28.385359191233047,1.8204766762739224,30.8,30.9
3284,54,44,23.28152162162162,77.42632841733091,tree,0.669620448540339,0.1978707855173837,1.32491615306114,0.0,0.9867508384693886,0.06600042758829333,0.0,519.4132900144134,1236.2940467321598,38.42117527565813,25.960578263565978,3.573116467247638,33.1,34.81
3285,54,45,23.28152162162162,77.42730901856882,tree,0.6845806737594119,0.20626099877798756,3.100465244237138,0.0,0.9689953475576286,0.0,0.0,494.6403515431337,1073.365513114315,38.68360794835801,24.553456244923456,1.2704955572239616,32.16,31.94
3286,54,46,23.28152162162162,77.42828961980675,tree,0.6222521953631874,0.16745259265997828,0.0,0.016242995952407035,0.9910663522261761,0.08058911377058856,0.036061739319722175,514.3373863159661,1662.9048115258342,37.87284919008634,25.494142036863895,1.3234184130810545,33.69,33.75
3287,54,47,23.28152162162162,77.42927022104467,grass,0.46331772227888507,0.1908853708125828,0.0,0.0,1.0,0.1076672402590537,0.043254486723052515,507.1433024363587,1265.5245211668919,38.682262563165466,27.776323946761835,1.2403994924232256,34.93,35.22
3288,54,48,23.28152162162162,77.43025082228259,water,-0.036760672488885496,0.11223497085737913,0.0,0.0,1.0,0.0,0.0,498.05341353642586,0.0,38.58711858256098,21.827057827776407,2.2023347174774774,35.72,34.75
3289,54,49,23.28152162162162,77.43123142352052,bare_soil,0.11261542056119934,0.2800092794550888,0.0,0.025322105202106506,0.9860728421388414,0.22166308461135317,0.0,489.6541807155812,1780.9167990175338,38.3978477153153,31.92641393976907,2.469936152541386,36.09,34.92
3290,54,50,23.28152162162162,77.43221202475843,bare_soil,0.22489052294088735,0.2870412883993609,0.0,0.05231390063588524,0.9712273546502631,0.22351750183565666,0.0015717153314862078,507.744596200929,778.8122974916232,38.0069046379315,31.738779233870694,1.9786872914535059,35.88,34.63
3291,54,51,23.28152162162162,77.43319262599636,bare_soil,0.07855169700466404,0.290908952702884,0.2856035323169018,0.031863951124113554,0.9796187915585686,0.2596665460647588,0.0,500.3116142315071,2152.5379884209897,38.58673408937469,29.170778338924233,2.461750808478398,38.8,35.82
3292,54,52,23.28152162162162,77.43417322723428,bare_soil,0.08420677858274705,0.25855756749072367,0.0,0.005087419930800486,0.9972019190380598,0.22903042405112056,0.03314216893041307,491.7035899729459,1216.5123149714314,38.789618416393175,28.222494129501243,2.471165381131462,38.57,38.49
3293,54,53,23.28152162162162,77.4351538284722,bare_soil,0.1332927678837208,0.2815632303348621,0.0,0.0038653762540328237,0.9978740430602819,0.1592717626215947,0.0,505.45045169049814,1310.230673420443,38.28753852072349,26.70205151386715,1.9818551233711814,37.6,36.43
3294,54,54,23.28152162162162,77.43613442971012,bare_soil,0.15551371559866295,0.2639663612909656,1.56635495391009,0.051106408415967954,0.9562279258321168,0.28769944538786163,0.04255420719770795,503.078317178663,570.0581097614601,38.29540389568922,27.00962318197501,2.4134317776434826,37.49,37.0
3295,54,55,23.28152162162162,77.43711503094804,bare_soil,0.11360848624567513,0.2373201568288649,0.0,0.09775291626668442,0.9462358960533236,0.14884832443742813,0.0,506.5053295554092,943.6705262103007,38.817555524511725,24.878827002981723,2.0373547712297255,36.62,37.54
3296,54,56,23.28152162162162,77.43809563218596,bare_soil,0.16608044966519364,0.2448960991492051,0.0,0.05979407388094907,0.967113259365478,0.13389898825108432,0.0032293607262314948,502.33043506263584,941.1821313988278,39.18408844852246,26.286162792394624,1.928873752306497,37.42,36.57
3297,54,57,23.28152162162162,77.43907623342389,bare_soil,0.13451821247148915,0.2804694308261195,1.3363570123155075,0.09210976189792208,0.9359760608329878,0.3337605481495427,0.028533164616457295,499.1168464156849,1542.2225934203216,38.87584764734303,29.41530663587691,1.8522134946574196,39.64,40.26
3298,54,58,23.28152162162162,77.4400568346618,bare_soil,0.1060654653065524,0.23237852676330933,0.0,0.054105852927570065,0.9702417808898365,0.12676264348636973,0.0,495.3443852451422,1529.2443132049943,38.591785394859876,34.16141264396441,2.3119753508337646,36.98,35.56
3299,54,59,23.28152162162162,77.44103743589973,bare_soil,0.2626199560210075,0.25572051519196576,0.228037910471465,0.00028893326281401405,0.9975607076007376,0.18493770499204776,0.008091891463318334,496.2821020505334,2736.1953088734563,38.402709675684434,27.40109285779774,2.927815171507263,36.28,35.66
3300,55,0,23.28242252252252,77.38318196286234,water,-0.05501948773457289,0.06631567588254304,2.9589548171101083,0.012834602895710418,0.9633514202362582,0.0028973712738151556,0.0,497.99973064879936,0.0,38.48899961730267,16.76927141143317,1.4553294080117103,36.2,37.77
3301,55,1,23.28242252252252,77.38416256410027,water,-0.2,0.09112219417687747,0.0,0.043871587485523375,0.9758706268829621,0.0,0.0,506.20943223489553,0.0,37.96980344219344,23.877016526682397,1.893368077941714,35.95,35.56
3302,55,2,23.28242252252252,77.38514316533819,bare_soil,0.17134402832112725,0.2810038414102316,4.693807229674531,0.037787061874643556,0.9322790436722007,0.22048738782869381,0.04199705415762808,497.8168165131017,540.2395777001942,38.43824576423956,19.99033815664648,2.235361666399412,37.24,38.4
3303,55,3,23.28242252252252,77.3861237665761,bare_soil,0.1416556851246359,0.3382476766438581,0.0,0.02345724793491565,0.9870985136357964,0.1232405213193505,0.00906781782671456,500.6356752444267,1714.1957991488134,38.94795381638327,32.172597896693354,3.2373226782208917,36.91,39.03
3304,55,4,23.28242252252252,77.38710436781403,bare_soil,0.13260977675344207,0.3212055596464155,2.9160009111226004,0.0,0.970839990888774,0.254719644086506,0.0,496.1211394562598,718.0043873852641,38.51585394307055,22.268647638478406,2.4303331179645227,35.86,35.48
3305,55,5,23.28242252252252,77.38808496905196,bare_soil,0.1987178358943284,0.2709992436196076,0.0,0.02710330148134812,0.9850931841852585,0.17829915902766186,0.0,498.1278679449958,1131.723770325204,38.249800070315814,30.628638472141972,1.702166592475859,36.33,35.73
3306,55,6,23.28242252252252,77.38906557028987,built_up,0.24366607357180353,0.18988117159138165,12.199358984555161,0.3878060486738786,0.6647130833838152,0.9064380611984323,0.35974640008253456,506.52693103606583,1559.3150096100464,38.21280060615427,26.095643153998417,1.4249539198530037,44.21,42.27
3307,55,7,23.28242252252252,77.3900461715278,built_up,0.08770069750792626,0.16820937292971094,9.581789333161336,0.38754088641045215,0.691034619142638,0.8010281328528558,0.3154411107408754,479.76679435452826,1489.1168322874414,38.487293518448446,29.283637737852033,2.446121054949044,45.23,45.49
3308,55,8,23.28242252252252,77.39102677276571,road,0.07389119512184557,0.14256258843079503,0.0,0.0219954461404214,0.9879025046227682,0.9799644562829063,0.9795032643928123,494.7886366488054,1073.765539931746,38.00614526306693,36.332598106836656,2.002085778175473,45.18,45.52
3309,55,9,23.28242252252252,77.39200737400364,built_up,-0.013209991666521217,0.118492395648324,10.988676273156758,0.41044842151558336,0.6643666054348616,0.7657058582789849,0.3295419680611222,501.28252454594514,1927.4934159134548,38.13657812327917,24.64889351407289,1.2652489408970058,44.93,45.62
3310,55,10,23.28242252252252,77.39298797524157,road,-0.02070075766534249,0.1247019205024312,0.0,0.0,1.0,0.9361214381656061,0.9082264024029929,496.20165633657854,1729.5440784901398,39.11312700602833,23.997796535249613,2.8082816586999626,46.88,48.13
3311,55,11,23.28242252252252,77.39396857647948,built_up,0.03470180688608025,0.11267788291650416,11.833474207511003,0.4181946066438098,0.6516582242707946,0.8465877909197674,0.3601595068893575,491.92337859556847,738.6930282392102,38.085559810122135,28.312847153514916,2.052605139412765,45.49,44.57
3312,55,12,23.28242252252252,77.39494917771741,built_up,0.13917503475710696,0.13562208496568062,12.958775432078982,0.48684669653296075,0.6026465625860817,0.8922871533221761,0.295208486057921,499.06800958224096,1691.7365763545668,38.17938401389084,34.101311830925866,1.247720202198888,45.87,47.55
3313,55,13,23.28242252252252,77.39592977895532,built_up,0.1113647339028273,0.14551823730168487,7.52016951643015,0.4022521462507787,0.7035596243977702,0.8534663614523258,0.29296403925028686,506.34908562341724,1096.2994738788884,38.61653514730374,28.716660180673927,1.2302945178265283,45.65,45.4
3314,55,14,23.28242252252252,77.39691038019325,built_up,-0.03877908685137982,0.12300166767438246,11.0486308168391,0.43372463066300015,0.6509651449669589,0.9209810584366378,0.3731384144805342,489.0763497762956,394.76952368702064,38.32329429717324,28.17846285727462,0.7738457141625031,45.23,45.56
3315,55,15,23.28242252252252,77.39789098143117,built_up,0.063991009945522,0.14378630834673306,14.38449738837066,0.5335433167056701,0.5627062019281748,0.9392111258734991,0.33230599861315546,507.47641078521485,1337.4354745853268,38.535453575551706,28.67631976284404,1.5070740491661598,46.81,46.75
3316,55,16,23.28242252252252,77.39887158266909,built_up,0.014552808078634336,0.08336315513570011,12.396238552306595,0.378793557347989,0.6677011579355401,0.8074270273796943,0.3226066884044946,501.75001065935413,1750.74258577417,38.84515029428223,23.98131208832051,2.0660339393108806,45.27,44.58
3317,55,17,23.28242252252252,77.39985218390702,built_up,0.08076460749838735,0.12383352459792375,6.990218706142954,0.48262959865516303,0.6646515336782307,0.8514280756443762,0.3280125234496094,509.3287341163174,501.5923821360759,37.881167914270165,28.716910438141923,2.4039166826388048,44.61,43.53
3318,55,18,23.28242252252252,77.40083278514494,built_up,0.038907124748461516,0.13264916615500946,10.873970719622438,0.49304540920185363,0.6200853177427561,0.8731956915245412,0.3920388010233657,504.0185629630298,1026.660046277596,38.801698554578095,26.428677335295014,2.081894821110869,46.39,46.58
3319,55,19,23.28242252252252,77.40181338638286,built_up,0.05961092697595766,0.15365832967140955,11.913970450886119,0.47328588329399635,0.6205530596794409,0.875484164409818,0.35554223432183885,502.4687613408788,677.0674723609286,38.26704410492552,33.28984696251055,1.2020171945346045,45.09,44.22
3320,55,20,23.28242252252252,77.40279398762078,built_up,0.16098233667323958,0.10679981345644575,13.589939430653944,0.4516516985495155,0.615692171491227,0.9041173021888019,0.3853496337995945,499.9836014977925,1838.9375078947548,38.38556942270631,31.19195117004432,1.7177528451610633,45.91,45.71
3321,55,21,23.28242252252252,77.4037745888587,road,0.018756046821672916,0.13645075667959933,0.0,0.020248690379877938,0.9888632202910671,0.9333769837856273,0.9507788505347845,499.5887027700815,1490.8111711277195,39.26883675575354,22.705059601206557,3.0440043160413874,46.77,46.4
3322,55,22,23.28242252252252,77.40475519009662,built_up,0.039755003574375114,0.23220051013032972,9.215450918148594,0.4963677531970562,0.6348432265601331,0.8643895347619649,0.37152375485069133,495.87685892340807,1163.3136913546205,37.93895053459649,26.867466876367498,1.6162781539380413,45.41,45.08
3323,55,23,23.28242252252252,77.40573579133455,built_up,0.04613310587989499,0.1961942079883364,11.158742182583083,0.48104369768449967,0.6238385444476944,0.8168333166281636,0.3179894070517316,488.7913073680205,1370.3357331197874,38.73628108489305,30.111943754693428,2.2608874188607038,45.39,43.77
3324,55,24,23.28242252252252,77.40671639257246,built_up,0.0396309075474293,0.11608549572190327,10.405004714721587,0.5069254394500867,0.6171409611552363,0.8510837254573499,0.3510503307963945,493.90911613869855,1244.802749175287,38.95121176272007,24.073889115318657,2.190994013802651,46.77,43.92
3325,55,25,23.28242252252252,77.40769699381039,built_up,0.04025907632318072,0.14210543650212215,12.52030445942858,0.4100668940757559,0.6492601636640485,0.9514392009861139,0.37299150746133447,501.4416486855595,1190.1282019505618,38.22658772030106,23.682909127689676,2.2832795673754953,46.79,47.55
3326,55,26,23.28242252252252,77.40867759504832,road,0.15313980936642269,0.14410599309931205,0.8719100339819853,0.0,0.9912808996601802,0.9524729358104667,0.8778697448992648,497.05374077179755,1347.0197368363602,38.23290847419861,26.152078813884554,2.4501417911339263,43.22,44.23
3327,55,27,23.28242252252252,77.40965819628623,road,0.0680177338963506,0.12848437987091837,0.0,0.027552179119115977,0.9848463014844863,1.0,0.8609218504337347,502.4353797220116,2052.7051341624065,38.352532841067635,29.3777642268129,2.637953009937085,45.58,43.27
3328,55,28,23.28242252252252,77.41063879752416,road,0.012512128398058375,0.03434541077393158,0.0,0.0,1.0,0.9482820065936644,0.9010373607539232,507.4468435793668,1398.623316507104,38.22421762797156,32.14860944289453,1.3110685551278114,46.43,46.81
3329,55,29,23.28242252252252,77.41161939876207,built_up,0.10057925005870941,0.17678694159886338,11.581609919338938,0.5043277502581072,0.6068036381646515,0.9597205911247513,0.37341124943598414,504.6623685913361,623.9005525792377,38.52658839830162,28.928297424295582,2.62018812169112,46.39,46.59
3330,55,30,23.28242252252252,77.4126,built_up,0.05500554664786751,0.109911302031418,17.202618242139366,0.4229988595513332,0.5953244448253731,0.8957069485964406,0.3732448467405183,487.17309208910916,1578.3104374758532,38.85704243005369,37.84934525908227,0.9353971424572599,48.12,46.93
3331,55,31,23.28242252252252,77.41358060123792,built_up,0.06447806309591154,0.10037337561020132,13.90626495754265,0.4595260415714052,0.6081980275603006,0.8397532183637618,0.32976999719566613,492.96703255964223,413.4706753918018,38.35470651248559,25.29295815487811,2.012978123239853,44.06,44.87
3332,55,32,23.28242252252252,77.41456120247584,built_up,0.12781007459724086,0.1497462836290963,13.630906618655182,0.48166259594341027,0.5987765060445724,0.8525648263139889,0.32055785047490554,493.97358442664705,1864.4855139468573,38.871421740507856,30.961406312118534,1.8225171858006664,46.64,47.66
3333,55,33,23.28242252252252,77.41554180371377,built_up,0.13307254259992296,0.12315642906415997,9.21258044180343,0.41352997169806477,0.6804327111480301,0.818291217462457,0.35430817411970195,500.9469453444701,1086.3395380494778,39.0604042345037,23.563611039077653,1.5913848808974522,45.92,46.87
3334,55,34,23.28242252252252,77.41652240495168,built_up,0.10005332283590783,0.10884915031567781,16.6857736216094,0.48691792814958335,0.5653374033016351,0.864742136526553,0.32375184562068476,502.49191438713586,2054.5868854747227,38.67242375147617,34.44390727024878,1.3341285295422507,46.91,48.48
3335,55,35,23.28242252252252,77.4175030061896,built_up,0.0206398928941334,0.10653217311287916,10.708299331375667,0.47783340853213585,0.6301086319935685,0.8239299486777865,0.30837357036603025,499.60270148501377,1801.6806826993663,38.71019342457751,33.43764501533675,2.1555419533931874,45.25,46.15
3336,55,36,23.28242252252252,77.41848360742753,built_up,0.07101087147022381,0.1371068287491154,13.670284421218971,0.5240894910571141,0.5750479357063975,0.9186613986966449,0.3596016555043569,499.97874864934613,531.4200719875623,38.26241817147546,30.846031036940058,2.2251177493273473,45.15,44.4
3337,55,37,23.28242252252252,77.41946420866545,built_up,0.12439767762603608,0.11466450781871977,10.557763178410129,0.4981014483450787,0.6204665716261054,0.9270762524304736,0.3790582796650291,499.6997365074085,543.5075296494932,37.45081321697964,21.054665921803654,1.813554750464331,44.31,44.33
3338,55,38,23.28242252252252,77.42044480990337,built_up,0.17132679626391523,0.138302605429167,11.945152308431913,0.5124786420926993,0.5986852237646962,0.8275974637630459,0.3198798473684065,494.7432487169002,712.5471457727228,38.73428186858873,30.8089649768998,1.7011526452072274,44.41,44.76
3339,55,39,23.28242252252252,77.4214254111413,built_up,0.01235797572411583,0.10283232285826616,15.015778018535768,0.5139899956795648,0.5671477221908816,0.8088601070157977,0.3855360943471226,502.4745021833547,889.6349480171954,38.81859044945187,24.72346906428641,2.454826133949123,45.02,46.39
3340,55,40,23.28242252252252,77.42240601237921,built_up,0.006450160320721307,0.15024341292274007,17.155396467617322,0.4766723096296375,0.5662762650275261,0.8999326488297853,0.3415312856121559,507.3746794745003,986.4715181675201,38.59697772898806,29.814488315327374,1.6091952061722878,46.74,46.51
3341,55,41,23.28242252252252,77.42338661361714,built_up,-0.06431967116618291,0.11834794411583038,12.720387651439953,0.5250557425159931,0.5840154651018042,0.8423250171683162,0.3511926141434643,495.3018510030844,1852.9915729953502,38.86390765300083,22.181411974802437,1.8128357834721278,46.99,46.42
3342,55,42,23.28242252252252,77.42436721485505,road,0.1200413712607394,0.08971267026376835,0.0,0.0,1.0,1.0,0.9554088370013761,493.7456436788129,1220.2677162979285,38.28069474423382,29.079929100338376,2.0778359604042373,45.8,44.31
3343,55,43,23.28242252252252,77.42534781609298,tree,0.6461805073804271,0.20384769627622498,0.0,0.0,1.0,0.03164926502687816,0.003940985192279596,502.9204669472233,1679.993143358316,38.70740621858116,26.585784554768047,3.6824760625694424,33.03,33.82
3344,55,44,23.28242252252252,77.42632841733091,road,0.09684803648476537,0.11478894553015569,0.0,0.0,1.0,0.8915990053766542,0.9492314541453196,493.1919082975127,1719.6013466712816,39.088857547237076,24.88706282218282,1.6960136671740722,45.84,46.03
3345,55,45,23.28242252252252,77.42730901856882,tree,0.707956752142445,0.20241257980582728,0.0,0.0,1.0,0.08023951337359544,0.031105358786040427,502.57765810958546,1077.7314974494022,38.76626716387648,30.37040758950405,2.6988578441871045,32.24,31.46
3346,55,46,23.28242252252252,77.42828961980675,tree,0.7673634052738751,0.19934318607200238,0.0,0.0,1.0,0.10073703880338047,0.0,486.4608334331132,1070.1327527974,39.03710230881146,27.794801572934407,1.1803897419701554,32.5,33.19
3347,55,47,23.28242252252252,77.42927022104467,grass,0.4812441515338403,0.2061855595506708,3.2323656492594277,0.09218110259354287,0.9169767370809572,0.0037461230817555646,0.014640227490734669,481.74526862444486,1485.606874739169,39.03966260691786,27.180156861097267,1.5712710003837258,34.25,33.94
3348,55,48,23.28242252252252,77.43025082228259,water,-0.1407913470018652,0.06572583540654764,2.8702298482439486,0.0,0.9712977015175606,0.0,0.0,510.1642202110598,0.0,38.01144623644642,22.948770556245695,1.991345631656807,36.42,35.23
3349,55,49,23.28242252252252,77.43123142352052,bare_soil,0.10236671562829353,0.24174263597895673,2.085243262376565,0.137733778993952,0.9033939889295607,0.18821561879495907,0.0,509.93354196464566,621.8999893772456,38.78767243057006,35.61583248212722,2.039447741059865,37.18,38.38
3350,55,50,23.28242252252252,77.43221202475843,bare_soil,0.09799952920036363,0.20083870630081813,0.0,0.0,1.0,0.2629416426337464,0.0,506.2384770253987,1153.0691297837345,38.24721818033583,29.10269462192189,2.035346541682021,37.78,35.92
3351,55,51,23.28242252252252,77.43319262599636,bare_soil,0.12752186759611037,0.2956666323995453,0.0,0.0,1.0,0.15939868716345962,0.030359195201164632,484.786091787738,2062.553901090886,38.05700664044233,20.776106004591966,2.140354843437022,37.24,37.37
3352,55,52,23.28242252252252,77.43417322723428,bare_soil,0.1279093036687844,0.26987815269433524,0.665212030568526,0.0,0.9933478796943147,0.19109759269759122,0.0,503.00068747047936,1202.6850315897352,38.38573827669111,21.76688061635855,1.7818296326789196,37.66,37.56
3353,55,53,23.28242252252252,77.4351538284722,bare_soil,0.13124813803230428,0.32449419539241614,0.0,0.0,1.0,0.1174292218827962,0.032001288092413545,499.86012286803987,1269.5061673757405,39.20166361677197,28.275658768721847,2.9725429676481814,37.25,35.78
3354,55,54,23.28242252252252,77.43613442971012,bare_soil,0.11055833133074897,0.26265430470916845,6.240069868229439,0.0019108295833320033,0.936548345046873,0.21482584180862593,0.0,507.08085438249185,1218.4713335062127,38.28247995509847,32.105881847183255,1.5591440749780594,38.8,39.09
3355,55,55,23.28242252252252,77.43711503094804,bare_soil,0.14674880706759472,0.3070700178845511,0.0,0.0,1.0,0.08361316120471651,0.0,494.54074457136693,728.4733587011028,37.796713430131604,28.53883221364462,2.6466732207418855,35.97,35.35
3356,55,56,23.28242252252252,77.43809563218596,bare_soil,0.2071851559982677,0.30948299418604974,0.0,0.007685523405597959,0.9957729621269211,0.15913781198599508,0.02467175779384354,493.60282452127905,1050.6976085985204,37.922156760149726,30.046262312875307,2.6021655388743232,36.17,37.69
3357,55,57,23.28242252252252,77.43907623342389,bare_soil,0.17778236348269766,0.3045802283117294,3.7737004957865175,0.0,0.9622629950421349,0.12721690511765987,0.046851748517228585,507.4166985520478,1654.904164734935,38.691351746092806,27.76472170808488,1.6066729363034638,36.3,37.2
3358,55,58,23.28242252252252,77.4400568346618,bare_soil,0.07537494444507899,0.24787593168225935,1.3399106760688975,0.0,0.986600893239311,0.184601336652854,0.12626040279754033,517.0315891288047,1758.0418237241604,38.19646988868326,31.84838257057931,1.969192516877234,38.24,38.44
3359,55,59,23.28242252252252,77.44103743589973,bare_soil,0.08026398291137773,0.25833025807714427,1.7894764738768076,0.07484952485123597,0.9409379965930521,0.17441823577281368,0.0,500.70169218268313,688.4758602012914,37.68272558434799,30.466423299469124,2.146569450705856,36.42,34.18
3360,56,0,23.283323423423422,77.38318196286234,bare_soil,0.038496585933040506,0.24471980574742375,1.3651453909856015,0.01359973521068281,0.9788686917242685,0.25684750373627685,0.0,487.8646976649939,1650.7142666593586,37.937954961661035,23.921692718912215,3.178157360693571,38.07,37.57
3361,56,1,23.283323423423422,77.38416256410027,bare_soil,0.06767821025952123,0.25601706650924955,2.5318786779067826,0.0,0.9746812132209322,0.17820429713502162,0.0,498.4846362896932,1744.103028423839,38.56676731300636,29.79120697332157,1.9584580991618148,37.7,37.13
3362,56,2,23.283323423423422,77.38514316533819,bare_soil,0.04739973616441771,0.27435652020477086,2.905929873022459,0.10663758368957717,0.9122900302405079,0.1321680655808149,0.023240249925268963,498.4791070624593,1331.3434124369498,38.8117942588003,21.829466933659276,4.220714073857426,38.16,39.25
3363,56,3,23.283323423423422,77.3861237665761,bare_soil,0.07262509442688042,0.3026741331164542,1.7612352297862055,0.12614377847985853,0.9130085695382157,0.13394603437591654,0.0,516.4378508240671,1334.242672444839,38.32171375813156,29.792095819556454,2.5681417108436744,37.59,37.75
3364,56,4,23.283323423423422,77.38710436781403,bare_soil,0.09259212627189391,0.28564724143924547,0.0,0.01879301079441199,0.9896638440630734,0.19598690150665957,0.05295115117464691,506.85610446731187,1810.1664678532954,38.75959153054101,26.869994009655404,2.396151739160621,38.82,39.11
3365,56,5,23.283323423423422,77.38808496905196,bare_soil,0.13145015783091202,0.32813038962104757,1.4406326789425228,0.0,0.9855936732105748,0.15953877803007321,0.0,504.71064056789277,654.3862242055894,38.865971865158706,28.64277589420772,2.7147930248469416,36.84,37.76
3366,56,6,23.283323423423422,77.38906557028987,road,0.03930635755707562,0.08501378490432521,0.0,0.0,1.0,0.978810422413384,0.9805509944749015,494.59250868361283,262.8111223719766,38.186515813101416,21.296062499072143,1.1688516259058364,44.6,46.07
3367,56,7,23.283323423423422,77.3900461715278,built_up,0.2692600369166738,0.17353390232769408,12.766904577995007,0.4563862145627625,0.6213185362105305,0.8546184923298504,0.3445999546098216,510.84633126364156,1956.3563416681902,38.45151230930409,29.126548452252127,2.4633822141066237,44.24,45.55
3368,56,8,23.283323423423422,77.39102677276571,built_up,0.1169112063568147,0.16647493581966297,7.512012138593348,0.3706013850154864,0.721049116855549,0.9351907391309803,0.3821737700698713,488.30383320899045,997.7761987919699,38.25980724890826,33.669898453343414,1.2493937727889586,45.3,45.79
3369,56,9,23.283323423423422,77.39200737400364,built_up,0.17245740388160624,0.1536565145119605,11.231884244756998,0.4023336323050534,0.6663976597846507,0.8458219303425857,0.32903028386513405,493.33128977571187,1750.4664700565936,38.71555199787197,28.136318944102147,2.358596637919764,44.28,44.04
3370,56,10,23.283323423423422,77.39298797524157,built_up,0.0942527235814013,0.16121159299946253,12.307320363195009,0.47019732809009784,0.6183182659184961,0.8727321256065171,0.3829443841091952,501.33826431597015,754.0711510944989,38.25510643566031,28.755669136260586,1.562880322556713,45.3,45.69
3371,56,11,23.283323423423422,77.39396857647948,built_up,0.06646298056688124,0.15769757897714834,12.793159675397217,0.4800904884814481,0.6080186345812314,0.8270039804742542,0.35903992928336514,498.9667606351346,2022.9800738982226,38.01472911640243,33.31926682448932,1.4506873993619396,45.59,45.56
3372,56,12,23.283323423423422,77.39494917771741,built_up,0.10258691551502228,0.15186782639064922,11.162863556405764,0.40380076663049974,0.6662809427891675,0.7775665132833239,0.29955191584467794,501.4307556950713,1221.5017687800835,38.52103464455526,35.58720329070027,2.8278681565864847,45.82,46.53
3373,56,13,23.283323423423422,77.39592977895532,built_up,0.09106540526747181,0.16824167758564265,11.63175158680395,0.4048765813636325,0.6610003643819625,0.8395011891377463,0.359756272216991,496.9599840851176,1710.832080767142,38.94413798470211,27.929162686045046,1.8499944457891913,45.87,45.36
3374,56,14,23.283323423423422,77.39691038019325,built_up,0.07932356282645467,0.1475498694828611,9.499423629566493,0.48248152382007825,0.639640925603292,0.9219482837437103,0.2954741147803341,503.2071126486614,1109.5257909524478,38.704229102118894,25.951657906448684,1.0966653552354648,46.96,47.77
3375,56,15,23.283323423423422,77.39789098143117,road,0.04704215012754158,0.12356280961781921,0.0,0.03797433939003606,0.9791141133354802,1.0,0.998992197547012,492.44302287634423,1133.51303484904,38.902734103824194,26.149943627129634,2.761605817161468,46.11,46.15
3376,56,16,23.283323423423422,77.39887158266909,built_up,0.047665050845665954,0.08254262748544093,10.253228100028554,0.3879833543584082,0.6840768741025899,0.8667263166393974,0.28474208378502724,492.1636119883411,875.4924522810768,38.86760856404542,29.802888151947748,1.2821478203622048,47.28,47.63
3377,56,17,23.283323423423422,77.39985218390702,built_up,0.12620961348092008,0.22333324836021365,12.683931098415282,0.396556371855597,0.6550546844952688,0.8160450098685238,0.37632232323026976,489.23196418305974,1670.5518422972102,38.51685943069658,27.186449499306754,2.6002448908194062,45.58,44.5
3378,56,18,23.283323423423422,77.40083278514494,built_up,0.09640457927762604,0.1362478546019957,7.828360720872459,0.49979764936135546,0.6468276856425298,0.8119187754726874,0.356147689212891,498.7427179522951,318.038272020976,38.261004735987,21.00299740386374,1.8808574511479161,44.04,43.79
3379,56,19,23.283323423423422,77.40181338638286,built_up,0.06615886651479289,0.10369148072425444,10.51729814159133,0.48066045151007397,0.630463770253546,0.8851229990416006,0.34927012562058096,492.9284557964437,774.7929036694275,38.152108148641744,32.49219499650703,1.2234855785301324,45.48,45.88
3380,56,20,23.283323423423422,77.40279398762078,built_up,0.040113641546693425,0.07588806727735857,12.429336620543053,0.38057145308626905,0.6663923345971215,0.853809785453774,0.2916225894664877,490.34996461855985,1422.2164394476986,37.86535682022906,31.261555204491543,2.3334647188629902,45.67,45.51
3381,56,21,23.283323423423422,77.4037745888587,built_up,0.08147416359116814,0.0834547293617465,10.93977723222162,0.4814210253582889,0.6258206637307249,0.8190354688659957,0.3362739298208545,501.95257962819176,1100.5546739558445,38.97581982171254,32.58657253980794,2.136632224296069,45.83,43.72
3382,56,22,23.283323423423422,77.40475519009662,built_up,0.020464622423008595,0.1406690687582989,11.700428761100506,0.5585572114514823,0.5757892460906797,0.8448458608749252,0.3553989070786932,502.0782900219874,908.2630204505733,38.367757966392304,33.37650203234804,0.7688581952397497,45.16,44.05
3383,56,23,23.283323423423422,77.40573579133455,built_up,0.03680462903663806,0.1537930308517304,13.66180945854081,0.5800725586574054,0.5443419981530189,0.8871207700330229,0.38037117195874987,505.7418831869222,716.4161011397966,37.81809180950151,28.762450485484326,1.7679064867368501,45.57,45.88
3384,56,24,23.283323423423422,77.40671639257246,built_up,0.004521569917129667,0.10989222079649374,14.27589108737623,0.5501686862243149,0.5546483117028644,0.8867001386190555,0.34332259782406516,513.4133962197484,832.8912754164385,38.993730087428396,29.04221173426671,1.9554608479087912,46.99,48.34
3385,56,25,23.283323423423422,77.40769699381039,built_up,0.011110803339608219,0.1475897576599364,15.840237050611918,0.4395798311019054,0.5998287223878328,0.7647603105097357,0.35150817794940176,506.17149519304746,433.4173833345219,38.53770678083756,32.026633251465704,1.9690654799774692,44.82,44.61
3386,56,26,23.283323423423422,77.40867759504832,built_up,0.13864209727143167,0.09899608602216474,14.467672982530956,0.38414523651711757,0.6440433900902758,0.7762574065295299,0.37474873667548936,509.7261561692236,1039.4723625742713,38.88710772161676,23.13981697764715,1.7916994345531396,45.25,44.81
3387,56,27,23.283323423423422,77.40965819628623,built_up,0.22372066604633722,0.10932212294188291,10.102392198977064,0.47059866276609025,0.6401468134888797,0.8325096165547001,0.36133928698264534,494.05715800721856,1324.0254965087533,38.39538332751081,26.59010210395049,2.2659779173861905,43.8,44.75
3388,56,28,23.283323423423422,77.41063879752416,built_up,0.11261654130392625,0.1884014331442898,11.489964310608588,0.5037985828597371,0.6080111363210586,0.8802921040991032,0.34971082265018877,498.306668872889,5.683357918825777,38.182690503355204,19.762704364767952,2.14289006108054,43.15,43.16
3389,56,29,23.283323423423422,77.41161939876207,built_up,0.08500360781095155,0.15786495643615972,12.586735480932566,0.4485828052478178,0.6274121023043746,0.7660392454605257,0.3681223173295801,500.2650422242705,1730.910389853678,38.678299534293906,31.68774904638832,1.8880245896003767,45.25,45.92
3390,56,30,23.283323423423422,77.4126,road,-0.05696382242010167,0.09589074202501746,0.0,0.05126595244605672,0.9718037261546688,1.0,1.0,504.17139693650256,1430.0256613789975,38.71145400649528,25.84556936980773,2.0349708131292368,47.86,47.59
3391,56,31,23.283323423423422,77.41358060123792,built_up,0.10616502544206004,0.15719317317361944,12.853966778968953,0.5186379564741479,0.5862094561495291,0.9569996525413895,0.3587471757790175,500.1920542191903,1134.9721278975571,38.388039688554784,25.151403059754553,1.910025223633424,45.58,45.21
3392,56,32,23.283323423423422,77.41456120247584,built_up,0.07105448725926591,0.14739266463598033,12.258578666377087,0.5441491743302175,0.5781321674546095,0.9022029985394391,0.43663739756216,499.8116800787368,1181.8821406804364,39.025411224287254,26.276130161735164,1.5276606024143249,46.31,47.05
3393,56,33,23.283323423423422,77.41554180371377,built_up,0.0948183854710343,0.145987789076966,15.515795150725909,0.4044602667530448,0.6223889017785663,0.8730354356452409,0.4298307714340152,510.90356850537466,1664.553616224972,38.87818768033955,29.878521060252837,1.3468673521370034,46.26,46.87
3394,56,34,23.283323423423422,77.41652240495168,built_up,0.13052366006387842,0.122126557636234,10.780991628436334,0.4468788035300758,0.646406741774095,0.7930772608992586,0.3878643432934315,511.74690602176014,1261.2563455871677,38.725905597799674,27.726896900684913,1.3099253338152026,45.18,44.89
3395,56,35,23.283323423423422,77.4175030061896,built_up,0.12828711825665476,0.14880406537150298,14.032484336224606,0.37591734717044367,0.6529206156940099,0.8657338442644199,0.3329784061262093,499.67871881891347,1161.748165326999,38.05601114004593,22.19706060709459,1.8428935206819477,44.89,43.88
3396,56,36,23.283323423423422,77.41848360742753,built_up,0.03706395019709891,0.10773170348079737,10.691084882647367,0.40667063310519835,0.6694203029656671,0.792239656779587,0.30928434732113774,488.51933235800175,1319.1062214435951,37.9996563898218,22.98569249990304,1.4625016054502509,45.89,44.39
3397,56,37,23.283323423423422,77.41946420866545,built_up,0.02597020393710383,0.0841047557713154,11.488812497731622,0.42028260309966203,0.6539564433178696,0.9229541326987961,0.3553165755594729,488.23616106530994,1345.9257164585529,38.97960703397659,28.54641515277992,1.8133899871758563,48.16,46.78
3398,56,38,23.283323423423422,77.42044480990337,built_up,0.08509854259200142,0.13284172629123653,16.35533811953664,0.4235752484524006,0.6034802321558133,0.9017573078051715,0.3336191279195302,499.85314829368775,694.5022589375892,37.62466216516256,28.67961020225278,2.5225416104983505,44.53,43.96
3399,56,39,23.283323423423422,77.4214254111413,built_up,0.03883551889798683,0.1269188144530147,7.584859958984693,0.48565605765666015,0.65704056869899,0.8557446950819281,0.290091726355592,505.27962414950434,1806.73481513844,38.46360824728622,28.110339933615013,1.7910005511652507,47.8,48.08
3400,56,40,23.283323423423422,77.42240601237921,built_up,0.040128865910771486,0.1164568978817021,15.029717914998235,0.4840377871564455,0.5834820379139727,0.8432038134242605,0.38258248558070046,502.1928827522771,1802.1588740460998,38.55865773920603,26.117151921318953,1.9025532608332163,46.53,45.03
3401,56,41,23.283323423423422,77.42338661361714,built_up,0.07899473595801594,0.1527941675769858,14.892500172365377,0.33663003278741266,0.6659284802432693,0.9067124037230112,0.3297957682906955,503.99957999818776,1930.5620558730902,38.30411472347319,31.150589811238344,1.787128775149665,47.02,45.58
3402,56,42,23.283323423423422,77.42436721485505,tree,0.7016460610276585,0.166334453251654,0.0,0.0,1.0,0.15995619026724706,0.018299336368585252,513.1647237354593,943.3345228954092,38.48587150296045,29.47592235605874,2.983904063563132,32.87,33.21
3403,56,43,23.283323423423422,77.42534781609298,grass,0.4520403352849378,0.2483279248989652,0.0,0.0,1.0,0.14534011718933973,0.021478641872473475,496.13540742655806,1679.8062350984,38.668118834324936,29.33964310851748,3.1946751814594148,35.29,36.7
3404,56,44,23.283323423423422,77.42632841733091,tree,0.8040669297315534,0.22680399721676775,0.0,0.0,1.0,0.02642100046345552,0.04874082341256948,490.4256175287836,565.0563684353025,38.26511170535134,29.48158873830624,1.9182818951349523,30.51,31.49
3405,56,45,23.283323423423422,77.42730901856882,tree,0.6771397138790117,0.15185332388345166,2.210900762811583,0.04084859868960587,0.9554242630926009,0.025915938432670708,0.01224533150827457,479.68213463122447,920.2855745990694,38.85256412416491,34.38965870710795,2.5896665381641975,31.75,30.09
3406,56,46,23.283323423423422,77.42828961980675,grass,0.5246372105737948,0.20464540134478254,0.0,0.06881125428397056,0.9621538101438162,0.04427599043808135,0.09184240856865475,523.1032999631752,1108.7926856927884,38.7329902138492,23.90291088986393,3.40238979117896,34.62,34.97
3407,56,47,23.283323423423422,77.42927022104467,grass,0.5246266931831796,0.16993198664871662,0.0,0.0,1.0,0.14112099476368045,0.03006976228301581,498.5087857295477,533.2174383188028,38.42801655770497,26.315718273050546,1.5036188876174896,33.04,33.9
3408,56,48,23.283323423423422,77.43025082228259,bare_soil,0.11235900439053365,0.260691645374774,0.0,0.0,1.0,0.20959696089906407,0.0,499.94786068423934,309.92029244833054,38.16942747459335,26.65462907875152,2.7881946818349412,35.65,35.2
3409,56,49,23.283323423423422,77.43123142352052,bare_soil,0.1501883124547474,0.2872214002112929,0.0,0.008075847926763356,0.9955582836402802,0.24670841404286753,0.0,500.5335665351479,558.2540560693307,38.463735650429655,33.030663262858,1.153514424883513,36.3,36.09
3410,56,50,23.283323423423422,77.43221202475843,bare_soil,0.12525649866789684,0.27223437916084153,0.0,0.042420651484747995,0.9766686416833886,0.24092549143393258,0.05346836285920524,496.8289775521187,1579.37843361451,39.344268091262634,26.504985869600386,2.1970771805964784,38.43,38.73
3411,56,51,23.283323423423422,77.43319262599636,bare_soil,0.15039829695247264,0.2688637236230783,0.2930069772130092,0.0,0.9970699302278699,0.2697443139366717,0.042408655027586104,497.3130763943228,1042.5827903003192,38.19702851268994,24.830162555721497,2.1134711935350685,37.06,37.5
3412,56,52,23.283323423423422,77.43417322723428,bare_soil,0.17745691552117315,0.3201990796810844,0.7888376824218701,0.03292861347756452,0.9740008857631208,0.26515657424024597,0.0030085707239607944,500.66776504437644,1506.691722660057,39.11231229008847,27.576764929209258,1.163563755758207,37.38,37.72
3413,56,53,23.283323423423422,77.4351538284722,bare_soil,0.09426009959555343,0.33097134960055785,0.0,0.003064315376693088,0.9983146265428188,0.2958188045917469,0.0,501.72766775677263,951.5519958824154,37.79792738132307,28.418296964516532,2.8516139783302226,37.61,38.26
3414,56,54,23.283323423423422,77.43613442971012,bare_soil,0.12001015898265147,0.24382360049862464,0.0,0.0012388587552693358,0.9993186276846019,0.21191600302683092,0.04582578472852843,481.40928378572454,1237.8649787177483,38.15568550937826,32.78552972061277,2.2879575229656117,37.39,37.58
3415,56,55,23.283323423423422,77.43711503094804,road,0.019518483652279074,0.10807165048788593,0.0806889623833335,0.0,0.9991931103761666,0.9026501666027512,0.9586842442235092,492.045986697497,1521.5667198511537,38.28294811940188,26.48125412862772,1.6431186362894064,45.3,44.74
3416,56,56,23.283323423423422,77.43809563218596,bare_soil,0.06376790691759818,0.3007816594904478,0.0,0.0007478980029699653,0.9995886560983666,0.18768275755912006,0.0,498.13613328856053,1930.8251615232402,38.879635492347106,25.250196015529685,2.3967542370232477,38.78,38.38
3417,56,57,23.283323423423422,77.43907623342389,bare_soil,0.02793763392770547,0.2605559098567933,2.6416513083676825,0.04098866551459403,0.9510397208832964,0.26717651854886454,0.0076303072308942605,489.4536709139797,806.2677688866728,38.52214286221897,24.36061477938817,2.688595259009952,39.66,38.96
3418,56,58,23.283323423423422,77.4400568346618,bare_soil,0.10207733153339349,0.30282090066040485,0.0,0.0,1.0,0.21984675048213595,0.011108858630346006,496.47529513262725,879.9840132054849,39.02402860823664,26.622858935577817,1.1387325258976617,36.79,36.38
3419,56,59,23.283323423423422,77.44103743589973,bare_soil,0.17681718601436494,0.31143439678961055,0.0,0.0,1.0,0.2333486401151535,0.0,502.92141967011673,1238.3891552768425,38.36694310685244,38.25461852837222,0.31101309772947605,37.87,38.38
3420,57,0,23.284224324324324,77.38318196286234,bare_soil,0.04699456459384509,0.3333202675963007,0.0,0.026215369012581174,0.9855815470430803,0.14394142300905366,0.07209359058555141,515.5790910079684,690.4883338211872,38.47845608858262,29.529668065267796,2.162263544092942,36.49,35.79
3421,57,1,23.284224324324324,77.38416256410027,bare_soil,0.11012637684071072,0.3198366723902132,0.0,0.020464945823395198,0.9887442797971326,0.11598272124348968,0.0,502.44034987476084,1125.9831238574318,38.36852745607981,30.39311257180761,1.7311977785826491,35.42,36.38
3422,57,2,23.284224324324324,77.38514316533819,bare_soil,0.09836788307031712,0.2345327743351185,1.6351658652811272,0.0,0.9836483413471887,0.27703466811877664,0.0,506.40562491672364,1751.2840048155767,39.310560512454764,27.99883702443123,2.983450167133277,39.86,38.97
3423,57,3,23.284224324324324,77.3861237665761,bare_soil,0.06089530298818631,0.26272728494602093,0.0,0.0,1.0,0.1351165857931872,0.03135476957276089,494.49001794986975,1322.9129737652704,38.051903427999896,28.54953306427404,1.977748562314447,36.83,37.01
3424,57,4,23.284224324324324,77.38710436781403,bare_soil,0.18038120966936777,0.29715391292282317,0.0,0.05204661159464435,0.9713743636229456,0.2332769886528544,0.0,495.88761747016036,1860.4407244544227,38.29672122359543,31.14604581477781,2.3583461127715375,37.7,38.45
3425,57,5,23.284224324324324,77.38808496905196,water,-0.05327943065107445,0.034923042456074894,0.0,0.034768958017450266,0.9808770730904024,0.0,0.03219751350863405,515.4862964784962,0.0,38.10881507974915,22.250714985215488,2.0718426981503346,35.42,35.82
3426,57,6,23.284224324324324,77.38906557028987,road,-0.0253793009626984,0.11529517191382238,2.586532554318776,0.004945521241786724,0.9714146377738295,1.0,0.9180234798459104,494.21063888416165,1774.791665119561,38.72932498841878,29.396623370113627,1.2578784503801945,47.47,45.81
3427,57,7,23.284224324324324,77.3900461715278,built_up,0.03727626597710645,0.06241390673432519,9.471016198674285,0.38091214113858884,0.6957881603870333,0.9029255300590653,0.41583102434998565,500.6775995334343,1632.5034808696164,38.04359609717803,28.06447957805785,1.9483760185106749,46.14,46.26
3428,57,8,23.284224324324324,77.39102677276571,built_up,0.0872375810235116,0.15062210443231352,9.938688835545378,0.3928230273956687,0.6845604465769284,0.8135038586124628,0.42920342013036716,480.87017973955665,1570.5321457369525,39.22885858550332,26.590774875637937,1.2270975037172662,45.28,44.62
3429,57,9,23.284224324324324,77.39200737400364,built_up,0.09917290104520829,0.1511384532487273,7.613227791173106,0.29766854277391497,0.7601500235626157,0.8802887536362475,0.4036400394063704,501.7618332989089,1670.1058097653258,38.53227195412011,29.69736372394051,1.2430142667567545,45.92,44.73
3430,57,10,23.284224324324324,77.39298797524157,built_up,0.05251132455035594,0.14994721177714965,13.794045173663605,0.37373713314044876,0.6565041250361171,0.9092859050926501,0.2846171092239119,495.09597584471874,1523.3264121177863,38.66495202888071,28.33423166453139,1.3296599653227095,46.38,46.58
3431,57,11,23.284224324324324,77.39396857647948,built_up,0.19416864062943737,0.14042821745293094,8.299651707691112,0.4910079663890671,0.646949101409102,0.8436929160188648,0.3765911549542722,497.3246016854473,1304.9473530082455,38.685240999399255,36.53106352507685,1.2785549729556496,45.0,43.88
3432,57,12,23.284224324324324,77.39494917771741,built_up,0.04627297181355378,0.2077293066979552,14.0117266495077,0.49273703644782296,0.5888773634586204,0.8105769086293001,0.27699906439378047,497.6563654189495,2476.059515316856,38.49197629973895,32.20238022176996,1.7327016252055885,46.56,46.78
3433,57,13,23.284224324324324,77.39592977895532,built_up,0.06068761327042854,0.17155364223527222,8.615105882466965,0.3699307984623423,0.7103870020210421,0.8460103865869585,0.43438776105170407,508.80186271231406,175.84750718530518,38.54866574587118,17.30287587888111,1.7371914509513489,43.35,44.66
3434,57,14,23.284224324324324,77.39691038019325,built_up,0.12000384727443869,0.10553795444784178,9.610955513690815,0.4436599348749205,0.6598774806818856,0.9199217855262166,0.403970624327737,502.65253307485887,1360.5023666788852,38.53389250987522,23.321795421203085,2.0479826906820926,46.55,46.82
3435,57,15,23.284224324324324,77.39789098143117,built_up,0.1607727239102881,0.09273367848645857,16.014664829431865,0.3877948726533513,0.6265661717463381,0.8630306823729759,0.33014987864686873,490.7519256085652,1404.4084252323278,38.70769725393781,26.40714493001905,1.0679520059358232,45.95,45.74
3436,57,16,23.284224324324324,77.39887158266909,built_up,0.09419214163528973,0.1368382088230186,11.189499173884473,0.5070241114950058,0.609241746938902,0.9596401545076418,0.40011610286643745,502.21926846022467,341.5991293350662,38.171052373437085,23.667073267289798,1.7287210958020882,44.7,44.56
3437,57,17,23.284224324324324,77.39985218390702,built_up,0.11762934182103121,0.16014171057863585,13.617540819357075,0.37947458436573733,0.6551135704052736,0.8925031982902786,0.4124634477097196,492.1390216070706,1489.9134528560753,38.10316880095601,26.166754339420983,1.6475411138914133,44.48,45.3
3438,57,18,23.284224324324324,77.40083278514494,built_up,0.03129340161293779,0.13687190975236393,9.428374558873564,0.4244337067948486,0.6722777156740977,0.8328520670860635,0.36649099782940786,507.1228666472215,1743.7921039103364,38.82838723164716,24.12171818226647,2.01660483864839,46.21,45.93
3439,57,19,23.284224324324324,77.40181338638286,built_up,0.04088203806461967,0.1507960553777235,9.158125168525022,0.4415142491251877,0.6655859112958965,0.8521370426578767,0.31309852573214314,504.4728460101734,1046.7438170138096,38.49923288397024,26.691879859946027,2.035318118398238,45.46,45.04
3440,57,20,23.284224324324324,77.40279398762078,built_up,0.08926215200687343,0.17673525579463767,10.930012987985616,0.494256574014307,0.618858754412275,0.9221439098031419,0.40526414007126177,498.49491842996434,628.0398336223786,37.69741908298401,26.739516405843286,1.9440685253762944,44.0,43.16
3441,57,21,23.284224324324324,77.4037745888587,built_up,0.037404100519411634,0.09239952400217762,13.801858381720924,0.493453071417585,0.590582226903119,0.8558699325343805,0.2949545647139729,497.0777254734807,1795.1140486474367,38.30992397624691,28.588689389829657,1.3428539590042894,45.32,44.52
3442,57,22,23.284224324324324,77.40475519009662,built_up,0.11657983901580904,0.16349144589671558,20.43622008565407,0.47634475787596,0.5336481823116812,0.7420672957399261,0.3059560019321553,502.44444526263766,1105.8618577288657,39.11198972403498,27.172490166551725,1.8016612545356616,44.41,45.21
3443,57,23,23.284224324324324,77.40573579133455,built_up,0.06968073803466664,0.1353670487597928,10.275627278383645,0.48210086581597195,0.6320882510173789,0.919718038000265,0.4192935460771028,513.6318679504478,610.93998159287,38.43584915618492,24.390817146607187,1.6136312704334443,46.62,46.18
3444,57,24,23.284224324324324,77.40671639257246,built_up,0.07878948129842667,0.13058479767338238,13.778426132050422,0.46230904837552406,0.6079457620729575,0.8387186256003506,0.4081831715448954,500.7870273869138,1144.3961008981178,38.28760347198033,32.85960273674316,2.51985537101528,45.51,46.01
3445,57,25,23.284224324324324,77.40769699381039,built_up,0.10479429075690878,0.1602858130813873,14.056067551863897,0.5466379234009009,0.5587884666108656,0.7857191988251768,0.36297849426105605,499.18096429172385,926.2201417240838,37.90208246693059,29.611953202815727,1.8662429064587343,43.31,43.88
3446,57,26,23.284224324324324,77.40867759504832,road,0.07546683769758943,0.1488962881188155,0.0,0.08434687522297869,0.9536092186273617,0.9084176174956639,0.9736104575397354,492.8745135627611,751.124385644556,38.27286759574792,25.82214480942335,2.2059199422178817,43.86,43.0
3447,57,27,23.284224324324324,77.40965819628623,built_up,0.08360477017813506,0.12803531235006585,5.270309234899851,0.5034016450155688,0.6704260028924386,0.8889880292380181,0.34355746351767713,498.0828915827096,881.9298617677783,38.03449861997145,24.45549333566241,1.242753511855223,44.88,44.16
3448,57,28,23.284224324324324,77.41063879752416,road,-0.07268791617520305,0.055481352277408025,2.0090792786522833,0.053235035146285054,0.9506299378830204,1.0,0.9651701472343768,506.26175652265096,1423.8227049457437,38.671681831095086,22.13108633147264,1.8093085834947158,48.07,48.59
3449,57,29,23.284224324324324,77.41161939876207,built_up,0.032890714084517596,0.14667382225302256,11.727294931183742,0.46059902023937577,0.6293975895565058,0.9070102327355909,0.4129864559884412,481.22926108850527,936.6617984602761,38.519717096470444,21.83811631537452,2.006128288763804,46.11,46.24
3450,57,30,23.284224324324324,77.4126,built_up,0.061553797276430934,0.17484414830065015,8.846424871429802,0.3255032427414143,0.7325089677779241,0.8910467550376984,0.3885173574341556,485.7279640487863,1001.4744659120453,38.3546148307279,32.189834259513376,1.92242427838249,46.49,46.33
3451,57,31,23.284224324324324,77.41358060123792,built_up,0.171810884308724,0.10765868360423515,12.7201056924075,0.5001402726618446,0.5977217931119104,0.7786184215574541,0.32744632611798363,486.47330905635056,981.933053424613,38.19511287328889,31.765117948429143,1.8009255045254973,45.37,45.79
3452,57,32,23.284224324324324,77.41456120247584,built_up,0.032540397640938135,0.1462305711375867,14.039898869879329,0.5434546284941725,0.5607009656294117,0.9666140381392375,0.358307994026424,497.4674387717943,878.435016072907,39.110576196621025,25.66296266986741,0.9460911427998646,47.81,48.72
3453,57,33,23.284224324324324,77.41554180371377,built_up,0.022108020876262006,0.15344464060585966,11.191315215829036,0.49873077914649555,0.6137849193111371,0.8033486738182667,0.33135693082468476,503.4588273372091,1005.9222727783006,38.21787338485381,33.46472089578057,1.4471439794937762,44.91,44.87
3454,57,34,23.284224324324324,77.41652240495168,built_up,-0.03521928633184471,0.1395442154432721,10.390135621864989,0.5302333929560552,0.6044702776555197,0.8985555568950774,0.25868278422683944,506.41199116402123,1266.6601557541899,38.21936051338938,30.46705601595305,1.713078481990022,46.91,46.4
3455,57,35,23.284224324324324,77.4175030061896,road,-0.05904256813077066,0.13634970357893628,0.0,0.057268905736159115,0.9685021018451125,0.9476905817735336,0.8892781080074537,516.965983232525,303.49526308244265,38.40281278377142,28.813014101505694,2.8842071311288877,44.01,44.12
3456,57,36,23.284224324324324,77.41848360742753,road,-0.018361447325318823,0.09170238776902659,0.0,0.03493906877381973,0.9807835121743992,0.9828955967760524,0.9901721151013154,502.9753374169492,245.8043136217068,38.458752437428906,23.44775861650241,1.0571651659455896,45.54,44.82
3457,57,37,23.284224324324324,77.41946420866545,tree,0.7529914331461721,0.18701419567390842,0.0,0.10368626662601528,0.9429725533556916,0.08041740567434424,0.05766906972311224,507.812583700506,878.8965603853072,38.692818520487045,30.47384345188994,1.537655156779832,32.17,32.3
3458,57,38,23.284224324324324,77.42044480990337,tree,0.7580031085863014,0.1894808071118081,0.0,0.0,1.0,0.05121157988055044,0.04347717395426136,500.1299434669086,1005.3366365871843,38.872177903499065,28.614709741228932,1.0610724377216025,31.23,31.23
3459,57,39,23.284224324324324,77.4214254111413,road,0.031641479393605586,0.10139062251168848,3.8732982045144264,0.013512041312960577,0.9538353952327274,0.9556768669174707,0.8776789542724612,498.4223314319058,816.5725136879796,38.842229275772716,27.039827814778334,2.351014817847098,45.76,45.03
3460,57,40,23.284224324324324,77.42240601237921,road,-0.0068376568522957246,0.1382783389611209,0.19933915131064595,0.0,0.9980066084868935,1.0,0.886718533656923,505.5465585621279,876.8333027345092,39.471957740451316,27.571218591024152,2.909372665133748,47.36,47.0
3461,57,41,23.284224324324324,77.42338661361714,road,0.035214432713739335,0.1092528013519313,0.0,0.010476197595042267,0.9942380913227268,0.9840942115459976,1.0,501.79158729611555,1248.214343008539,37.82285040531589,21.568100889463516,2.4107429078424087,44.4,44.11
3462,57,42,23.284224324324324,77.42436721485505,water,-0.14257126382996346,0.09142685071209143,0.0,0.05750638648132764,0.9683714874352698,0.0,0.0,486.96693747171855,0.0,38.59234053173779,16.797081616917836,2.514116671446723,35.64,36.3
3463,57,43,23.284224324324324,77.42534781609298,water,-0.1254324095746403,0.10057781924747784,0.0,0.02657377487649892,0.9853844238179256,0.028991831092680994,0.008471911532771473,500.24698799084575,0.0,38.29179726689704,27.20064482258406,1.5715371525626425,35.64,34.85
3464,57,44,23.284224324324324,77.42632841733091,tree,0.6653584493101163,0.14774191391216138,1.3596815031610348,0.0,0.9864031849683896,0.07266959811812257,0.08203953840036013,496.34273967687716,860.1873440711231,39.303903947453755,24.69015941331989,2.408487910660711,34.05,33.32
3465,57,45,23.284224324324324,77.42730901856882,tree,0.7005430074646845,0.1811691337593004,1.5353470215127416,0.0,0.9846465297848725,0.1539273502075018,0.036833980598844525,506.24659511579716,1155.1829774866508,38.57024138973128,20.597372915409885,1.725854989564467,34.31,33.97
3466,57,46,23.284224324324324,77.42828961980675,tree,0.7807098737717277,0.17384181160759243,0.0,0.04526724103468781,0.9751030174309216,0.047135572675964126,0.029810587861014266,507.85506184658465,1257.1853874952071,37.68813114019829,31.615854040530287,2.213582339429193,31.12,31.63
3467,57,47,23.284224324324324,77.42927022104467,grass,0.4410450750158888,0.20393811086500108,2.6542021221208927,0.0,0.973457978778791,0.09744497592727248,0.04147630651492348,502.26228161729927,1709.2909226790384,38.673685511124596,28.994456757385773,2.4748960464686083,33.14,33.79
3468,57,48,23.284224324324324,77.43025082228259,water,-0.10418914752654462,0.12129153753873065,0.0,0.018538081731998647,0.9898040550474008,0.0,0.08372559925108426,497.1949061545284,0.0,38.6067329757016,21.219490204680472,2.0165852564665196,35.01,35.25
3469,57,49,23.284224324324324,77.43123142352052,water,-0.09311554063196667,0.07199679702831384,0.7862203495368296,0.061454412614748224,0.9583378695665202,0.0073652201234250874,0.007370792016740116,498.1668009559602,0.0,38.80309832650816,19.369905821355243,2.647235354803038,38.36,39.0
3470,57,50,23.284224324324324,77.43221202475843,road,0.035791786042413364,0.11022797718893874,2.933154263680693,0.0,0.9706684573631931,1.0,0.9441273958614764,501.18827748210055,717.9500933927006,38.210587664845974,31.643045661491115,2.0771846331316044,45.67,46.72
3471,57,51,23.284224324324324,77.43319262599636,grass,0.48371621014326144,0.19118570852817782,0.93347574067924,0.013784970378998685,0.9830835088847584,0.08371894451086334,0.0,517.284997485496,740.3752318658236,38.63113090720238,34.118699372581275,2.348178347808936,32.25,32.39
3472,57,52,23.284224324324324,77.43417322723428,grass,0.4663648104139687,0.19810581843840044,2.6200084687097864,0.0,0.9737999153129021,0.06240126132344802,0.05380626882519535,489.82434314501165,1078.4495225865646,38.39180544375773,25.91420602887463,3.299636674484446,35.38,34.66
3473,57,53,23.284224324324324,77.4351538284722,grass,0.4914147090416681,0.2652052783415589,0.0,0.0,1.0,0.11760688377471973,0.0,510.8609931493865,803.4463455833334,38.231455245188116,30.531526715229443,2.498492999279762,32.43,32.36
3474,57,54,23.284224324324324,77.43613442971012,grass,0.4237554043424151,0.22782533155423879,0.12809162111516018,0.0,0.9987190837888484,0.18607294482163184,0.0,491.02393901177965,1003.3757636437246,38.637089541385485,32.47398532607162,1.749471750033858,35.56,34.33
3475,57,55,23.284224324324324,77.43711503094804,grass,0.39301772543716185,0.2565866067875444,0.0,0.0778731516061295,0.9571697666166288,0.0860933148357273,0.0,483.1927694878456,1233.203652112799,38.561113877293785,25.68894414864515,1.8789628301818886,33.86,34.22
3476,57,56,23.284224324324324,77.43809563218596,grass,0.4078817935729323,0.2270948447270145,0.0,0.04779013353707447,0.9737154265546091,0.09287544021807224,0.013043662330930638,507.78603433413826,1474.2734191759266,38.920021277214964,34.038312046117056,2.695221379203039,36.45,36.01
3477,57,57,23.284224324324324,77.43907623342389,bare_soil,0.16647790021441372,0.3144598215128991,0.0,0.0019123939167036228,0.998948183345813,0.2421901971592222,0.0,499.18586116088136,1267.5663233228513,38.51079558126828,32.46066883100879,2.8244349634603094,36.34,36.44
3478,57,58,23.284224324324324,77.4400568346618,bare_soil,0.1424431442186461,0.2559667044643539,2.7386184114674257,0.0,0.9726138158853257,0.1770491357859742,0.0,509.8390547699222,357.39342315537965,38.74156103368493,23.031953291226014,2.154265801033473,35.92,35.84
3479,57,59,23.284224324324324,77.44103743589973,bare_soil,0.22721279881016665,0.32420111626302905,0.0,0.05134618875014572,0.9717595961874198,0.20650449179127983,0.07611645379338547,507.60522966038604,2517.286345402929,38.017026583102734,34.37991162545734,1.2692499329773552,36.87,36.53
3480,58,0,23.285125225225222,77.38318196286234,bare_soil,0.026271197402084806,0.28574036063950575,0.0,0.0,1.0,0.3124826399737567,0.02872801805045465,507.8763293596474,1717.6587637657249,39.057806866768644,23.241683668970122,1.6298478950470967,39.46,39.66
3481,58,1,23.285125225225222,77.38416256410027,bare_soil,0.14702770459152417,0.2643295622464272,0.0,0.0,1.0,0.06348029731679544,0.006718457042211475,501.9188001801373,1130.5654121235937,38.18911973117871,25.250222010217957,2.308447033563035,35.91,35.8
3482,58,2,23.285125225225222,77.38514316533819,bare_soil,0.11215909383967661,0.295751459993201,2.2120059227603575,0.0,0.9778799407723964,0.1602612129379201,0.040118377438848635,504.71205773541203,2092.199375186947,38.86117220233692,30.734656010636378,2.525680171250667,38.25,37.68
3483,58,3,23.285125225225222,77.3861237665761,bare_soil,0.1981755178353164,0.3524461949414226,0.0,0.07892820019087898,0.9565894898950166,0.15399926480235315,0.1057621138986521,503.63757519356085,1671.1917845382427,38.605247500823786,32.1658387638559,2.754193132387751,36.4,35.41
3484,58,4,23.285125225225222,77.38710436781403,bare_soil,0.17939553724572152,0.2393391011097658,0.0,0.005783680619676788,0.9968189756591778,0.21728597850391262,0.09330215684947918,492.4064008382854,2150.836979321317,38.55452949247299,28.394713122093457,0.9794374742390521,36.99,37.31
3485,58,5,23.285125225225222,77.38808496905196,water,-0.11593535533066653,0.07161427949625243,0.0,0.0,1.0,0.024326916299291613,0.0,488.7163424245481,0.0,38.804138164661694,17.480526959042926,2.7228819265631117,35.99,34.9
3486,58,6,23.285125225225222,77.38906557028987,road,0.057398339739186954,0.0679301598848624,1.4545749904011316,0.05902598205100001,0.9529899599679387,1.0,0.9635065597457293,485.5627948376671,1666.8823858951237,37.644007322394685,26.959547673182016,2.9987355576894426,45.56,47.18
3487,58,7,23.285125225225222,77.3900461715278,built_up,0.13803027960717834,0.11910397484342324,9.852650407457016,0.37943861345721497,0.6927822585239616,0.939363022641224,0.3397660125117645,507.13004713955985,1483.0390498879028,38.27059027094519,26.486062912521668,0.6699958248920873,46.18,47.34
3488,58,8,23.285125225225222,77.39102677276571,built_up,0.09196565182123188,0.1799140843293932,8.121151142938064,0.37489878190759507,0.712594158521442,0.8513592639154351,0.28972320169582916,509.8606666836794,1721.6828532119687,38.79845183101793,31.364886698950944,1.9442630290274858,45.99,44.56
3489,58,9,23.285125225225222,77.39200737400364,built_up,0.08203276427409029,0.13215863016933524,10.361026166351735,0.4066417275136794,0.6727367882039589,0.8526447565433899,0.32329998627465456,495.86336341121506,1283.8873075330064,39.26883724895454,26.376491104118966,2.307156120386308,46.48,47.04
3490,58,10,23.285125225225222,77.39298797524157,built_up,0.02404441082702808,0.14999971196306702,8.53386729053691,0.3312138433050211,0.7324937132768692,1.0,0.42759405638289916,501.15156032815935,1698.7501385025666,38.49025671267187,25.39261339485174,1.2083556340412978,47.62,48.64
3491,58,11,23.285125225225222,77.39396857647948,built_up,0.14125688225125255,0.13773668566439562,11.374153084100792,0.3732303206323397,0.6809817928112052,0.9127835204867474,0.4007773210831647,512.4953510295373,1390.0781739998076,37.524948320966914,22.091015074527693,1.6578550276092514,43.81,43.28
3492,58,12,23.285125225225222,77.39494917771741,built_up,0.2100682980852686,0.1377094667072698,15.930103160100478,0.3703195968473461,0.6370231901329548,0.7851279844715428,0.431112321080842,505.283016979915,1501.0494354692648,38.37311240972908,25.623080146788638,2.1679029120661117,44.49,44.81
3493,58,13,23.285125225225222,77.39592977895532,road,0.008370924243532012,0.08464552737501051,0.0,0.006927364212300941,0.9961899496832345,0.9724899667775301,0.8723768008855235,513.5500737061258,1016.6430508738755,38.475940057013716,27.52652008767467,1.8834890780472882,46.08,45.97
3494,58,14,23.285125225225222,77.39691038019325,road,0.10430456921394334,0.08883055803483053,0.38710627557301286,0.04861556547827714,0.9693903762312175,1.0,0.9392815737692563,504.0743512963589,1550.1136745766012,38.94378374430057,23.478401754327194,1.9575566485621818,46.78,47.39
3495,58,15,23.285125225225222,77.39789098143117,road,0.021124227445640964,0.07658845122984793,0.0,0.0,1.0,0.9813029389627743,1.0,507.2598594793861,790.4112191573108,38.519337212763766,21.02110269235058,2.3324842683923745,46.38,45.98
3496,58,16,23.285125225225222,77.39887158266909,road,0.14019133770480696,0.10763510974542717,1.680714156667133,0.0,0.9831928584333287,0.9573881665354429,0.991517538027254,492.96902083264297,1213.0233893363925,37.989309952200735,31.91983421209666,1.4880487626345316,44.0,44.91
3497,58,17,23.285125225225222,77.39985218390702,road,0.058254644878309045,0.0793118959899112,0.0,0.04536922248900566,0.9750469276310468,1.0,0.9683546471616168,505.2059763062205,731.1190944777042,38.88539861932488,23.998329680710498,1.5442941301437731,46.07,45.94
3498,58,18,23.285125225225222,77.40083278514494,built_up,0.1681804833496881,0.12869701743538345,14.467447191813262,0.46045279720395654,0.6020764896196912,0.8815848464490329,0.3737322470241317,504.4914810303332,1303.321483144741,38.72732672837092,22.762673484193098,2.08613312298702,46.61,46.32
3499,58,19,23.285125225225222,77.40181338638286,built_up,0.13815578374233295,0.11821853709701086,11.061384716263358,0.5084168844297616,0.6097568664009975,0.8586453176694875,0.33696240710497904,508.2789550240272,1569.5975382151187,38.22036253064204,34.278099079005024,2.3370744463771533,45.5,46.08
3500,58,20,23.285125225225222,77.40279398762078,road,-0.047989162300841645,0.1318979459238577,0.3433442075259296,0.035595077396630946,0.9769892653565937,0.9805352413097498,0.9685720358820485,485.35200646274757,693.4842617086695,38.787949041511354,31.395091961836066,2.4166620005977997,46.24,47.05
3501,58,21,23.285125225225222,77.4037745888587,built_up,0.12440606993905286,0.2186430904314045,12.754111427327693,0.4090881354940219,0.647460411205011,0.8567705112375614,0.31426302856556887,509.9985871810629,1155.905276134833,38.28135426482957,32.10194268062498,2.5913329037125674,43.92,41.82
3502,58,22,23.285125225225222,77.40475519009662,road,0.0931924820556222,0.10539635082677402,2.854901358147953,0.0,0.9714509864185205,0.9812238984297538,0.9715835450556278,497.85319299216803,1303.4054338918802,38.380716782613895,30.020802689785736,2.423807893946147,46.06,43.45
3503,58,23,23.285125225225222,77.40573579133455,built_up,0.10055264139032165,0.17146500080206964,13.534705491055387,0.47049365952829786,0.6058814323488823,0.8939731824210347,0.2958779289704031,493.98072065440107,423.7037336488372,38.288124666710736,33.245493804868524,2.786687032941601,43.7,44.01
3504,58,24,23.285125225225222,77.40671639257246,built_up,0.11291611300109732,0.15241441752488957,15.503813829549463,0.4713615925397198,0.5857129858076595,0.8184149272258618,0.3553600324715658,484.99662881251794,905.8251314732884,38.376023541942224,31.53361291600529,1.868359782607463,44.81,44.21
3505,58,25,23.285125225225222,77.40769699381039,built_up,-0.06082616590327321,0.14985561917419105,11.393204691185947,0.44966281809171166,0.6387534031376991,0.8034207902199012,0.32324573842358917,505.54093112711143,386.4524530179908,38.86270410510459,26.622239019524198,2.0118112485439807,45.07,43.88
3506,58,26,23.285125225225222,77.40867759504832,built_up,0.11034126138559779,0.11566333919139121,7.930826886662439,0.5196505275391208,0.6348839409868592,0.9164590378172393,0.32842128393604714,495.6058008357254,974.5626839872168,37.78568584071849,23.739806853968965,2.0852877347901475,45.28,44.94
3507,58,27,23.285125225225222,77.40965819628623,built_up,0.031396081908392846,0.12098457940588284,13.291224160248362,0.5636357138717756,0.5570881157680397,0.8322645100728935,0.3909241676731004,502.8231352013453,260.37468926214547,38.94165173748125,14.867416908022243,1.5001764815626897,44.72,47.34
3508,58,28,23.285125225225222,77.41063879752416,built_up,0.0785338352190634,0.13549843630817,15.85088989762687,0.5363513931188636,0.5464978348083562,0.8688399846373362,0.398570367497687,498.82911946654065,1653.6553506255082,38.57052994076872,27.441209396640975,1.419744824505588,46.3,45.1
3509,58,29,23.285125225225222,77.41161939876207,built_up,0.08602024794616224,0.17293023878371233,15.20219045702237,0.4976096385118638,0.5742927942482512,0.8129206067193373,0.3331782430999037,506.0180424991746,1539.1947121086816,38.3439658603481,23.600025546430928,1.3772883655987347,44.81,45.61
3510,58,30,23.285125225225222,77.4126,built_up,0.08950340842833322,0.13063126612879872,12.686849064319665,0.4480947354971464,0.6266794048333728,0.8363544261333333,0.42840133865100255,496.1961038989553,1345.8538315417284,38.508305234635685,24.809270176930653,1.5878311376491254,45.49,44.8
3511,58,31,23.285125225225222,77.41358060123792,built_up,0.08917545606603947,0.1032035852423804,9.051118950250856,0.4577312281708966,0.6577366350034983,0.7523652614237983,0.42321623107014494,497.10708231714983,870.8687247697623,38.13640961466542,27.390827888224692,2.971162003827717,44.18,42.87
3512,58,32,23.285125225225222,77.41456120247584,road,0.10338382335886777,0.10577841686403172,1.6276079340976382,0.0,0.9837239206590236,0.9822716718615357,0.9887391262851941,493.1054938295883,1357.8448794700519,37.847310602865875,33.59152111514727,3.2714495383336617,44.87,44.32
3513,58,33,23.285125225225222,77.41554180371377,built_up,-0.06499069232480219,0.17796514317140547,10.775030771523046,0.45565815045378294,0.641637709535189,0.8451023195262383,0.3110057278984203,491.58695731390344,1357.164566554742,38.14768870330031,21.957689822055514,1.7160884692916005,45.93,44.65
3514,58,34,23.285125225225222,77.41652240495168,road,0.06410012900103976,0.08344179576240648,1.3526593268137832,0.027894708753643388,0.9711313169173582,0.9610890451421797,0.8982601825659459,499.6996534922584,1282.5409440783133,37.741804276206516,28.11890177111308,1.9251897660538526,45.28,43.87
3515,58,35,23.285125225225222,77.4175030061896,road,0.02646809754110296,0.09222517808788894,1.1674234968005146,0.0632662250740918,0.9535293412412443,0.9414851567798156,0.9380796988920376,521.9451408102353,1249.9212459865305,37.95894313637205,22.994267574830737,0.8949373745996421,46.06,45.41
3516,58,36,23.285125225225222,77.41848360742753,grass,0.373991584974769,0.20567252267438216,0.0,0.01901966093974891,0.9895391864831381,0.11538635871911712,0.004540512591958305,514.8504879232993,1152.5049320939409,37.85089937279077,25.77462727177595,1.5967342974867276,34.88,33.9
3517,58,37,23.285125225225222,77.41946420866545,grass,0.4226561978299954,0.1833663466549013,0.0,0.0,1.0,0.09047159724392191,0.0,506.27187197316607,824.1171962413331,38.98952753372268,31.719406174799484,1.7143978885336244,34.0,33.87
3518,58,38,23.285125225225222,77.42044480990337,grass,0.5004120594982396,0.234744019832489,1.6137688733601898,0.04483745275381476,0.9592017122518,0.1996661722782124,0.0,506.7679942138854,1322.709907823337,37.98631554110651,24.606661227532587,1.9045921271251214,34.91,35.06
3519,58,39,23.285125225225222,77.4214254111413,road,0.09379682803085497,0.11332392578144078,2.9400282588396913,0.0,0.9705997174116031,0.9297845714622363,0.9272315903511819,499.40200230671195,1155.0433572000693,38.48350145858553,26.946517830118363,1.836338252688335,46.06,45.35
3520,58,40,23.285125225225222,77.42240601237921,tree,0.6755983640495147,0.15027382538151313,0.0,0.0,1.0,0.03559325340268708,0.017663744289537934,503.52829159759324,1224.3877008724571,38.94669466750418,28.564088721645984,2.3288553077182743,33.33,33.9
3521,58,41,23.285125225225222,77.42338661361714,grass,0.5576038890646888,0.2443712003080373,1.8432833823576902,0.018235090024522987,0.9715378666629355,0.12678625872602223,0.021170412011476535,500.7969726294854,2111.660432755848,38.84003553589954,30.80471159193789,2.6346290022291536,32.94,32.34
3522,58,42,23.285125225225222,77.42436721485505,bare_soil,0.11579672583189966,0.24004404827183545,1.7420198951447556,0.04376043289120532,0.9585115629583896,0.2077261715433672,0.0,510.29285114326194,1276.5797323245215,38.381945576725684,25.80843020894092,1.7340591422362013,37.91,37.77
3523,58,43,23.285125225225222,77.42534781609298,bare_soil,0.10138449236177952,0.31564177406809957,0.0,0.0055930613941527355,0.996923816233216,0.17296033381945236,0.069685849337458,501.94306319675644,740.8278423541042,38.38376948368881,33.04312002298081,3.058387767696347,37.25,35.3
3524,58,44,23.285125225225222,77.42632841733091,tree,0.7882940831461731,0.1062290365928047,1.2697542734343936,0.0,0.987302457265656,0.026878117867197487,0.010372906882251532,507.2808991889111,2287.143417544365,38.57206030090133,26.21947341717347,2.395172917424853,32.02,32.09
3525,58,45,23.285125225225222,77.42730901856882,road,-0.07677317678377282,0.12338912700994378,5.506140317496673,0.0,0.9449385968250332,0.9482500484138751,0.959437849817772,506.630680100609,1527.242118100703,39.344891295148294,29.937412521002585,2.6727756559802174,49.6,51.63
3526,58,46,23.285125225225222,77.42828961980675,road,0.008477873940147991,0.08592389111485985,3.290324861343686,0.0,0.9670967513865631,0.8841907472135792,0.8918641792150974,495.3908814027634,1958.3931042853594,38.665218889512076,27.240341786407754,1.9107880272885345,44.85,45.57
3527,58,47,23.285125225225222,77.42927022104467,road,-0.04130172284675741,0.15565754497743,3.267047248659903,0.011261557753857713,0.9611356707487793,0.8525452875888598,0.9026376275133146,494.93170997292185,2091.849656952285,38.76728796632552,30.96362181449277,2.488578418056993,46.05,45.89
3528,58,48,23.285125225225222,77.43025082228259,grass,0.41584992906753426,0.1968120348983301,0.47075488025004114,0.0,0.9952924511974995,0.09876892522256922,0.0,521.5019982423447,782.6762370253257,39.40655872101665,36.11003033388782,2.4674512368815233,35.65,34.61
3529,58,49,23.285125225225222,77.43123142352052,grass,0.5657960799319425,0.18579498966194127,0.6569385428909786,0.025015699993625913,0.979671979574596,0.10708822888448555,0.03321603150554879,506.89165227283627,1465.762864497584,38.61113054654839,26.889600505091767,3.0555025769875663,34.13,35.6
3530,58,50,23.285125225225222,77.43221202475843,grass,0.439625858048323,0.19976700297835528,0.0,0.0,1.0,0.09011175530188652,0.03304798090381533,488.7254230865922,759.4526472038701,38.95914357987454,27.935937842351724,2.591615762101279,34.52,34.38
3531,58,51,23.285125225225222,77.43319262599636,tree,0.7699064257978626,0.11248746323203981,2.992580026749596,0.0,0.9700741997325041,0.1334735897814483,0.06904862182222139,497.380800514367,1178.091296119986,38.691090103474124,26.271889920972207,2.6797589098451366,32.61,32.0
3532,58,52,23.285125225225222,77.43417322723428,tree,0.815595650747076,0.21819702775301714,2.431850479607418,0.05720956231776271,0.9442162359291563,0.0,0.028211892007282437,493.83698638691953,750.5594983079533,38.68526303152086,25.65620994748177,1.840586105758425,30.29,29.71
3533,58,53,23.285125225225222,77.4351538284722,road,0.03983326492109771,0.0975847224624839,0.0,0.0,1.0,0.9172761443008297,1.0,501.24661221936975,603.7934500080133,38.11466443312915,25.20281277391883,2.917553853612749,44.73,46.6
3534,58,54,23.285125225225222,77.43613442971012,road,0.040918254805700015,0.155641693919923,2.3968187033377344,0.0,0.9760318129666227,0.9552646254409823,0.9117169774738083,494.061969300289,1012.6293293665306,38.0483391652346,27.925412667820638,1.4205564041159653,43.75,43.64
3535,58,55,23.285125225225222,77.43711503094804,road,-0.058096305028038,0.09668059672328407,0.8599464411880204,0.0,0.9914005355881198,0.9908676696936659,1.0,514.6853225668689,1327.7331928099206,38.295073417161255,24.89208666390716,1.849791212309826,47.34,47.75
3536,58,56,23.285125225225222,77.43809563218596,tree,0.7728109301056555,0.1750006081699101,0.0,0.0,1.0,0.054330618628155004,0.063375291284933,489.80464072809593,1237.1936671114493,38.852774086770395,25.01346230371262,2.3687807189102195,32.05,31.87
3537,58,57,23.285125225225222,77.43907623342389,grass,0.42987950515132084,0.22740636641649795,0.6569142355547748,0.026861778921277085,0.9786568792377499,0.1948491118017324,0.0,492.5963802567131,1523.8645767108105,38.833786462065724,15.337995503483619,1.4954988401318465,36.17,36.11
3538,58,58,23.285125225225222,77.4400568346618,grass,0.5371634123701251,0.1761286607336452,0.8284309023427395,0.0,0.9917156909765726,0.1427144084945924,0.05512760446161583,500.3881344945219,1663.761321569602,39.03327451188549,33.539804949220304,1.640637753732116,35.61,35.23
3539,58,59,23.285125225225222,77.44103743589973,grass,0.41050331678217794,0.24400672881743582,3.4663088282018837,0.005008025453735301,0.9625824977184267,0.07960236441002277,0.024193917029021142,506.31765308700386,1419.2424436382098,38.495558526085,34.57520888532991,1.6217507799651747,36.87,38.15
3540,59,0,23.286026126126124,77.38318196286234,bare_soil,0.048021390776028794,0.30856314348707103,0.0,0.021224701846510485,0.9883264139844192,0.10668190577170333,0.014326031518566266,499.4536315796523,496.635734715721,38.71509676607568,30.595031294042307,2.4158649498765845,37.02,37.06
3541,59,1,23.286026126126124,77.38416256410027,bare_soil,0.13996887041547348,0.2469591893007735,0.2118798226304329,0.0,0.9978812017736957,0.12597217861090204,0.0,492.27445090745215,1951.206411781517,38.71679823686378,24.50447183221239,2.102844013503441,36.5,35.23
3542,59,2,23.286026126126124,77.38514316533819,bare_soil,0.17014893267655207,0.34583504279056687,0.0,0.0,1.0,0.20674364645803117,0.0,495.3394956800581,1467.3878495952802,38.4570023150094,22.946049951062115,2.7782392582668396,38.0,38.35
3543,59,3,23.286026126126124,77.3861237665761,bare_soil,0.16221651707023554,0.216635769417791,0.0,0.0,1.0,0.19230844526191626,0.027305200105807635,508.9355346182453,1203.8412541472028,38.37138613032106,21.741991567954514,3.328354197595345,35.55,35.45
3544,59,4,23.286026126126124,77.38710436781403,bare_soil,0.12637635361134203,0.22953625777907247,0.0,0.010357098472253072,0.9943035958402608,0.1320492782773688,0.059480482651236184,504.18813126271095,949.3443613749071,37.906000698921275,30.556638750096184,2.3568798243123656,35.9,36.24
3545,59,5,23.286026126126124,77.38808496905196,water,-0.18892983174501865,0.05842108151907366,0.0,0.0,1.0,0.0,0.0,505.85808632023094,0.0,38.43898617419094,25.06119007915654,1.8931131804888284,36.61,36.31
3546,59,6,23.286026126126124,77.38906557028987,road,0.05669301166911585,0.1001677199796458,1.5307917289525552,0.0,0.9846920827104745,0.994049573374538,0.9548052523338556,510.89855551179255,1644.078126803257,38.45839979244395,28.664348507881662,2.4061756672241503,46.1,45.61
3547,59,7,23.286026126126124,77.3900461715278,built_up,0.09536042826541814,0.09590335156008628,8.515810759069351,0.30515084356594624,0.747008928448036,0.8088897414672518,0.35062026812341235,501.92656862842233,1486.870751677823,38.95375493582169,31.431311593916124,1.4943301071837696,45.79,46.59
3548,59,8,23.286026126126124,77.39102677276571,built_up,0.15568663316442663,0.15450647791895106,6.92111802724992,0.3632439960581828,0.7310046218955003,0.87921887172118,0.4004875608971564,498.7664671171595,1257.3292543475138,38.99319674139769,29.77938706212778,1.929195597390366,45.23,46.9
3549,59,9,23.286026126126124,77.39200737400364,built_up,0.1447337935932575,0.14535750068196335,6.15193415017724,0.2701934894647081,0.7898742392926381,0.9420388468065074,0.2814508924292521,498.66230487424565,1754.2775993050222,38.55828533225502,24.916474282298644,3.36826858966457,46.42,44.75
3550,59,10,23.286026126126124,77.39298797524157,built_up,-0.02587642670109916,0.10755318148650417,7.183476039963564,0.4583759625213334,0.676058460213631,0.9509077039437828,0.3206331309066461,504.63598605597696,1450.4247080957837,39.325353271641795,32.03786943374051,1.8088636142251027,47.88,47.95
3551,59,11,23.286026126126124,77.39396857647948,built_up,0.06315240181918008,0.09119670522136275,16.216280871935883,0.2847521199074312,0.681223525331554,0.8606052535572123,0.3240960917235534,508.0644905658354,1703.5853918564922,38.57599479370644,31.78228433636583,2.077912471262656,46.5,46.01
3552,59,12,23.286026126126124,77.39494917771741,built_up,0.02127119491821803,0.11629619407592465,6.714207782887069,0.39226438689096105,0.7171125093811007,0.8855438640376531,0.3323334359403906,498.0415662692323,2219.3248278947212,38.91316812727287,24.038064500286367,1.8651098938724415,47.92,47.1
3553,59,13,23.286026126126124,77.39592977895532,road,0.08617425840957844,0.15043294175717037,0.0,0.027359602031247227,0.984952218882814,0.9925686218650447,0.8999205869806063,491.6488171597003,1141.5712437060672,38.45997034925566,31.228422579616385,1.9424877716438365,46.01,44.07
3554,59,14,23.286026126126124,77.39691038019325,road,-0.050519731935121256,0.08603899290875025,0.0,0.0286759623019542,0.9842282207339252,0.9446597007214101,0.9321105041359019,508.1946824073932,354.6736078012259,38.04393968408431,27.409575416672173,2.4728417476783413,44.68,45.0
3555,59,15,23.286026126126124,77.39789098143117,road,0.04363718403327074,0.1216821113979832,1.0420717897055467,0.0,0.9895792821029445,0.9267568533007865,1.0,493.14803656970935,664.9569050377627,38.329912280924546,26.956443750670825,1.431462766790439,44.98,44.54
3556,59,16,23.286026126126124,77.39887158266909,road,0.0312120739278545,0.08782632823879954,2.6270097794097387,0.0,0.9737299022059026,1.0,0.9679509867663221,496.8943158429827,1767.8321722596759,39.089620390422446,29.562433771087736,2.0782178383564687,48.48,47.99
3557,59,17,23.286026126126124,77.39985218390702,road,-0.009050222072095139,0.10039570590791583,1.3228977847878476,0.011331241490177028,0.9805388393325242,0.946315671825336,0.8885459921855292,499.85085197224345,835.3290898730284,38.3943191811232,29.438851982562042,1.374745743910082,44.91,45.99
3558,59,18,23.286026126126124,77.40083278514494,built_up,0.08177874541715753,0.12737078734225019,9.520939772725523,0.40473260589492377,0.6821876690305366,0.8463287779622893,0.3778003836756875,503.38551148729186,2234.9052044700575,38.31340073597879,31.554742190738896,2.729204832850721,44.94,44.54
3559,59,19,23.286026126126124,77.40181338638286,built_up,0.08848615752944951,0.11981206972441326,10.996422930971367,0.4513347729445557,0.6418016455707807,0.9001712826078146,0.40365880241604474,491.8639656477497,1817.6054717130708,38.4983736534133,24.602784341236333,2.3922419617334745,45.99,45.56
3560,59,20,23.286026126126124,77.40279398762078,road,0.027238758943562386,0.08219147262236573,0.0,0.06053775869790619,0.9667042327161516,1.0,0.9015182607555383,490.3636527315057,551.4927985052498,38.34420116478211,30.262396288297793,1.7159351997701675,45.65,44.45
3561,59,21,23.286026126126124,77.4037745888587,built_up,0.03610771045216544,0.14232348951162724,8.768740498456605,0.40995032589709446,0.686839915772032,0.9201017968500801,0.4147123277496252,512.4037863487101,261.38453774560287,38.97750362615855,15.360113921913076,0.9504014683545996,45.84,45.02
3562,59,22,23.286026126126124,77.40475519009662,built_up,0.18042333200559657,0.14275091972081647,11.853359873030868,0.48645762366081097,0.6139147082562453,0.8851729566451948,0.2752528783871355,495.1002704032522,967.8476343598663,39.2541818794324,27.284984963259458,2.1090284050082935,45.32,46.64
3563,59,23,23.286026126126124,77.40573579133455,built_up,0.0001840125815756738,0.16991470612399162,15.321848725386673,0.4377298080395297,0.6060301183243919,0.8649296401175931,0.3495487005887672,500.7932270297542,1702.6419100100416,38.50237395821894,27.55168835776857,1.8312098571190807,46.08,46.63
3564,59,24,23.286026126126124,77.40671639257246,built_up,-0.025929913162827098,0.15458309850879715,11.811888045985471,0.4054192348160193,0.6589005403913346,0.824832372750764,0.4232948193897429,489.3799936434737,1053.3370433361215,38.71618227222578,31.8801850054893,3.0624108264864875,45.37,46.53
3565,59,25,23.286026126126124,77.40769699381039,built_up,0.17776920684473008,0.10189610773036792,10.691023293411515,0.4456235150326512,0.6479968337979267,0.8706330144788443,0.34678750645944023,492.8370916866096,1356.0473337118385,38.88875004607225,28.03705268665549,2.6128585047843718,45.14,44.38
3566,59,26,23.286026126126124,77.40867759504832,built_up,0.07396383258066948,0.15883268171166184,14.181145003865078,0.3711835943876649,0.6540375730481335,0.9016564900721166,0.33981483244302046,506.6016864313762,1374.9458942751717,38.54341926331057,26.952637361525046,2.2239054093979993,45.85,46.18
3567,59,27,23.286026126126124,77.40965819628623,built_up,0.19124493559049255,0.1401876222381592,10.895247295986884,0.4214003431663029,0.6592773382986645,0.7981452981630632,0.3823240786469401,491.1886442706093,1524.2852284887024,38.148835164962975,33.703717416754124,1.6264168310609568,42.75,43.69
3568,59,28,23.286026126126124,77.41063879752416,built_up,0.0665901599023671,0.08710324155410745,15.64688508641162,0.27937094501758714,0.6898771293762108,0.8459120605205168,0.3593583481049391,481.5516159394767,1342.8190685624631,38.33622295779248,26.284013483080482,1.7896055191329845,45.67,46.19
3569,59,29,23.286026126126124,77.41161939876207,built_up,0.03981272437907927,0.1325444380493754,15.297366979741374,0.45596745638153346,0.5962442291927428,0.8324718359303961,0.34318161637019656,514.2088276864628,1323.0379917552812,38.664809181118315,26.11539071431308,1.9966854794270057,45.68,47.1
3570,59,30,23.286026126126124,77.4126,built_up,0.026974234983044056,0.12535048342498623,8.969211872384081,0.4264693877389188,0.6757497180197538,0.9303946774798281,0.34334665190366764,489.30389705464273,1335.707582739004,38.65752487045242,20.49401827407422,2.1000508246029725,46.75,47.11
3571,59,31,23.286026126126124,77.41358060123792,built_up,0.05644531772767461,0.15684230155846846,11.33384352332183,0.5210949665985716,0.6000593331375673,0.8044676999302146,0.30339351082430716,507.5008031305708,118.95349445652278,37.78312458255347,19.132536185191995,1.4913779503719793,43.58,43.58
3572,59,32,23.286026126126124,77.41456120247584,built_up,0.06968402638782553,0.16401842621823057,6.4402154103855525,0.4513940659858357,0.6873311096039348,0.7752025721308093,0.2762062270690568,491.47247098101855,1030.495951569327,38.32535159531756,24.241265540869207,1.2087748542390229,43.25,41.13
3573,59,33,23.286026126126124,77.41554180371377,built_up,0.03764746756934766,0.17321200245163607,12.109502016446983,0.4226008458692044,0.6464745146074677,0.7845048058818842,0.35896436356693756,516.4711914675077,773.1628764240645,38.205197169040126,26.997082652697276,2.882231196653945,45.04,45.42
3574,59,34,23.286026126126124,77.41652240495168,built_up,0.044866892334583706,0.10817856183521297,14.832358222648608,0.49184585001960585,0.5811612002627307,0.8276864478863907,0.32603823264333537,492.4491750212403,983.3538387199542,38.85291671262677,28.959833092803624,1.8483335265685619,47.31,47.85
3575,59,35,23.286026126126124,77.4175030061896,road,0.09119274168674314,0.11124575137848687,3.2191182578817528,0.0,0.9678088174211825,0.8643641462599065,1.0,501.71666544461846,1521.6091430963404,38.220703626616796,23.659588235841547,2.422908216055288,45.22,46.25
3576,59,36,23.286026126126124,77.41848360742753,grass,0.4027490812858242,0.1791237058273456,0.3868709759655141,0.0,0.9961312902403449,0.08664693694038045,0.07089245828716487,503.58776567594686,1265.0666676189242,38.31554134780884,24.70807955787871,1.6829305786355728,34.87,34.15
3577,59,37,23.286026126126124,77.41946420866545,grass,0.5546243627565637,0.23126025671761527,0.0,0.0,1.0,0.19626589769939962,0.017622527781057065,514.912768213597,1655.622969614411,38.30156341405623,21.602163895869186,3.0197183747051666,35.12,35.09
3578,59,38,23.286026126126124,77.42044480990337,grass,0.42549145066709176,0.18758511019353402,0.8497343423038062,0.06352500106654778,0.9565639059903607,0.02106807651686235,0.03481549947166923,483.6688947013429,981.0863985303088,38.816532677504846,25.960748693103177,2.774981557267977,34.61,33.18
3579,59,39,23.286026126126124,77.4214254111413,road,-0.06928396872454251,0.1268670742544041,0.0,0.057901813616256376,0.968154002511059,0.9529754138176557,0.9247371103033281,487.07867584901186,1354.3614255355315,38.887537732668555,24.222063677071727,2.2077989059167735,47.64,46.19
3580,59,40,23.286026126126124,77.42240601237921,tree,0.7495260570840921,0.20819233078197602,1.638003322625488,0.02006348664822479,0.9725850491172214,0.07979255799013439,0.04787324799743032,507.261254588511,403.85437739881456,38.69742942029819,36.57676689784564,2.3005600809255267,31.22,31.68
3581,59,41,23.286026126126124,77.42338661361714,tree,0.6922909162055902,0.13130827907299733,0.8303343535297938,0.08149797501615604,0.9468727702058163,0.09481706817409088,0.0,504.0433080928797,1351.7385768562638,38.94256377332883,34.016153787263825,2.3206045399175035,33.01,34.15
3582,59,42,23.286026126126124,77.42436721485505,bare_soil,0.13398777936975675,0.24089962524035086,3.287838982538201,0.0,0.967121610174618,0.18166282342838982,0.048365670851927826,497.012670188301,1227.3444206864228,38.9941660673327,33.36736523215634,2.2292026957935107,38.72,39.89
3583,59,43,23.286026126126124,77.42534781609298,bare_soil,0.12717636462880078,0.28197740208571326,0.2876381795243992,0.01069593522766697,0.9912408538295392,0.2037351310612022,0.0,487.5996623947425,1697.952670264126,37.77587654388794,22.820859782213223,2.5258624605685744,38.38,38.77
3584,59,44,23.286026126126124,77.42632841733091,tree,0.7826267250510758,0.19012420447170236,0.8228071049794506,0.0,0.9917719289502055,0.0,0.010052460967473314,484.8211825148388,1303.0236510819345,38.73676454009845,27.29053893682968,2.4179672539756103,31.24,33.08
3585,59,45,23.286026126126124,77.42730901856882,road,0.10825435066304039,0.09151584312206647,0.0,0.0,1.0,0.9822126020303842,0.9486707870517676,491.84695554400327,1679.7589779079253,38.352080527440634,23.18723933014226,2.0944583969648,45.66,45.31
3586,59,46,23.286026126126124,77.42828961980675,road,0.1921421883728944,0.1456957655481484,0.0,0.0,1.0,0.9543220393476975,0.9286330826892036,507.6652531410254,1737.6565492998425,37.99730063785142,35.37128868991435,1.4988528565413541,44.17,44.98
3587,59,47,23.286026126126124,77.42927022104467,tree,0.6498282293831449,0.1909894623727229,2.7778135272505846,0.0,0.9722218647274942,0.0394233092716934,0.047839307065905695,505.7953433348561,1465.318310716424,38.372106207359856,31.324332224477892,2.160520788959329,31.76,30.57
3588,59,48,23.286026126126124,77.43025082228259,grass,0.4652537253124271,0.2316576278150884,0.0,0.0,1.0,0.022169276246259556,0.05382245720035518,500.865576682068,1493.1612629043254,38.79234428649758,23.78965684786466,2.650155699100276,33.35,30.52
3589,59,49,23.286026126126124,77.43123142352052,grass,0.4002672425070871,0.22307757831255332,0.1966000651705424,0.0639503659363965,0.9628612980832766,0.14258774656878545,0.0004015810003433172,504.036423541437,907.1663208665768,39.082098914757246,29.477894757603163,2.564621732895703,35.63,35.2
3590,59,50,23.286026126126124,77.43221202475843,grass,0.29322120770670346,0.271778531861132,0.0,0.05197315588277275,0.971414764264475,0.06693284737865737,0.0,495.6272570721249,1422.7181588251929,37.96196005892912,22.069750493054713,2.9532897381664105,34.46,34.35
3591,59,51,23.286026126126124,77.43319262599636,tree,0.7305687940405531,0.19493090085962397,0.0,0.0020213536189403,0.9988882555095828,0.007841442175834316,0.07877191570063936,489.4879948744321,901.733795344931,38.74736631808528,27.454066604970933,3.049583612644129,31.51,31.72
3592,59,52,23.286026126126124,77.43417322723428,tree,0.694594546852784,0.25166795578409623,1.9170783681242223,0.0,0.9808292163187577,0.09110955490521641,0.04063319658921735,502.18995586395533,1677.4700487910604,39.286251582497144,27.297748320153314,2.600876181752928,33.35,33.18
3593,59,53,23.286026126126124,77.4351538284722,road,0.03348429132973347,0.11512393181721753,0.0,0.07215494665975905,0.9603147793371325,0.957624745685783,0.9005109696049091,495.9654110045662,1114.8730064244075,39.23230146001614,30.95859008018323,2.275757162888002,46.45,46.78
3594,59,54,23.286026126126124,77.43613442971012,built_up,0.03192587611670635,0.1633294969987177,12.098221832357915,0.23904953463967588,0.7475405376245992,0.8242612045065492,0.332275811892507,498.62283712344544,2217.865037627701,37.11867795990458,31.951358840268014,2.1631248311768565,43.89,45.46
3595,59,55,23.286026126126124,77.43711503094804,built_up,0.031185280934688593,0.18687236416061345,9.126859492484162,0.40723021811802823,0.6847547851102428,0.8344521523177874,0.3328767319447946,499.818901323652,2029.0842677996047,39.371552028734456,28.08129590900803,1.6214169300644588,46.77,47.43
3596,59,56,23.286026126126124,77.43809563218596,road,0.03949898064687403,0.11627757461874345,1.5917442285823815,0.0,0.9840825577141762,0.9968344054248495,0.9248740771771722,511.7701227499653,1610.9661884389916,38.88441644144427,27.103997462086312,2.6625054197807696,46.97,46.28
3597,59,57,23.286026126126124,77.43907623342389,tree,0.7615635887491555,0.11882019184236724,1.766829813676597,0.0,0.982331701863234,0.0,0.023799173706518233,487.85369751679514,1726.228348238354,37.5770469088691,15.058954193953936,2.9730437476870155,30.58,28.32
3598,59,58,23.286026126126124,77.4400568346618,grass,0.5360382622513843,0.16628292558644248,0.0,0.0,1.0,0.0005214515427125199,0.06666016022789245,505.00568347922786,2453.219650000404,38.19373561120357,34.248495516939045,2.824976615530079,33.38,32.41
3599,59,59,23.286026126126124,77.44103743589973,grass,0.47977004532488565,0.1936300077285146,1.285839847839188,0.06424035495924424,0.9518094062940238,0.0767565070866462,0.06409656014160336,481.1607264963271,2197.5335041623457,39.00310563150454,25.369636059012688,2.4849738052928547,34.64,35.85
